{
  "labels": {
    "series": ["Clinical Advisor", "GP/ANP", "Health Advisor", "Service Advisor"],
    "axis": {
      "x": "Week starting",
      "y": "Call Volume"
    }
  },
  "series": [{
    "period": "2020-05-27",
    "values": [872.71, 1302.33, 2728.96, 0]
  }, {
    "period": "2020-06-03",
    "values": [1863.65, 3577.69, 7178.66, 0]
  }, {
    "period": "2020-06-10",
    "values": [1720.32, 3640.68, 7279, 0]
  }, {
    "period": "2020-06-17",
    "values": [2013.14, 3697.41, 7714.45, 0]
  }, {
    "period": "2020-06-24",
    "values": [1838.23, 3822.88, 7769.89, 0]
  }, {
    "period": "2020-07-01",
    "values": [1764.35, 3479.06, 7087.59, 0]
  }, {
    "period": "2020-07-08",
    "values": [1457.03, 3591.99, 6807.98, 0]
  }, {
    "period": "2020-07-15",
    "values": [1457.73, 3657.04, 6833.23, 0]
  }, {
    "period": "2020-07-22",
    "values": [1533.67, 3594.98, 6916.35, 0]
  }, {
    "period": "2020-07-29",
    "values": [1664.29, 3863.93, 7905.78, 0]
  }, {
    "period": "2020-08-05",
    "values": [1594.16, 3526.38, 7164.46, 0]
  }, {
    "period": "2020-08-12",
    "values": [1773.95, 3432.55, 6796.6, 7.9]
  }, {
    "period": "2020-08-19",
    "values": [1611.23, 3542.58, 7225.76, 22.43]
  }, {
    "period": "2020-08-26",
    "values": [2064.16, 3776.6, 8524.31, 37.93]
  }, {
    "period": "2020-09-02",
    "values": [1946.75, 3045.18, 6862.14, 24.93]
  }, {
    "period": "2020-09-09",
    "values": [1766.46, 3266.4, 6805.35, 20.79]
  }, {
    "period": "2020-09-16",
    "values": [1996.17, 3500.9, 7562.37, 23.56]
  }, {
    "period": "2020-09-23",
    "values": [1884.25, 3488.05, 7091.53, 22.17]
  }, {
    "period": "2020-09-30",
    "values": [222.63, 424.71, 950.65, 5.01]
  }]
}