{
  "labels": {
    "series": ["Clinical Advisor", "GP/ANP", "Health Advisor", "Service Advisor"],
    "axis": {
      "x": "Week starting",
      "y": "Call Volume"
    }
  },
  "series": [{
    "period": "2020-05-27",
    "values": [497.52, 736.04, 1561.44, 0]
  }, {
    "period": "2020-06-03",
    "values": [1056.23, 2041.39, 4094.38, 0]
  }, {
    "period": "2020-06-10",
    "values": [980.91, 2069.25, 4152.84, 0]
  }, {
    "period": "2020-06-17",
    "values": [1154.38, 2100.1, 4396.52, 0]
  }, {
    "period": "2020-06-24",
    "values": [1050.57, 2181.71, 4421.72, 0]
  }, {
    "period": "2020-07-01",
    "values": [1004.18, 1983.6, 4039.22, 0]
  }, {
    "period": "2020-07-08",
    "values": [840.61, 2039.55, 3876.84, 0]
  }, {
    "period": "2020-07-15",
    "values": [828.37, 2081.91, 3898.72, 0]
  }, {
    "period": "2020-07-22",
    "values": [878.24, 2037.83, 3947.93, 0]
  }, {
    "period": "2020-07-29",
    "values": [942.75, 2210.21, 4503.04, 0]
  }, {
    "period": "2020-08-05",
    "values": [909.5, 2005.49, 4086.01, 0]
  }, {
    "period": "2020-08-12",
    "values": [1009.88, 1948.97, 3881.38, 4.77]
  }, {
    "period": "2020-08-19",
    "values": [921.73, 2016.65, 4115.76, 13.86]
  }, {
    "period": "2020-08-26",
    "values": [1169.23, 2156.81, 4859.09, 22.87]
  }, {
    "period": "2020-09-02",
    "values": [1104.63, 1737.42, 3913.21, 14.74]
  }, {
    "period": "2020-09-09",
    "values": [1003.76, 1855.64, 3887.14, 11.46]
  }, {
    "period": "2020-09-16",
    "values": [1130.98, 1993.53, 4318.18, 13.31]
  }, {
    "period": "2020-09-23",
    "values": [1076.23, 1983.48, 4042.64, 12.65]
  }, {
    "period": "2020-09-30",
    "values": [128.15, 239.56, 542.5, 2.79]
  }]
}