{
  "labels": {
    "series": ["Clinical Advisor", "GP/ANP", "Health Advisor", "Service Advisor"],
    "axis": {
      "x": "Week starting",
      "y": "Call Volume"
    }
  },
  "series": [{
    "period": "2020-05-27",
    "values": [531.18, 972.12, 2284.7, 0]
  }, {
    "period": "2020-06-03",
    "values": [1716.64, 2124.71, 6337.65, 0]
  }, {
    "period": "2020-06-10",
    "values": [1730.03, 2156, 6573.97, 0]
  }, {
    "period": "2020-06-17",
    "values": [1771.53, 2218.45, 6911.02, 0]
  }, {
    "period": "2020-06-24",
    "values": [1778.27, 2259.58, 6735.15, 0]
  }, {
    "period": "2020-07-01",
    "values": [1699.7, 2232.51, 6936.79, 0]
  }, {
    "period": "2020-07-08",
    "values": [1713.88, 2229.83, 7067.29, 0]
  }, {
    "period": "2020-07-15",
    "values": [1700.41, 2125.19, 6655.4, 0]
  }, {
    "period": "2020-07-22",
    "values": [1758.95, 2135.11, 6522.94, 0]
  }, {
    "period": "2020-07-29",
    "values": [1569.93, 2272.8, 6055.61, 208.66]
  }, {
    "period": "2020-08-05",
    "values": [1462.75, 2146.5, 5472.06, 264.69]
  }, {
    "period": "2020-08-12",
    "values": [1400.24, 2150.17, 5611.83, 309.76]
  }, {
    "period": "2020-08-19",
    "values": [1383.18, 2346.03, 6106.58, 302.21]
  }, {
    "period": "2020-08-26",
    "values": [1670.15, 2739.65, 7260.02, 228.18]
  }, {
    "period": "2020-09-02",
    "values": [1423.93, 2112.1, 5827.46, 216.51]
  }, {
    "period": "2020-09-09",
    "values": [1449.69, 2181.07, 5813.27, 269.97]
  }, {
    "period": "2020-09-16",
    "values": [1461.79, 2354.22, 6351.64, 296.35]
  }, {
    "period": "2020-09-23",
    "values": [1566.86, 2206.38, 6409.41, 283.35]
  }, {
    "period": "2020-09-30",
    "values": [167.95, 276.68, 933.53, 47.84]
  }]
}