{"nodes":[{"layer":1,"name":"Pathways Non-Clinician","fill":"#9E0142","label":"Initial Skillset"},{"layer":1,"name":"Pathways GP","fill":"#9E0142","label":"Initial Skillset"},{"layer":1,"name":"Pathways Clinician","fill":"#9E0142","label":"Initial Skillset"},{"layer":1,"name":"Service Advisor","fill":"#9E0142","label":"Initial Skillset"},{"layer":2,"name":"Pathways GP","fill":"#F46D43","label":"Final Skillset"},{"layer":2,"name":"Pathways Non-Clinician","fill":"#F46D43","label":"Final Skillset"},{"layer":2,"name":"Pathways Clinician","fill":"#F46D43","label":"Final Skillset"},{"layer":2,"name":"OLC Clinician (Advice)","fill":"#F46D43","label":"Final Skillset"},{"layer":3,"name":"","fill":"#FEE08B","label":"Service Type"},{"layer":3,"name":"Eye Casualty","fill":"#FEE08B","label":"Service Type"},{"layer":3,"name":"Emergency Department (ED)","fill":"#FEE08B","label":"Service Type"},{"layer":3,"name":"UCC","fill":"#FEE08B","label":"Service Type"},{"layer":3,"name":"Urgent Treatment Centre (UTC)","fill":"#FEE08B","label":"Service Type"},{"layer":3,"name":"GP Out of Hours Provider (OOH)","fill":"#FEE08B","label":"Service Type"}],"links":[{"source":0,"target":4,"value":72,"fill":"#8DD3C7","dx":"Other Service","supply":[{"label":"00 Hours","value":2},{"label":"01 Hours","value":3},{"label":"02 Hours","value":1},{"label":"04 Hours","value":2},{"label":"05 Hours","value":1},{"label":"06 Hours","value":1},{"label":"07 Hours","value":2},{"label":"08 Hours","value":1},{"label":"09 Hours","value":7},{"label":"10 Hours","value":2},{"label":"11 Hours","value":5},{"label":"13 Hours","value":3},{"label":"14 Hours","value":2},{"label":"15 Hours","value":3},{"label":"16 Hours","value":5},{"label":"17 Hours","value":1},{"label":"18 Hours","value":15},{"label":"19 Hours","value":7},{"label":"20 Hours","value":6},{"label":"21 Hours","value":1},{"label":"22 Hours","value":1},{"label":"23 Hours","value":1}],"supplyDx":[{"label":"Dx02: 5.24 (A&E)","value":37},{"label":"Dx03: 5.24 (A&E)","value":16},{"label":"Dx05: 5.25a (Contact Primary care)","value":14},{"label":"Dx06: 5.25a (Contact Primary care)","value":3},{"label":"Dx08: 5.25a (Contact Primary care)","value":1},{"label":"Dx108: 5.27c (Non Clinical)","value":1}],"supplySG":[{"Symptom_Group_Code":"1000","Symptom_Group_Description":"Abdominal or Flank Injury; Blunt (6.4)","Symptom_Discriminator_Code":"4052","Symptom_Descriminator_Description":"ED full ED assessment and management capability","value":1},{"Symptom_Group_Code":"1004","Symptom_Group_Description":"Abdominal Pain (6.4)","Symptom_Discriminator_Code":"4052","Symptom_Descriminator_Description":"ED full ED assessment and management capability","value":3},{"Symptom_Group_Code":"1006","Symptom_Group_Description":"Abdominal; Flank; Groin or Back Pain or Swelling (6.4)","Symptom_Discriminator_Code":"4003","Symptom_Descriminator_Description":"PC full Primary Care assessment and prescribing capability","value":1},{"Symptom_Group_Code":"1009","Symptom_Group_Description":"Alcohol Intoxication (6.4)","Symptom_Discriminator_Code":"4052","Symptom_Descriminator_Description":"ED full ED assessment and management capability","value":1},{"Symptom_Group_Code":"1012","Symptom_Group_Description":"Ankle or Foot Injury; Penetrating (6.4)","Symptom_Discriminator_Code":"4052","Symptom_Descriminator_Description":"ED full ED assessment and management capability","value":1},{"Symptom_Group_Code":"1014","Symptom_Group_Description":"Arm Injury; Blunt (6.4)","Symptom_Discriminator_Code":"4052","Symptom_Descriminator_Description":"ED full ED assessment and management capability","value":1},{"Symptom_Group_Code":"1025","Symptom_Group_Description":"Blood in Urine (6.4)","Symptom_Discriminator_Code":"4003","Symptom_Descriminator_Description":"PC full Primary Care assessment and prescribing capability","value":1},{"Symptom_Group_Code":"1034","Symptom_Group_Description":"Breathing Problems; Breathlessness or Wheeze (6.4)","Symptom_Discriminator_Code":"4052","Symptom_Descriminator_Description":"ED full ED assessment and management capability","value":7},{"Symptom_Group_Code":"1036","Symptom_Group_Description":"Bringing Up Blood (6.4)","Symptom_Discriminator_Code":"4052","Symptom_Descriminator_Description":"ED full ED assessment and management capability","value":2},{"Symptom_Group_Code":"1037","Symptom_Group_Description":"Burn; Chemical (6.4)","Symptom_Discriminator_Code":"4052","Symptom_Descriminator_Description":"ED full ED assessment and management capability","value":1},{"Symptom_Group_Code":"1039","Symptom_Group_Description":"Chest and Upper Back Pain (6.4)","Symptom_Discriminator_Code":"4052","Symptom_Descriminator_Description":"ED full ED assessment and management capability","value":1},{"Symptom_Group_Code":"1047","Symptom_Group_Description":"Cough (6.4)","Symptom_Discriminator_Code":"4052","Symptom_Descriminator_Description":"ED full ED assessment and management capability","value":3},{"Symptom_Group_Code":"1052","Symptom_Group_Description":"Dental Injury (6.4)","Symptom_Discriminator_Code":"4052","Symptom_Descriminator_Description":"ED full ED assessment and management capability","value":1},{"Symptom_Group_Code":"1057","Symptom_Group_Description":"Difficulty Passing Urine (6.4)","Symptom_Discriminator_Code":"4003","Symptom_Descriminator_Description":"PC full Primary Care assessment and prescribing capability","value":1},{"Symptom_Group_Code":"1058","Symptom_Group_Description":"Difficulty Swallowing (6.4)","Symptom_Discriminator_Code":"4003","Symptom_Descriminator_Description":"PC full Primary Care assessment and prescribing capability","value":1},{"Symptom_Group_Code":"1059","Symptom_Group_Description":"Dizziness or Vertigo (6.4)","Symptom_Discriminator_Code":"4052","Symptom_Descriminator_Description":"ED full ED assessment and management capability","value":1},{"Symptom_Group_Code":"1064","Symptom_Group_Description":"Earache (6.4)","Symptom_Discriminator_Code":"4022","Symptom_Descriminator_Description":"ED foreign body; removal required","value":1},{"Symptom_Group_Code":"1068","Symptom_Group_Description":"Eye Injury; Blunt (6.4)","Symptom_Discriminator_Code":"4052","Symptom_Descriminator_Description":"ED full ED assessment and management capability","value":1},{"Symptom_Group_Code":"1089","Symptom_Group_Description":"Flank or Side Pain (6.4)","Symptom_Discriminator_Code":"4052","Symptom_Descriminator_Description":"ED full ED assessment and management capability","value":1},{"Symptom_Group_Code":"1092","Symptom_Group_Description":"Foreign Body; Ingested or Inhaled (6.4)","Symptom_Discriminator_Code":"4052","Symptom_Descriminator_Description":"ED full ED assessment and management capability","value":1},{"Symptom_Group_Code":"1101","Symptom_Group_Description":"Genital Problems (6.4)","Symptom_Discriminator_Code":"4052","Symptom_Descriminator_Description":"ED full ED assessment and management capability","value":2},{"Symptom_Group_Code":"1110","Symptom_Group_Description":"Head; Facial or Neck Injury; Blunt (6.4)","Symptom_Discriminator_Code":"4052","Symptom_Descriminator_Description":"ED full ED assessment and management capability","value":3},{"Symptom_Group_Code":"1112","Symptom_Group_Description":"Headache (6.4)","Symptom_Discriminator_Code":"4052","Symptom_Descriminator_Description":"ED full ED assessment and management capability","value":2},{"Symptom_Group_Code":"1119","Symptom_Group_Description":"Leg Injury; Blunt (6.4)","Symptom_Discriminator_Code":"4052","Symptom_Descriminator_Description":"ED full ED assessment and management capability","value":2},{"Symptom_Group_Code":"1126","Symptom_Group_Description":"Lower Back Pain (6.4)","Symptom_Discriminator_Code":"4052","Symptom_Descriminator_Description":"ED full ED assessment and management capability","value":1},{"Symptom_Group_Code":"1128","Symptom_Group_Description":"Lower Limb Pain or Swelling (6.4)","Symptom_Discriminator_Code":"4052","Symptom_Descriminator_Description":"ED full ED assessment and management capability","value":1},{"Symptom_Group_Code":"1131","Symptom_Group_Description":"Nosebleeds without injury (6.4)","Symptom_Discriminator_Code":"4022","Symptom_Descriminator_Description":"ED foreign body; removal required","value":1},{"Symptom_Group_Code":"1133","Symptom_Group_Description":"Numbness or Pins and Needles (6.4)","Symptom_Discriminator_Code":"4052","Symptom_Descriminator_Description":"ED full ED assessment and management capability","value":2},{"Symptom_Group_Code":"1135","Symptom_Group_Description":"Pain and/or Frequency Passing Urine (6.4)","Symptom_Discriminator_Code":"4020","Symptom_Descriminator_Description":"PC assessment and management capability; minor condition","value":1},{"Symptom_Group_Code":"1136","Symptom_Group_Description":"Pain; Frequency and/or Difficulty Passing Urine (6.4)","Symptom_Discriminator_Code":"4003","Symptom_Descriminator_Description":"PC full Primary Care assessment and prescribing capability","value":1},{"Symptom_Group_Code":"1137","Symptom_Group_Description":"Palpitations (6.4)","Symptom_Discriminator_Code":"4052","Symptom_Descriminator_Description":"ED full ED assessment and management capability","value":2},{"Symptom_Group_Code":"1143","Symptom_Group_Description":"Rectal Bleeding (6.4)","Symptom_Discriminator_Code":"4052","Symptom_Descriminator_Description":"ED full ED assessment and management capability","value":2},{"Symptom_Group_Code":"1145","Symptom_Group_Description":"Scratches and Grazes (6.4)","Symptom_Discriminator_Code":"4052","Symptom_Descriminator_Description":"ED full ED assessment and management capability","value":1},{"Symptom_Group_Code":"1151","Symptom_Group_Description":"Skin; Minor Foreign Body (6.4)","Symptom_Discriminator_Code":"4081","Symptom_Descriminator_Description":"ED foreign body; skin; small","value":1},{"Symptom_Group_Code":"1156","Symptom_Group_Description":"Sore Throat (6.4)","Symptom_Discriminator_Code":"4389","Symptom_Descriminator_Description":"ED post tonsillectomy bleeding","value":1},{"Symptom_Group_Code":"1159","Symptom_Group_Description":"Symptoms without specific Pathway (6.4)","Symptom_Discriminator_Code":"4003","Symptom_Descriminator_Description":"PC full Primary Care assessment and prescribing capability","value":6},{"Symptom_Group_Code":"1170","Symptom_Group_Description":"Toxic Ingestion/Inhalation/Overdose (6.4)","Symptom_Discriminator_Code":"4052","Symptom_Descriminator_Description":"ED full ED assessment and management capability","value":2},{"Symptom_Group_Code":"1172","Symptom_Group_Description":"Unwell; Under 1 Year Old (6.4)","Symptom_Discriminator_Code":"4052","Symptom_Descriminator_Description":"ED full ED assessment and management capability","value":2},{"Symptom_Group_Code":"1179","Symptom_Group_Description":"Vomiting (6.4)","Symptom_Discriminator_Code":"4052","Symptom_Descriminator_Description":"ED full ED assessment and management capability","value":2},{"Symptom_Group_Code":"1202","Symptom_Group_Description":"Limb; cold or colour change (6.6)","Symptom_Discriminator_Code":"4003","Symptom_Descriminator_Description":"PC full Primary Care assessment and prescribing capability","value":1},{"Symptom_Group_Code":"1206","Symptom_Group_Description":"NHS Pathways in House Clinician","Symptom_Discriminator_Code":"4312","Symptom_Descriminator_Description":"ED extended ophthalmic assessment and prescribing capability (PEARS)","value":1},{"Symptom_Group_Code":"NA","Symptom_Group_Description":"NA","Symptom_Discriminator_Code":"NA","Symptom_Descriminator_Description":"NA","value":4}],"supplyRead":[{"label":"","value":68},{"label":"9k1A.","value":1},{"label":"R0701","value":1}]},{"source":0,"target":4,"value":12,"fill":"#BEBADA","dx":"Speak to Primary care","supply":[{"label":"00 Hours","value":1},{"label":"08 Hours","value":2},{"label":"10 Hours","value":1},{"label":"12 Hours","value":1},{"label":"15 Hours","value":1},{"label":"16 Hours","value":1},{"label":"19 Hours","value":2},{"label":"20 Hours","value":3}],"supplyDx":[{"label":"Dx012: 5.23 (Ambulance)","value":1},{"label":"Dx02: 5.24 (A&E)","value":6},{"label":"Dx03: 5.24 (A&E)","value":1},{"label":"Dx05: 5.25a (Contact Primary care)","value":2},{"label":"Dx06: 5.25a (Contact Primary care)","value":1},{"label":"Dx108: 5.27c (Non Clinical)","value":1}],"supplySG":[{"Symptom_Group_Code":"1006","Symptom_Group_Description":"Abdominal; Flank; Groin or Back Pain or Swelling (6.4)","Symptom_Discriminator_Code":"4003","Symptom_Descriminator_Description":"PC full Primary Care assessment and prescribing capability","value":1},{"Symptom_Group_Code":"1034","Symptom_Group_Description":"Breathing Problems; Breathlessness or Wheeze (6.4)","Symptom_Discriminator_Code":"4052","Symptom_Descriminator_Description":"ED full ED assessment and management capability","value":2},{"Symptom_Group_Code":"1084","Symptom_Group_Description":"Fever (6.4)","Symptom_Discriminator_Code":"4052","Symptom_Descriminator_Description":"ED full ED assessment and management capability","value":1},{"Symptom_Group_Code":"1147","Symptom_Group_Description":"Shoulder Pain (6.4)","Symptom_Discriminator_Code":"4052","Symptom_Descriminator_Description":"ED full ED assessment and management capability","value":1},{"Symptom_Group_Code":"1159","Symptom_Group_Description":"Symptoms without specific Pathway (6.4)","Symptom_Discriminator_Code":"4003","Symptom_Descriminator_Description":"PC full Primary Care assessment and prescribing capability","value":2},{"Symptom_Group_Code":"1173","Symptom_Group_Description":"Urinary catheter Problems (6.4)","Symptom_Discriminator_Code":"4052","Symptom_Descriminator_Description":"ED full ED assessment and management capability","value":1},{"Symptom_Group_Code":"1174","Symptom_Group_Description":"Vaginal Bleeding (6.4)","Symptom_Discriminator_Code":"4052","Symptom_Descriminator_Description":"ED full ED assessment and management capability","value":2},{"Symptom_Group_Code":"1206","Symptom_Group_Description":"NHS Pathways in House Clinician","Symptom_Discriminator_Code":"4312","Symptom_Descriminator_Description":"ED extended ophthalmic assessment and prescribing capability (PEARS)","value":1},{"Symptom_Group_Code":"NA","Symptom_Group_Description":"NA","Symptom_Discriminator_Code":"NA","Symptom_Descriminator_Description":"NA","value":1}],"supplyRead":[{"label":"","value":15}]},{"source":0,"target":4,"value":5,"fill":"#FB8072","dx":"Contact Primary care","supply":[{"label":"00 Hours","value":1},{"label":"08 Hours","value":1},{"label":"13 Hours","value":1},{"label":"17 Hours","value":1},{"label":"18 Hours","value":1}],"supplyDx":[{"label":"Dx02: 5.24 (A&E)","value":1},{"label":"Dx03: 5.24 (A&E)","value":1},{"label":"Dx05: 5.25a (Contact Primary care)","value":1},{"label":"Dx108: 5.27c (Non Clinical)","value":2}],"supplySG":[{"Symptom_Group_Code":"1128","Symptom_Group_Description":"Lower Limb Pain or Swelling (6.4)","Symptom_Discriminator_Code":"4052","Symptom_Descriminator_Description":"ED full ED assessment and management capability","value":2},{"Symptom_Group_Code":"1135","Symptom_Group_Description":"Pain and/or Frequency Passing Urine (6.4)","Symptom_Discriminator_Code":"4020","Symptom_Descriminator_Description":"PC assessment and management capability; minor condition","value":1},{"Symptom_Group_Code":"1206","Symptom_Group_Description":"NHS Pathways in House Clinician","Symptom_Discriminator_Code":"4312","Symptom_Descriminator_Description":"ED extended ophthalmic assessment and prescribing capability (PEARS)","value":2}],"supplyRead":[]},{"source":0,"target":6,"value":20,"fill":"#8DD3C7","dx":"Other Service","supply":[{"label":"01 Hours","value":1},{"label":"06 Hours","value":1},{"label":"09 Hours","value":1},{"label":"11 Hours","value":3},{"label":"12 Hours","value":7},{"label":"13 Hours","value":1},{"label":"14 Hours","value":1},{"label":"15 Hours","value":1},{"label":"20 Hours","value":3},{"label":"21 Hours","value":1}],"supplyDx":[{"label":"Dx02: 5.24 (A&E)","value":19},{"label":"Dx03: 5.24 (A&E)","value":1}],"supplySG":[{"Symptom_Group_Code":"1039","Symptom_Group_Description":"Chest and Upper Back Pain (6.4)","Symptom_Discriminator_Code":"4052","Symptom_Descriminator_Description":"ED full ED assessment and management capability","value":2},{"Symptom_Group_Code":"1057","Symptom_Group_Description":"Difficulty Passing Urine (6.4)","Symptom_Discriminator_Code":"4003","Symptom_Descriminator_Description":"PC full Primary Care assessment and prescribing capability","value":1},{"Symptom_Group_Code":"1059","Symptom_Group_Description":"Dizziness or Vertigo (6.4)","Symptom_Discriminator_Code":"4052","Symptom_Descriminator_Description":"ED full ED assessment and management capability","value":1},{"Symptom_Group_Code":"1060","Symptom_Group_Description":"Dizziness or Vertigo Pregnant (6.4)","Symptom_Discriminator_Code":"4052","Symptom_Descriminator_Description":"ED full ED assessment and management capability","value":1},{"Symptom_Group_Code":"1110","Symptom_Group_Description":"Head; Facial or Neck Injury; Blunt (6.4)","Symptom_Discriminator_Code":"4052","Symptom_Descriminator_Description":"ED full ED assessment and management capability","value":1},{"Symptom_Group_Code":"1121","Symptom_Group_Description":"Locked Jaw (6.4)","Symptom_Discriminator_Code":"4052","Symptom_Descriminator_Description":"ED full ED assessment and management capability","value":1},{"Symptom_Group_Code":"1126","Symptom_Group_Description":"Lower Back Pain (6.4)","Symptom_Discriminator_Code":"4052","Symptom_Descriminator_Description":"ED full ED assessment and management capability","value":1},{"Symptom_Group_Code":"1131","Symptom_Group_Description":"Nosebleeds without injury (6.4)","Symptom_Discriminator_Code":"4022","Symptom_Descriminator_Description":"ED foreign body; removal required","value":1},{"Symptom_Group_Code":"1141","Symptom_Group_Description":"Probable Stroke (6.4)","Symptom_Discriminator_Code":"4052","Symptom_Descriminator_Description":"ED full ED assessment and management capability","value":1},{"Symptom_Group_Code":"1175","Symptom_Group_Description":"Vaginal Bleeding; Pregnant (6.4)","Symptom_Discriminator_Code":"4052","Symptom_Descriminator_Description":"ED full ED assessment and management capability","value":1},{"Symptom_Group_Code":"1193","Symptom_Group_Description":"Immediate threats to life (6.5)","Symptom_Discriminator_Code":"4052","Symptom_Descriminator_Description":"ED full ED assessment and management capability","value":1},{"Symptom_Group_Code":"1206","Symptom_Group_Description":"NHS Pathways in House Clinician","Symptom_Discriminator_Code":"4312","Symptom_Descriminator_Description":"ED extended ophthalmic assessment and prescribing capability (PEARS)","value":8}],"supplyRead":[{"label":"","value":68},{"label":"9k1A.","value":1},{"label":"R0701","value":1}]},{"source":0,"target":6,"value":1,"fill":"#BEBADA","dx":"Speak to Primary care","supply":[{"label":"21 Hours","value":1}],"supplyDx":[{"label":"Dx02: 5.24 (A&E)","value":1}],"supplySG":[{"Symptom_Group_Code":"1034","Symptom_Group_Description":"Breathing Problems; Breathlessness or Wheeze (6.4)","Symptom_Discriminator_Code":"4052","Symptom_Descriminator_Description":"ED full ED assessment and management capability","value":1}],"supplyRead":[{"label":"","value":15}]},{"source":0,"target":6,"value":1,"fill":"#FB8072","dx":"Contact Primary care","supply":[{"label":"20 Hours","value":1}],"supplyDx":[{"label":"Dx02: 5.24 (A&E)","value":1}],"supplySG":[{"Symptom_Group_Code":"1206","Symptom_Group_Description":"NHS Pathways in House Clinician","Symptom_Discriminator_Code":"4312","Symptom_Descriminator_Description":"ED extended ophthalmic assessment and prescribing capability (PEARS)","value":1}],"supplyRead":[]},{"source":0,"target":7,"value":3,"fill":"#8DD3C7","dx":"Other Service","supply":[{"label":"10 Hours","value":1},{"label":"16 Hours","value":1},{"label":"20 Hours","value":1}],"supplyDx":[{"label":"Dx02: 5.24 (A&E)","value":2},{"label":"Dx03: 5.24 (A&E)","value":1}],"supplySG":[{"Symptom_Group_Code":"1014","Symptom_Group_Description":"Arm Injury; Blunt (6.4)","Symptom_Discriminator_Code":"4052","Symptom_Descriminator_Description":"ED full ED assessment and management capability","value":1},{"Symptom_Group_Code":"1039","Symptom_Group_Description":"Chest and Upper Back Pain (6.4)","Symptom_Discriminator_Code":"4052","Symptom_Descriminator_Description":"ED full ED assessment and management capability","value":1},{"Symptom_Group_Code":"1043","Symptom_Group_Description":"Cold or Flu (6.4)","Symptom_Discriminator_Code":"4003","Symptom_Descriminator_Description":"PC full Primary Care assessment and prescribing capability","value":1}],"supplyRead":[{"label":"","value":68},{"label":"9k1A.","value":1},{"label":"R0701","value":1}]},{"source":0,"target":9,"value":2,"fill":"#FFFFB3","dx":"A&E","supply":[{"label":"00 Hours","value":1},{"label":"07 Hours","value":1}],"supplyDx":[{"label":"Dx02: 5.24 (A&E)","value":2}],"supplySG":[{"Symptom_Group_Code":"1072","Symptom_Group_Description":"Eye; Painful (6.4)","Symptom_Discriminator_Code":"4312","Symptom_Descriminator_Description":"ED extended ophthalmic assessment and prescribing capability (PEARS)","value":1},{"Symptom_Group_Code":"1076","Symptom_Group_Description":"Eye; Visual Loss or Disturbance (6.4)","Symptom_Discriminator_Code":"4312","Symptom_Descriminator_Description":"ED extended ophthalmic assessment and prescribing capability (PEARS)","value":1}],"supplyRead":[{"label":"","value":10}]},{"source":0,"target":10,"value":1,"fill":"#BEBADA","dx":"Speak to Primary care","supply":[{"label":"02 Hours","value":1},{"label":"08 Hours","value":1},{"label":"15 Hours","value":1},{"label":"16 Hours","value":1},{"label":"19 Hours","value":1},{"label":"20 Hours","value":2},{"label":"21 Hours","value":1}],"supplyDx":[{"label":"Dx02: 5.24 (A&E)","value":6},{"label":"Dx03: 5.24 (A&E)","value":1},{"label":"Dx11: 5.25b (Speak to Primary care)","value":1}],"supplySG":[{"Symptom_Group_Code":"1006","Symptom_Group_Description":"Abdominal; Flank; Groin or Back Pain or Swelling (6.4)","Symptom_Discriminator_Code":"4003","Symptom_Descriminator_Description":"PC full Primary Care assessment and prescribing capability","value":1},{"Symptom_Group_Code":"1034","Symptom_Group_Description":"Breathing Problems; Breathlessness or Wheeze (6.4)","Symptom_Discriminator_Code":"4052","Symptom_Descriminator_Description":"ED full ED assessment and management capability","value":1},{"Symptom_Group_Code":"1133","Symptom_Group_Description":"Numbness or Pins and Needles (6.4)","Symptom_Discriminator_Code":"4052","Symptom_Descriminator_Description":"ED full ED assessment and management capability","value":1},{"Symptom_Group_Code":"1147","Symptom_Group_Description":"Shoulder Pain (6.4)","Symptom_Discriminator_Code":"4052","Symptom_Descriminator_Description":"ED full ED assessment and management capability","value":1},{"Symptom_Group_Code":"1159","Symptom_Group_Description":"Symptoms without specific Pathway (6.4)","Symptom_Discriminator_Code":"4003","Symptom_Descriminator_Description":"PC full Primary Care assessment and prescribing capability","value":2},{"Symptom_Group_Code":"1173","Symptom_Group_Description":"Urinary catheter Problems (6.4)","Symptom_Discriminator_Code":"4052","Symptom_Descriminator_Description":"ED full ED assessment and management capability","value":1},{"Symptom_Group_Code":"1174","Symptom_Group_Description":"Vaginal Bleeding (6.4)","Symptom_Discriminator_Code":"4052","Symptom_Descriminator_Description":"ED full ED assessment and management capability","value":1}],"supplyRead":[{"label":"","value":40}]},{"source":0,"target":10,"value":35,"fill":"#FFFFB3","dx":"A&E","supply":[{"label":"00 Hours","value":1},{"label":"01 Hours","value":1},{"label":"07 Hours","value":1},{"label":"08 Hours","value":1},{"label":"09 Hours","value":1},{"label":"11 Hours","value":3},{"label":"12 Hours","value":3},{"label":"13 Hours","value":4},{"label":"14 Hours","value":4},{"label":"15 Hours","value":2},{"label":"16 Hours","value":1},{"label":"17 Hours","value":3},{"label":"18 Hours","value":2},{"label":"19 Hours","value":3},{"label":"20 Hours","value":1},{"label":"21 Hours","value":2},{"label":"22 Hours","value":1},{"label":"23 Hours","value":1}],"supplyDx":[{"label":"Dx02: 5.24 (A&E)","value":27},{"label":"Dx03: 5.24 (A&E)","value":8}],"supplySG":[{"Symptom_Group_Code":"1013","Symptom_Group_Description":"Ankle or Foot Pain or Swelling (6.4)","Symptom_Discriminator_Code":"4052","Symptom_Descriminator_Description":"ED full ED assessment and management capability","value":1},{"Symptom_Group_Code":"1014","Symptom_Group_Description":"Arm Injury; Blunt (6.4)","Symptom_Discriminator_Code":"4052","Symptom_Descriminator_Description":"ED full ED assessment and management capability","value":3},{"Symptom_Group_Code":"1021","Symptom_Group_Description":"Bites; Animal (6.4)","Symptom_Discriminator_Code":"4052","Symptom_Descriminator_Description":"ED full ED assessment and management capability","value":1},{"Symptom_Group_Code":"1034","Symptom_Group_Description":"Breathing Problems; Breathlessness or Wheeze (6.4)","Symptom_Discriminator_Code":"4052","Symptom_Descriminator_Description":"ED full ED assessment and management capability","value":1},{"Symptom_Group_Code":"1038","Symptom_Group_Description":"Burn; Thermal (6.4)","Symptom_Discriminator_Code":"4052","Symptom_Descriminator_Description":"ED full ED assessment and management capability","value":4},{"Symptom_Group_Code":"1085","Symptom_Group_Description":"Finger or Thumb Injury; Blunt (6.4)","Symptom_Discriminator_Code":"4014","Symptom_Descriminator_Description":"ED constricting object; removal required","value":1},{"Symptom_Group_Code":"1092","Symptom_Group_Description":"Foreign Body; Ingested or Inhaled (6.4)","Symptom_Discriminator_Code":"4052","Symptom_Descriminator_Description":"ED full ED assessment and management capability","value":1},{"Symptom_Group_Code":"1101","Symptom_Group_Description":"Genital Problems (6.4)","Symptom_Discriminator_Code":"4052","Symptom_Descriminator_Description":"ED full ED assessment and management capability","value":1},{"Symptom_Group_Code":"1107","Symptom_Group_Description":"Hand or Wrist Injury; Blunt (6.4)","Symptom_Discriminator_Code":"4052","Symptom_Descriminator_Description":"ED full ED assessment and management capability","value":1},{"Symptom_Group_Code":"1110","Symptom_Group_Description":"Head; Facial or Neck Injury; Blunt (6.4)","Symptom_Discriminator_Code":"4052","Symptom_Descriminator_Description":"ED full ED assessment and management capability","value":5},{"Symptom_Group_Code":"1111","Symptom_Group_Description":"Head; Facial or Neck Injury; Penetrating (6.4)","Symptom_Discriminator_Code":"4052","Symptom_Descriminator_Description":"ED full ED assessment and management capability","value":5},{"Symptom_Group_Code":"1119","Symptom_Group_Description":"Leg Injury; Blunt (6.4)","Symptom_Discriminator_Code":"4052","Symptom_Descriminator_Description":"ED full ED assessment and management capability","value":2},{"Symptom_Group_Code":"1120","Symptom_Group_Description":"Leg Injury; Penetrating (6.4)","Symptom_Discriminator_Code":"4052","Symptom_Descriminator_Description":"ED full ED assessment and management capability","value":1},{"Symptom_Group_Code":"1122","Symptom_Group_Description":"Lower Back Injury; Blunt (6.4)","Symptom_Discriminator_Code":"4052","Symptom_Descriminator_Description":"ED full ED assessment and management capability","value":1},{"Symptom_Group_Code":"1131","Symptom_Group_Description":"Nosebleeds without injury (6.4)","Symptom_Discriminator_Code":"4022","Symptom_Descriminator_Description":"ED foreign body; removal required","value":1},{"Symptom_Group_Code":"1140","Symptom_Group_Description":"Predetermined Management Plan (6.4)","Symptom_Discriminator_Code":"4323","Symptom_Descriminator_Description":"CN Community Nurse","value":4},{"Symptom_Group_Code":"1143","Symptom_Group_Description":"Rectal Bleeding (6.4)","Symptom_Discriminator_Code":"4052","Symptom_Descriminator_Description":"ED full ED assessment and management capability","value":1},{"Symptom_Group_Code":"1152","Symptom_Group_Description":"Skin; Rash (6.4)","Symptom_Discriminator_Code":"4052","Symptom_Descriminator_Description":"ED full ED assessment and management capability","value":1}],"supplyRead":[{"label":"","value":175}]},{"source":1,"target":8,"value":1,"fill":"#FB8072","dx":"Contact Primary care","supply":[{"label":"09 Hours","value":1}],"supplyDx":[{"label":"Dx05: 5.25a (Contact Primary care)","value":1}],"supplySG":[{"Symptom_Group_Code":"1135","Symptom_Group_Description":"Pain and/or Frequency Passing Urine (6.4)","Symptom_Discriminator_Code":"4020","Symptom_Descriminator_Description":"PC assessment and management capability; minor condition","value":1}],"supplyRead":[{"label":"","value":5}]},{"source":1,"target":10,"value":4,"fill":"#FFFFB3","dx":"A&E","supply":[{"label":"08 Hours","value":1},{"label":"09 Hours","value":1},{"label":"16 Hours","value":1},{"label":"20 Hours","value":1}],"supplyDx":[{"label":"Dx02: 5.24 (A&E)","value":3},{"label":"Dx03: 5.24 (A&E)","value":1}],"supplySG":[{"Symptom_Group_Code":"1034","Symptom_Group_Description":"Breathing Problems; Breathlessness or Wheeze (6.4)","Symptom_Discriminator_Code":"4052","Symptom_Descriminator_Description":"ED full ED assessment and management capability","value":1},{"Symptom_Group_Code":"1089","Symptom_Group_Description":"Flank or Side Pain (6.4)","Symptom_Discriminator_Code":"4052","Symptom_Descriminator_Description":"ED full ED assessment and management capability","value":1},{"Symptom_Group_Code":"1159","Symptom_Group_Description":"Symptoms without specific Pathway (6.4)","Symptom_Discriminator_Code":"4003","Symptom_Descriminator_Description":"PC full Primary Care assessment and prescribing capability","value":1},{"Symptom_Group_Code":"NA","Symptom_Group_Description":"NA","Symptom_Discriminator_Code":"NA","Symptom_Descriminator_Description":"NA","value":1}],"supplyRead":[{"label":"","value":19},{"label":"SG...","value":1}]},{"source":2,"target":10,"value":2,"fill":"#80B1D3","dx":"None","supply":[{"label":"11 Hours","value":1},{"label":"15 Hours","value":1}],"supplyDx":[{"label":"Dx02: 5.24 (A&E)","value":2}],"supplySG":[{"Symptom_Group_Code":"1084","Symptom_Group_Description":"Fever (6.4)","Symptom_Discriminator_Code":"4052","Symptom_Descriminator_Description":"ED full ED assessment and management capability","value":1},{"Symptom_Group_Code":"1206","Symptom_Group_Description":"NHS Pathways in House Clinician","Symptom_Discriminator_Code":"4312","Symptom_Descriminator_Description":"ED extended ophthalmic assessment and prescribing capability (PEARS)","value":1}],"supplyRead":[{"label":"","value":10}]},{"source":3,"target":4,"value":1,"fill":"#8DD3C7","dx":"Other Service","supply":[{"label":"19 Hours","value":1}],"supplyDx":[{"label":"Dx108: 5.27c (Non Clinical)","value":1}],"supplySG":[{"Symptom_Group_Code":"1039","Symptom_Group_Description":"Chest and Upper Back Pain (6.4)","Symptom_Discriminator_Code":"4052","Symptom_Descriminator_Description":"ED full ED assessment and management capability","value":1}],"supplyRead":[]},{"source":3,"target":4,"value":1,"fill":"#BEBADA","dx":"Speak to Primary care","supply":[{"label":"22 Hours","value":1}],"supplyDx":[{"label":"Dx03: 5.24 (A&E)","value":1}],"supplySG":[{"Symptom_Group_Code":"1187","Symptom_Group_Description":"Diabetes; Blood Sugar Problem (6.5)","Symptom_Discriminator_Code":"4052","Symptom_Descriminator_Description":"ED full ED assessment and management capability","value":1}],"supplyRead":[]},{"source":4,"target":8,"value":1,"fill":"#B3DE69","dx":"Ambulance","supply":[{"label":"20 Hours","value":1}],"supplyDx":[{"label":"1159£Symptoms without specific Pathway (6.4)£4003£PC full Primary Care assessment and prescribing capability","value":1}],"supplySG":[{"Symptom_Group_Code":"NA","Symptom_Group_Description":"NA","Symptom_Discriminator_Code":"NA","Symptom_Descriminator_Description":"NA","value":1}],"supplyRead":[{"label":"","value":5}]},{"source":4,"target":8,"value":15,"fill":"#FB8072","dx":"Contact Primary care","supply":[{"label":"00 Hours","value":1},{"label":"08 Hours","value":1},{"label":"09 Hours","value":3},{"label":"11 Hours","value":1},{"label":"12 Hours","value":1},{"label":"13 Hours","value":1},{"label":"14 Hours","value":1},{"label":"16 Hours","value":2},{"label":"18 Hours","value":3},{"label":"19 Hours","value":1},{"label":"20 Hours","value":1}],"supplyDx":[{"label":"1159£Symptoms without specific Pathway (6.4)£4003£PC full Primary Care assessment and prescribing capability","value":1}],"supplySG":[{"Symptom_Group_Code":"1034","Symptom_Group_Description":"Breathing Problems; Breathlessness or Wheeze (6.4)","Symptom_Discriminator_Code":"4052","Symptom_Descriminator_Description":"ED full ED assessment and management capability","value":2},{"Symptom_Group_Code":"1047","Symptom_Group_Description":"Cough (6.4)","Symptom_Discriminator_Code":"4052","Symptom_Descriminator_Description":"ED full ED assessment and management capability","value":2},{"Symptom_Group_Code":"1084","Symptom_Group_Description":"Fever (6.4)","Symptom_Discriminator_Code":"4052","Symptom_Descriminator_Description":"ED full ED assessment and management capability","value":1},{"Symptom_Group_Code":"1089","Symptom_Group_Description":"Flank or Side Pain (6.4)","Symptom_Discriminator_Code":"4052","Symptom_Descriminator_Description":"ED full ED assessment and management capability","value":1},{"Symptom_Group_Code":"1101","Symptom_Group_Description":"Genital Problems (6.4)","Symptom_Discriminator_Code":"4052","Symptom_Descriminator_Description":"ED full ED assessment and management capability","value":1},{"Symptom_Group_Code":"1126","Symptom_Group_Description":"Lower Back Pain (6.4)","Symptom_Discriminator_Code":"4052","Symptom_Descriminator_Description":"ED full ED assessment and management capability","value":1},{"Symptom_Group_Code":"1131","Symptom_Group_Description":"Nosebleeds without injury (6.4)","Symptom_Discriminator_Code":"4022","Symptom_Descriminator_Description":"ED foreign body; removal required","value":1},{"Symptom_Group_Code":"1135","Symptom_Group_Description":"Pain and/or Frequency Passing Urine (6.4)","Symptom_Discriminator_Code":"4020","Symptom_Descriminator_Description":"PC assessment and management capability; minor condition","value":2},{"Symptom_Group_Code":"1143","Symptom_Group_Description":"Rectal Bleeding (6.4)","Symptom_Discriminator_Code":"4052","Symptom_Descriminator_Description":"ED full ED assessment and management capability","value":1},{"Symptom_Group_Code":"1159","Symptom_Group_Description":"Symptoms without specific Pathway (6.4)","Symptom_Discriminator_Code":"4003","Symptom_Descriminator_Description":"PC full Primary Care assessment and prescribing capability","value":1},{"Symptom_Group_Code":"1174","Symptom_Group_Description":"Vaginal Bleeding (6.4)","Symptom_Discriminator_Code":"4052","Symptom_Descriminator_Description":"ED full ED assessment and management capability","value":1},{"Symptom_Group_Code":"NA","Symptom_Group_Description":"NA","Symptom_Discriminator_Code":"NA","Symptom_Descriminator_Description":"NA","value":2}],"supplyRead":[{"label":"","value":79},{"label":"R062.","value":1}]},{"source":4,"target":8,"value":5,"fill":"#FDB462","dx":"Non Clinical","supply":[{"label":"00 Hours","value":1},{"label":"08 Hours","value":1},{"label":"13 Hours","value":1},{"label":"19 Hours","value":2}],"supplyDx":[{"label":"1159£Symptoms without specific Pathway (6.4)£4003£PC full Primary Care assessment and prescribing capability","value":1}],"supplySG":[{"Symptom_Group_Code":"1039","Symptom_Group_Description":"Chest and Upper Back Pain (6.4)","Symptom_Discriminator_Code":"4052","Symptom_Descriminator_Description":"ED full ED assessment and management capability","value":1},{"Symptom_Group_Code":"1206","Symptom_Group_Description":"NHS Pathways in House Clinician","Symptom_Discriminator_Code":"4312","Symptom_Descriminator_Description":"ED extended ophthalmic assessment and prescribing capability (PEARS)","value":4}],"supplyRead":[{"label":"","value":23},{"label":"9N41.","value":1},{"label":"R065.","value":1}]},{"source":4,"target":8,"value":1,"fill":"#FFFFB3","dx":"A&E","supply":[{"label":"11 Hours","value":1}],"supplyDx":[{"label":"1159£Symptoms without specific Pathway (6.4)£4003£PC full Primary Care assessment and prescribing capability","value":1}],"supplySG":[{"Symptom_Group_Code":"NA","Symptom_Group_Description":"NA","Symptom_Discriminator_Code":"NA","Symptom_Descriminator_Description":"NA","value":1}],"supplyRead":[{"label":"","value":5}]},{"source":4,"target":10,"value":49,"fill":"#FFFFB3","dx":"A&E","supply":[{"label":"00 Hours","value":1},{"label":"01 Hours","value":2},{"label":"02 Hours","value":1},{"label":"04 Hours","value":2},{"label":"07 Hours","value":1},{"label":"08 Hours","value":2},{"label":"09 Hours","value":6},{"label":"10 Hours","value":2},{"label":"11 Hours","value":2},{"label":"13 Hours","value":2},{"label":"15 Hours","value":3},{"label":"16 Hours","value":4},{"label":"17 Hours","value":1},{"label":"18 Hours","value":9},{"label":"19 Hours","value":5},{"label":"20 Hours","value":7},{"label":"21 Hours","value":1},{"label":"22 Hours","value":1},{"label":"23 Hours","value":1}],"supplyDx":[{"label":"1159£Symptoms without specific Pathway (6.4)£4003£PC full Primary Care assessment and prescribing capability","value":1}],"supplySG":[{"Symptom_Group_Code":"1000","Symptom_Group_Description":"Abdominal or Flank Injury; Blunt (6.4)","Symptom_Discriminator_Code":"4052","Symptom_Descriminator_Description":"ED full ED assessment and management capability","value":1},{"Symptom_Group_Code":"1004","Symptom_Group_Description":"Abdominal Pain (6.4)","Symptom_Discriminator_Code":"4052","Symptom_Descriminator_Description":"ED full ED assessment and management capability","value":1},{"Symptom_Group_Code":"1006","Symptom_Group_Description":"Abdominal; Flank; Groin or Back Pain or Swelling (6.4)","Symptom_Discriminator_Code":"4003","Symptom_Descriminator_Description":"PC full Primary Care assessment and prescribing capability","value":2},{"Symptom_Group_Code":"1009","Symptom_Group_Description":"Alcohol Intoxication (6.4)","Symptom_Discriminator_Code":"4052","Symptom_Descriminator_Description":"ED full ED assessment and management capability","value":1},{"Symptom_Group_Code":"1012","Symptom_Group_Description":"Ankle or Foot Injury; Penetrating (6.4)","Symptom_Discriminator_Code":"4052","Symptom_Descriminator_Description":"ED full ED assessment and management capability","value":1},{"Symptom_Group_Code":"1014","Symptom_Group_Description":"Arm Injury; Blunt (6.4)","Symptom_Discriminator_Code":"4052","Symptom_Descriminator_Description":"ED full ED assessment and management capability","value":1},{"Symptom_Group_Code":"1034","Symptom_Group_Description":"Breathing Problems; Breathlessness or Wheeze (6.4)","Symptom_Discriminator_Code":"4052","Symptom_Descriminator_Description":"ED full ED assessment and management capability","value":3},{"Symptom_Group_Code":"1036","Symptom_Group_Description":"Bringing Up Blood (6.4)","Symptom_Discriminator_Code":"4052","Symptom_Descriminator_Description":"ED full ED assessment and management capability","value":2},{"Symptom_Group_Code":"1037","Symptom_Group_Description":"Burn; Chemical (6.4)","Symptom_Discriminator_Code":"4052","Symptom_Descriminator_Description":"ED full ED assessment and management capability","value":1},{"Symptom_Group_Code":"1039","Symptom_Group_Description":"Chest and Upper Back Pain (6.4)","Symptom_Discriminator_Code":"4052","Symptom_Descriminator_Description":"ED full ED assessment and management capability","value":1},{"Symptom_Group_Code":"1047","Symptom_Group_Description":"Cough (6.4)","Symptom_Discriminator_Code":"4052","Symptom_Descriminator_Description":"ED full ED assessment and management capability","value":1},{"Symptom_Group_Code":"1052","Symptom_Group_Description":"Dental Injury (6.4)","Symptom_Discriminator_Code":"4052","Symptom_Descriminator_Description":"ED full ED assessment and management capability","value":1},{"Symptom_Group_Code":"1058","Symptom_Group_Description":"Difficulty Swallowing (6.4)","Symptom_Discriminator_Code":"4003","Symptom_Descriminator_Description":"PC full Primary Care assessment and prescribing capability","value":1},{"Symptom_Group_Code":"1064","Symptom_Group_Description":"Earache (6.4)","Symptom_Discriminator_Code":"4022","Symptom_Descriminator_Description":"ED foreign body; removal required","value":1},{"Symptom_Group_Code":"1068","Symptom_Group_Description":"Eye Injury; Blunt (6.4)","Symptom_Discriminator_Code":"4052","Symptom_Descriminator_Description":"ED full ED assessment and management capability","value":1},{"Symptom_Group_Code":"1089","Symptom_Group_Description":"Flank or Side Pain (6.4)","Symptom_Discriminator_Code":"4052","Symptom_Descriminator_Description":"ED full ED assessment and management capability","value":1},{"Symptom_Group_Code":"1092","Symptom_Group_Description":"Foreign Body; Ingested or Inhaled (6.4)","Symptom_Discriminator_Code":"4052","Symptom_Descriminator_Description":"ED full ED assessment and management capability","value":1},{"Symptom_Group_Code":"1101","Symptom_Group_Description":"Genital Problems (6.4)","Symptom_Discriminator_Code":"4052","Symptom_Descriminator_Description":"ED full ED assessment and management capability","value":1},{"Symptom_Group_Code":"1110","Symptom_Group_Description":"Head; Facial or Neck Injury; Blunt (6.4)","Symptom_Discriminator_Code":"4052","Symptom_Descriminator_Description":"ED full ED assessment and management capability","value":1},{"Symptom_Group_Code":"1112","Symptom_Group_Description":"Headache (6.4)","Symptom_Discriminator_Code":"4052","Symptom_Descriminator_Description":"ED full ED assessment and management capability","value":1},{"Symptom_Group_Code":"1119","Symptom_Group_Description":"Leg Injury; Blunt (6.4)","Symptom_Discriminator_Code":"4052","Symptom_Descriminator_Description":"ED full ED assessment and management capability","value":1},{"Symptom_Group_Code":"1128","Symptom_Group_Description":"Lower Limb Pain or Swelling (6.4)","Symptom_Discriminator_Code":"4052","Symptom_Descriminator_Description":"ED full ED assessment and management capability","value":1},{"Symptom_Group_Code":"1133","Symptom_Group_Description":"Numbness or Pins and Needles (6.4)","Symptom_Discriminator_Code":"4052","Symptom_Descriminator_Description":"ED full ED assessment and management capability","value":1},{"Symptom_Group_Code":"1136","Symptom_Group_Description":"Pain; Frequency and/or Difficulty Passing Urine (6.4)","Symptom_Discriminator_Code":"4003","Symptom_Descriminator_Description":"PC full Primary Care assessment and prescribing capability","value":1},{"Symptom_Group_Code":"1137","Symptom_Group_Description":"Palpitations (6.4)","Symptom_Discriminator_Code":"4052","Symptom_Descriminator_Description":"ED full ED assessment and management capability","value":2},{"Symptom_Group_Code":"1143","Symptom_Group_Description":"Rectal Bleeding (6.4)","Symptom_Discriminator_Code":"4052","Symptom_Descriminator_Description":"ED full ED assessment and management capability","value":1},{"Symptom_Group_Code":"1145","Symptom_Group_Description":"Scratches and Grazes (6.4)","Symptom_Discriminator_Code":"4052","Symptom_Descriminator_Description":"ED full ED assessment and management capability","value":1},{"Symptom_Group_Code":"1147","Symptom_Group_Description":"Shoulder Pain (6.4)","Symptom_Discriminator_Code":"4052","Symptom_Descriminator_Description":"ED full ED assessment and management capability","value":1},{"Symptom_Group_Code":"1151","Symptom_Group_Description":"Skin; Minor Foreign Body (6.4)","Symptom_Discriminator_Code":"4081","Symptom_Descriminator_Description":"ED foreign body; skin; small","value":1},{"Symptom_Group_Code":"1156","Symptom_Group_Description":"Sore Throat (6.4)","Symptom_Discriminator_Code":"4389","Symptom_Descriminator_Description":"ED post tonsillectomy bleeding","value":1},{"Symptom_Group_Code":"1159","Symptom_Group_Description":"Symptoms without specific Pathway (6.4)","Symptom_Discriminator_Code":"4003","Symptom_Descriminator_Description":"PC full Primary Care assessment and prescribing capability","value":7},{"Symptom_Group_Code":"1170","Symptom_Group_Description":"Toxic Ingestion/Inhalation/Overdose (6.4)","Symptom_Discriminator_Code":"4052","Symptom_Descriminator_Description":"ED full ED assessment and management capability","value":2},{"Symptom_Group_Code":"1172","Symptom_Group_Description":"Unwell; Under 1 Year Old (6.4)","Symptom_Discriminator_Code":"4052","Symptom_Descriminator_Description":"ED full ED assessment and management capability","value":1},{"Symptom_Group_Code":"1173","Symptom_Group_Description":"Urinary catheter Problems (6.4)","Symptom_Discriminator_Code":"4052","Symptom_Descriminator_Description":"ED full ED assessment and management capability","value":1},{"Symptom_Group_Code":"1174","Symptom_Group_Description":"Vaginal Bleeding (6.4)","Symptom_Discriminator_Code":"4052","Symptom_Descriminator_Description":"ED full ED assessment and management capability","value":1},{"Symptom_Group_Code":"1179","Symptom_Group_Description":"Vomiting (6.4)","Symptom_Discriminator_Code":"4052","Symptom_Descriminator_Description":"ED full ED assessment and management capability","value":2},{"Symptom_Group_Code":"1187","Symptom_Group_Description":"Diabetes; Blood Sugar Problem (6.5)","Symptom_Discriminator_Code":"4052","Symptom_Descriminator_Description":"ED full ED assessment and management capability","value":1},{"Symptom_Group_Code":"1202","Symptom_Group_Description":"Limb; cold or colour change (6.6)","Symptom_Discriminator_Code":"4003","Symptom_Descriminator_Description":"PC full Primary Care assessment and prescribing capability","value":1},{"Symptom_Group_Code":"NA","Symptom_Group_Description":"NA","Symptom_Discriminator_Code":"NA","Symptom_Descriminator_Description":"NA","value":2}],"supplyRead":[{"label":"","value":237},{"label":"19...","value":1},{"label":"1C...","value":1},{"label":"9k1A.","value":1},{"label":"A79z.","value":1},{"label":"C10..","value":1},{"label":"E030z","value":1},{"label":"G33z4","value":1},{"label":"G84..","value":1},{"label":"H05z.","value":1},{"label":"H06z1","value":1},{"label":"H27z.","value":1},{"label":"J1011","value":1},{"label":"J510.","value":1},{"label":"J573.","value":1},{"label":"K190.","value":1},{"label":"K21z.","value":1},{"label":"K24..","value":1},{"label":"K241.","value":1},{"label":"N245.","value":1},{"label":"R0062","value":1},{"label":"R051.","value":1},{"label":"R065.","value":1},{"label":"R0701","value":1},{"label":"R082.","value":1},{"label":"S646.","value":1},{"label":"S8362","value":1},{"label":"SD...","value":1},{"label":"SG...","value":1}]},{"source":4,"target":11,"value":1,"fill":"#FB8072","dx":"Contact Primary care","supply":[{"label":"00 Hours","value":1}],"supplyDx":[{"label":"1159£Symptoms without specific Pathway (6.4)£4003£PC full Primary Care assessment and prescribing capability","value":1}],"supplySG":[{"Symptom_Group_Code":"1128","Symptom_Group_Description":"Lower Limb Pain or Swelling (6.4)","Symptom_Discriminator_Code":"4052","Symptom_Descriminator_Description":"ED full ED assessment and management capability","value":1}],"supplyRead":[{"label":"","value":5}]},{"source":4,"target":11,"value":3,"fill":"#FFFFB3","dx":"A&E","supply":[{"label":"06 Hours","value":1},{"label":"08 Hours","value":1},{"label":"15 Hours","value":1}],"supplyDx":[{"label":"1159£Symptoms without specific Pathway (6.4)£4003£PC full Primary Care assessment and prescribing capability","value":1}],"supplySG":[{"Symptom_Group_Code":"1004","Symptom_Group_Description":"Abdominal Pain (6.4)","Symptom_Discriminator_Code":"4052","Symptom_Descriminator_Description":"ED full ED assessment and management capability","value":1},{"Symptom_Group_Code":"1034","Symptom_Group_Description":"Breathing Problems; Breathlessness or Wheeze (6.4)","Symptom_Discriminator_Code":"4052","Symptom_Descriminator_Description":"ED full ED assessment and management capability","value":1},{"Symptom_Group_Code":"1133","Symptom_Group_Description":"Numbness or Pins and Needles (6.4)","Symptom_Discriminator_Code":"4052","Symptom_Descriminator_Description":"ED full ED assessment and management capability","value":1}],"supplyRead":[{"label":"","value":14},{"label":"R090.","value":1}]},{"source":4,"target":12,"value":4,"fill":"#FB8072","dx":"Contact Primary care","supply":[{"label":"01 Hours","value":1},{"label":"14 Hours","value":1},{"label":"18 Hours","value":1},{"label":"20 Hours","value":1}],"supplyDx":[{"label":"1159£Symptoms without specific Pathway (6.4)£4003£PC full Primary Care assessment and prescribing capability","value":1}],"supplySG":[{"Symptom_Group_Code":"1025","Symptom_Group_Description":"Blood in Urine (6.4)","Symptom_Discriminator_Code":"4003","Symptom_Descriminator_Description":"PC full Primary Care assessment and prescribing capability","value":1},{"Symptom_Group_Code":"1034","Symptom_Group_Description":"Breathing Problems; Breathlessness or Wheeze (6.4)","Symptom_Discriminator_Code":"4052","Symptom_Descriminator_Description":"ED full ED assessment and management capability","value":1},{"Symptom_Group_Code":"1110","Symptom_Group_Description":"Head; Facial or Neck Injury; Blunt (6.4)","Symptom_Discriminator_Code":"4052","Symptom_Descriminator_Description":"ED full ED assessment and management capability","value":1},{"Symptom_Group_Code":"1159","Symptom_Group_Description":"Symptoms without specific Pathway (6.4)","Symptom_Discriminator_Code":"4003","Symptom_Descriminator_Description":"PC full Primary Care assessment and prescribing capability","value":1}],"supplyRead":[{"label":"","value":17},{"label":"1738","value":1},{"label":"A38..","value":1},{"label":"R062.","value":1}]},{"source":4,"target":12,"value":10,"fill":"#FFFFB3","dx":"A&E","supply":[{"label":"05 Hours","value":1},{"label":"07 Hours","value":1},{"label":"10 Hours","value":1},{"label":"16 Hours","value":1},{"label":"17 Hours","value":1},{"label":"18 Hours","value":2},{"label":"19 Hours","value":2},{"label":"22 Hours","value":1}],"supplyDx":[{"label":"1159£Symptoms without specific Pathway (6.4)£4003£PC full Primary Care assessment and prescribing capability","value":1}],"supplySG":[{"Symptom_Group_Code":"1004","Symptom_Group_Description":"Abdominal Pain (6.4)","Symptom_Discriminator_Code":"4052","Symptom_Descriminator_Description":"ED full ED assessment and management capability","value":1},{"Symptom_Group_Code":"1034","Symptom_Group_Description":"Breathing Problems; Breathlessness or Wheeze (6.4)","Symptom_Discriminator_Code":"4052","Symptom_Descriminator_Description":"ED full ED assessment and management capability","value":3},{"Symptom_Group_Code":"1059","Symptom_Group_Description":"Dizziness or Vertigo (6.4)","Symptom_Discriminator_Code":"4052","Symptom_Descriminator_Description":"ED full ED assessment and management capability","value":1},{"Symptom_Group_Code":"1110","Symptom_Group_Description":"Head; Facial or Neck Injury; Blunt (6.4)","Symptom_Discriminator_Code":"4052","Symptom_Descriminator_Description":"ED full ED assessment and management capability","value":1},{"Symptom_Group_Code":"1112","Symptom_Group_Description":"Headache (6.4)","Symptom_Discriminator_Code":"4052","Symptom_Descriminator_Description":"ED full ED assessment and management capability","value":1},{"Symptom_Group_Code":"1119","Symptom_Group_Description":"Leg Injury; Blunt (6.4)","Symptom_Discriminator_Code":"4052","Symptom_Descriminator_Description":"ED full ED assessment and management capability","value":1},{"Symptom_Group_Code":"1128","Symptom_Group_Description":"Lower Limb Pain or Swelling (6.4)","Symptom_Discriminator_Code":"4052","Symptom_Descriminator_Description":"ED full ED assessment and management capability","value":1},{"Symptom_Group_Code":"1135","Symptom_Group_Description":"Pain and/or Frequency Passing Urine (6.4)","Symptom_Discriminator_Code":"4020","Symptom_Descriminator_Description":"PC assessment and management capability; minor condition","value":1}],"supplyRead":[{"label":"","value":39},{"label":"1737","value":1},{"label":"1B1G.","value":1},{"label":"9k1A.","value":1},{"label":"K190.","value":1},{"label":"R002z","value":1},{"label":"R0062","value":1},{"label":"R065.","value":1},{"label":"R090.","value":2},{"label":"S646.","value":1},{"label":"SD4..","value":1}]},{"source":4,"target":13,"value":2,"fill":"#FB8072","dx":"Contact Primary care","supply":[{"label":"11 Hours","value":1},{"label":"18 Hours","value":1}],"supplyDx":[{"label":"1159£Symptoms without specific Pathway (6.4)£4003£PC full Primary Care assessment and prescribing capability","value":1}],"supplySG":[{"Symptom_Group_Code":"1057","Symptom_Group_Description":"Difficulty Passing Urine (6.4)","Symptom_Discriminator_Code":"4003","Symptom_Descriminator_Description":"PC full Primary Care assessment and prescribing capability","value":1},{"Symptom_Group_Code":"1172","Symptom_Group_Description":"Unwell; Under 1 Year Old (6.4)","Symptom_Discriminator_Code":"4052","Symptom_Descriminator_Description":"ED full ED assessment and management capability","value":1}],"supplyRead":[{"label":"","value":10}]},{"source":6,"target":10,"value":22,"fill":"#FFFFB3","dx":"A&E","supply":[{"label":"01 Hours","value":1},{"label":"06 Hours","value":1},{"label":"09 Hours","value":1},{"label":"11 Hours","value":4},{"label":"12 Hours","value":7},{"label":"13 Hours","value":1},{"label":"14 Hours","value":1},{"label":"15 Hours","value":2},{"label":"20 Hours","value":4},{"label":"21 Hours","value":2}],"supplyDx":[{"label":"1159£Symptoms without specific Pathway (6.4)£4003£PC full Primary Care assessment and prescribing capability","value":1}],"supplySG":[{"Symptom_Group_Code":"1034","Symptom_Group_Description":"Breathing Problems; Breathlessness or Wheeze (6.4)","Symptom_Discriminator_Code":"4052","Symptom_Descriminator_Description":"ED full ED assessment and management capability","value":1},{"Symptom_Group_Code":"1039","Symptom_Group_Description":"Chest and Upper Back Pain (6.4)","Symptom_Discriminator_Code":"4052","Symptom_Descriminator_Description":"ED full ED assessment and management capability","value":2},{"Symptom_Group_Code":"1057","Symptom_Group_Description":"Difficulty Passing Urine (6.4)","Symptom_Discriminator_Code":"4003","Symptom_Descriminator_Description":"PC full Primary Care assessment and prescribing capability","value":1},{"Symptom_Group_Code":"1059","Symptom_Group_Description":"Dizziness or Vertigo (6.4)","Symptom_Discriminator_Code":"4052","Symptom_Descriminator_Description":"ED full ED assessment and management capability","value":1},{"Symptom_Group_Code":"1060","Symptom_Group_Description":"Dizziness or Vertigo Pregnant (6.4)","Symptom_Discriminator_Code":"4052","Symptom_Descriminator_Description":"ED full ED assessment and management capability","value":1},{"Symptom_Group_Code":"1084","Symptom_Group_Description":"Fever (6.4)","Symptom_Discriminator_Code":"4052","Symptom_Descriminator_Description":"ED full ED assessment and management capability","value":1},{"Symptom_Group_Code":"1110","Symptom_Group_Description":"Head; Facial or Neck Injury; Blunt (6.4)","Symptom_Discriminator_Code":"4052","Symptom_Descriminator_Description":"ED full ED assessment and management capability","value":1},{"Symptom_Group_Code":"1121","Symptom_Group_Description":"Locked Jaw (6.4)","Symptom_Discriminator_Code":"4052","Symptom_Descriminator_Description":"ED full ED assessment and management capability","value":1},{"Symptom_Group_Code":"1126","Symptom_Group_Description":"Lower Back Pain (6.4)","Symptom_Discriminator_Code":"4052","Symptom_Descriminator_Description":"ED full ED assessment and management capability","value":1},{"Symptom_Group_Code":"1131","Symptom_Group_Description":"Nosebleeds without injury (6.4)","Symptom_Discriminator_Code":"4022","Symptom_Descriminator_Description":"ED foreign body; removal required","value":1},{"Symptom_Group_Code":"1141","Symptom_Group_Description":"Probable Stroke (6.4)","Symptom_Discriminator_Code":"4052","Symptom_Descriminator_Description":"ED full ED assessment and management capability","value":1},{"Symptom_Group_Code":"1175","Symptom_Group_Description":"Vaginal Bleeding; Pregnant (6.4)","Symptom_Discriminator_Code":"4052","Symptom_Descriminator_Description":"ED full ED assessment and management capability","value":1},{"Symptom_Group_Code":"1193","Symptom_Group_Description":"Immediate threats to life (6.5)","Symptom_Discriminator_Code":"4052","Symptom_Descriminator_Description":"ED full ED assessment and management capability","value":1},{"Symptom_Group_Code":"1206","Symptom_Group_Description":"NHS Pathways in House Clinician","Symptom_Discriminator_Code":"4312","Symptom_Descriminator_Description":"ED extended ophthalmic assessment and prescribing capability (PEARS)","value":10}],"supplyRead":[{"label":"","value":120}]},{"source":7,"target":10,"value":3,"fill":"#FFFFB3","dx":"A&E","supply":[{"label":"10 Hours","value":1},{"label":"16 Hours","value":1},{"label":"20 Hours","value":1}],"supplyDx":[{"label":"1159£Symptoms without specific Pathway (6.4)£4003£PC full Primary Care assessment and prescribing capability","value":1}],"supplySG":[{"Symptom_Group_Code":"1014","Symptom_Group_Description":"Arm Injury; Blunt (6.4)","Symptom_Discriminator_Code":"4052","Symptom_Descriminator_Description":"ED full ED assessment and management capability","value":1},{"Symptom_Group_Code":"1039","Symptom_Group_Description":"Chest and Upper Back Pain (6.4)","Symptom_Discriminator_Code":"4052","Symptom_Descriminator_Description":"ED full ED assessment and management capability","value":1},{"Symptom_Group_Code":"1043","Symptom_Group_Description":"Cold or Flu (6.4)","Symptom_Discriminator_Code":"4003","Symptom_Descriminator_Description":"PC full Primary Care assessment and prescribing capability","value":1}],"supplyRead":[{"label":"","value":15}]}]}