{"nodes":[{"layer":1,"name":"Pathways Non-Clinician","fill":"#9E0142","label":"Initial Skillset"},{"layer":2,"name":"Pathways Non-Clinician","fill":"#F46D43","label":"Final Skillset"},{"layer":2,"name":"Pathways GP","fill":"#F46D43","label":"Final Skillset"},{"layer":2,"name":"Pathways Clinician","fill":"#F46D43","label":"Final Skillset"},{"layer":2,"name":"OLC Clinician (Advice)","fill":"#F46D43","label":"Final Skillset"},{"layer":3,"name":"Emergency Department (ED)","fill":"#FEE08B","label":"Service Type"},{"layer":3,"name":"","fill":"#FEE08B","label":"Service Type"},{"layer":3,"name":"GP Out of Hours Provider (OOH)","fill":"#FEE08B","label":"Service Type"},{"layer":3,"name":"Urgent Treatment Centre (UTC)","fill":"#FEE08B","label":"Service Type"},{"layer":3,"name":"Emergency Department-Speciality","fill":"#FEE08B","label":"Service Type"},{"layer":3,"name":"Eye Casualty","fill":"#FEE08B","label":"Service Type"},{"layer":3,"name":"UCC","fill":"#FEE08B","label":"Service Type"}],"links":[{"source":0,"target":2,"value":2,"fill":"#BEBADA","dx":"Speak to Primary care","supply":[{"label":"02 Hours","value":1},{"label":"10 Hours","value":1}],"supplyDx":[{"label":"Dx02: 5.24 (A&E)","value":1},{"label":"Dx05: 5.25a (Contact Primary care)","value":1}],"supplySG":[{"Symptom_Group_Code":"1018","Symptom_Group_Description":"Behaviour Change (6.4)","Symptom_Discriminator_Code":"4245","Symptom_Descriminator_Description":"ED suicidal; no means nor plan","value":1},{"Symptom_Group_Code":"1172","Symptom_Group_Description":"Unwell; Under 1 Year Old (6.4)","Symptom_Discriminator_Code":"4052","Symptom_Descriminator_Description":"ED full ED assessment and management capability","value":1}],"supplyRead":[]},{"source":0,"target":2,"value":2,"fill":"#FB8072","dx":"Non Clinical","supply":[{"label":"06 Hours","value":1},{"label":"20 Hours","value":1}],"supplyDx":[{"label":"Dx03: 5.24 (A&E)","value":2}],"supplySG":[{"Symptom_Group_Code":"1004","Symptom_Group_Description":"Abdominal Pain (6.4)","Symptom_Discriminator_Code":"4052","Symptom_Descriminator_Description":"ED full ED assessment and management capability","value":1},{"Symptom_Group_Code":"1159","Symptom_Group_Description":"Symptoms without specific Pathway (6.4)","Symptom_Discriminator_Code":"4003","Symptom_Descriminator_Description":"PC full Primary Care assessment and prescribing capability","value":1}],"supplyRead":[]},{"source":0,"target":2,"value":43,"fill":"#FFFFB3","dx":"Other Service","supply":[{"label":"01 Hours","value":1},{"label":"04 Hours","value":1},{"label":"05 Hours","value":2},{"label":"06 Hours","value":1},{"label":"08 Hours","value":2},{"label":"09 Hours","value":2},{"label":"10 Hours","value":3},{"label":"11 Hours","value":3},{"label":"12 Hours","value":1},{"label":"13 Hours","value":2},{"label":"14 Hours","value":3},{"label":"15 Hours","value":3},{"label":"16 Hours","value":1},{"label":"17 Hours","value":2},{"label":"18 Hours","value":2},{"label":"19 Hours","value":4},{"label":"20 Hours","value":3},{"label":"21 Hours","value":3},{"label":"22 Hours","value":1},{"label":"23 Hours","value":3}],"supplyDx":[{"label":"Dx02: 5.24 (A&E)","value":22},{"label":"Dx03: 5.24 (A&E)","value":12},{"label":"Dx05: 5.25a (Contact Primary care)","value":4},{"label":"Dx06: 5.25a (Contact Primary care)","value":2},{"label":"Dx07: 5.25a (Contact Primary care)","value":1},{"label":"Dx108: 5.27c (Non Clinical)","value":2}],"supplySG":[{"Symptom_Group_Code":"1004","Symptom_Group_Description":"Abdominal Pain (6.4)","Symptom_Discriminator_Code":"4052","Symptom_Descriminator_Description":"ED full ED assessment and management capability","value":5},{"Symptom_Group_Code":"1034","Symptom_Group_Description":"Breathing Problems; Breathlessness or Wheeze (6.4)","Symptom_Discriminator_Code":"4052","Symptom_Descriminator_Description":"ED full ED assessment and management capability","value":2},{"Symptom_Group_Code":"1039","Symptom_Group_Description":"Chest and Upper Back Pain (6.4)","Symptom_Discriminator_Code":"4052","Symptom_Descriminator_Description":"ED full ED assessment and management capability","value":1},{"Symptom_Group_Code":"1047","Symptom_Group_Description":"Cough (6.4)","Symptom_Discriminator_Code":"4052","Symptom_Descriminator_Description":"ED full ED assessment and management capability","value":2},{"Symptom_Group_Code":"1081","Symptom_Group_Description":"Falls or Faints Without Injury (6.4)","Symptom_Discriminator_Code":"4052","Symptom_Descriminator_Description":"ED full ED assessment and management capability","value":3},{"Symptom_Group_Code":"1092","Symptom_Group_Description":"Foreign Body; Ingested or Inhaled (6.4)","Symptom_Discriminator_Code":"4052","Symptom_Descriminator_Description":"ED full ED assessment and management capability","value":2},{"Symptom_Group_Code":"1101","Symptom_Group_Description":"Genital Problems (6.4)","Symptom_Discriminator_Code":"4052","Symptom_Descriminator_Description":"ED full ED assessment and management capability","value":1},{"Symptom_Group_Code":"1110","Symptom_Group_Description":"Head; Facial or Neck Injury; Blunt (6.4)","Symptom_Discriminator_Code":"4052","Symptom_Descriminator_Description":"ED full ED assessment and management capability","value":1},{"Symptom_Group_Code":"1112","Symptom_Group_Description":"Headache (6.4)","Symptom_Discriminator_Code":"4052","Symptom_Descriminator_Description":"ED full ED assessment and management capability","value":1},{"Symptom_Group_Code":"1135","Symptom_Group_Description":"Pain and/or Frequency Passing Urine (6.4)","Symptom_Discriminator_Code":"4020","Symptom_Descriminator_Description":"PC assessment and management capability; minor condition","value":1},{"Symptom_Group_Code":"1137","Symptom_Group_Description":"Palpitations (6.4)","Symptom_Discriminator_Code":"4052","Symptom_Descriminator_Description":"ED full ED assessment and management capability","value":3},{"Symptom_Group_Code":"1143","Symptom_Group_Description":"Rectal Bleeding (6.4)","Symptom_Discriminator_Code":"4052","Symptom_Descriminator_Description":"ED full ED assessment and management capability","value":2},{"Symptom_Group_Code":"1145","Symptom_Group_Description":"Scratches and Grazes (6.4)","Symptom_Discriminator_Code":"4052","Symptom_Descriminator_Description":"ED full ED assessment and management capability","value":1},{"Symptom_Group_Code":"1156","Symptom_Group_Description":"Sore Throat (6.4)","Symptom_Discriminator_Code":"4389","Symptom_Descriminator_Description":"ED post tonsillectomy bleeding","value":1},{"Symptom_Group_Code":"1159","Symptom_Group_Description":"Symptoms without specific Pathway (6.4)","Symptom_Discriminator_Code":"4003","Symptom_Descriminator_Description":"PC full Primary Care assessment and prescribing capability","value":6},{"Symptom_Group_Code":"1170","Symptom_Group_Description":"Toxic Ingestion/Inhalation/Overdose (6.4)","Symptom_Discriminator_Code":"4052","Symptom_Descriminator_Description":"ED full ED assessment and management capability","value":2},{"Symptom_Group_Code":"1179","Symptom_Group_Description":"Vomiting (6.4)","Symptom_Discriminator_Code":"4052","Symptom_Descriminator_Description":"ED full ED assessment and management capability","value":1},{"Symptom_Group_Code":"1187","Symptom_Group_Description":"Diabetes; Blood Sugar Problem (6.5)","Symptom_Discriminator_Code":"4052","Symptom_Descriminator_Description":"ED full ED assessment and management capability","value":3},{"Symptom_Group_Code":"1203","Symptom_Group_Description":"Mental Health Problem (7.0)","Symptom_Discriminator_Code":"4245","Symptom_Descriminator_Description":"ED suicidal; no means nor plan","value":1},{"Symptom_Group_Code":"1206","Symptom_Group_Description":"NHS Pathways in House Clinician","Symptom_Discriminator_Code":"4312","Symptom_Descriminator_Description":"ED extended ophthalmic assessment and prescribing capability (PEARS)","value":2},{"Symptom_Group_Code":"NA","Symptom_Group_Description":"NA","Symptom_Discriminator_Code":"NA","Symptom_Descriminator_Description":"NA","value":2}],"supplyRead":[{"label":"","value":91},{"label":"1828","value":2},{"label":"C10..","value":1},{"label":"C108.","value":1}]},{"source":0,"target":3,"value":2,"fill":"#BEBADA","dx":"Speak to Primary care","supply":[{"label":"07 Hours","value":1},{"label":"08 Hours","value":1}],"supplyDx":[{"label":"Dx02: 5.24 (A&E)","value":2}],"supplySG":[{"Symptom_Group_Code":"1206","Symptom_Group_Description":"NHS Pathways in House Clinician","Symptom_Discriminator_Code":"4312","Symptom_Descriminator_Description":"ED extended ophthalmic assessment and prescribing capability (PEARS)","value":2}],"supplyRead":[]},{"source":0,"target":3,"value":21,"fill":"#FFFFB3","dx":"Other Service","supply":[{"label":"07 Hours","value":2},{"label":"09 Hours","value":3},{"label":"11 Hours","value":2},{"label":"12 Hours","value":1},{"label":"13 Hours","value":1},{"label":"14 Hours","value":6},{"label":"15 Hours","value":3},{"label":"16 Hours","value":1},{"label":"21 Hours","value":1},{"label":"22 Hours","value":1}],"supplyDx":[{"label":"Dx02: 5.24 (A&E)","value":18},{"label":"Dx03: 5.24 (A&E)","value":3}],"supplySG":[{"Symptom_Group_Code":"1039","Symptom_Group_Description":"Chest and Upper Back Pain (6.4)","Symptom_Discriminator_Code":"4052","Symptom_Descriminator_Description":"ED full ED assessment and management capability","value":1},{"Symptom_Group_Code":"1055","Symptom_Group_Description":"Diarrhoea and Vomiting (6.4)","Symptom_Discriminator_Code":"4052","Symptom_Descriminator_Description":"ED full ED assessment and management capability","value":1},{"Symptom_Group_Code":"1059","Symptom_Group_Description":"Dizziness or Vertigo (6.4)","Symptom_Discriminator_Code":"4052","Symptom_Descriminator_Description":"ED full ED assessment and management capability","value":1},{"Symptom_Group_Code":"1076","Symptom_Group_Description":"Eye; Visual Loss or Disturbance (6.4)","Symptom_Discriminator_Code":"4312","Symptom_Descriminator_Description":"ED extended ophthalmic assessment and prescribing capability (PEARS)","value":1},{"Symptom_Group_Code":"1081","Symptom_Group_Description":"Falls or Faints Without Injury (6.4)","Symptom_Discriminator_Code":"4052","Symptom_Descriminator_Description":"ED full ED assessment and management capability","value":1},{"Symptom_Group_Code":"1101","Symptom_Group_Description":"Genital Problems (6.4)","Symptom_Discriminator_Code":"4052","Symptom_Descriminator_Description":"ED full ED assessment and management capability","value":1},{"Symptom_Group_Code":"1152","Symptom_Group_Description":"Skin; Rash (6.4)","Symptom_Discriminator_Code":"4052","Symptom_Descriminator_Description":"ED full ED assessment and management capability","value":1},{"Symptom_Group_Code":"1206","Symptom_Group_Description":"NHS Pathways in House Clinician","Symptom_Discriminator_Code":"4312","Symptom_Descriminator_Description":"ED extended ophthalmic assessment and prescribing capability (PEARS)","value":14}],"supplyRead":[{"label":"","value":91},{"label":"1828","value":2},{"label":"C10..","value":1},{"label":"C108.","value":1}]},{"source":0,"target":4,"value":1,"fill":"#BEBADA","dx":"Speak to Primary care","supply":[{"label":"09 Hours","value":1}],"supplyDx":[{"label":"Dx02: 5.24 (A&E)","value":1}],"supplySG":[{"Symptom_Group_Code":"1110","Symptom_Group_Description":"Head; Facial or Neck Injury; Blunt (6.4)","Symptom_Discriminator_Code":"4052","Symptom_Descriminator_Description":"ED full ED assessment and management capability","value":1}],"supplyRead":[]},{"source":0,"target":4,"value":2,"fill":"#FFFFB3","dx":"Other Service","supply":[{"label":"13 Hours","value":1},{"label":"14 Hours","value":1}],"supplyDx":[{"label":"Dx02: 5.24 (A&E)","value":1},{"label":"Dx03: 5.24 (A&E)","value":1}],"supplySG":[{"Symptom_Group_Code":"1117","Symptom_Group_Description":"Knee or Lower Leg Pain or Swelling (6.4)","Symptom_Discriminator_Code":"4052","Symptom_Descriminator_Description":"ED full ED assessment and management capability","value":1},{"Symptom_Group_Code":"1206","Symptom_Group_Description":"NHS Pathways in House Clinician","Symptom_Discriminator_Code":"4312","Symptom_Descriminator_Description":"ED extended ophthalmic assessment and prescribing capability (PEARS)","value":1}],"supplyRead":[{"label":"","value":91},{"label":"1828","value":2},{"label":"C10..","value":1},{"label":"C108.","value":1}]},{"source":0,"target":5,"value":27,"fill":"#8DD3C7","dx":"A&E","supply":[{"label":"00 Hours","value":1},{"label":"06 Hours","value":1},{"label":"08 Hours","value":3},{"label":"09 Hours","value":1},{"label":"10 Hours","value":2},{"label":"11 Hours","value":2},{"label":"13 Hours","value":1},{"label":"14 Hours","value":1},{"label":"16 Hours","value":2},{"label":"17 Hours","value":1},{"label":"18 Hours","value":3},{"label":"19 Hours","value":5},{"label":"20 Hours","value":1},{"label":"21 Hours","value":2},{"label":"23 Hours","value":1}],"supplyDx":[{"label":"Dx02: 5.24 (A&E)","value":23},{"label":"Dx03: 5.24 (A&E)","value":4}],"supplySG":[{"Symptom_Group_Code":"1011","Symptom_Group_Description":"Ankle or Foot Injury; Blunt (6.4)","Symptom_Discriminator_Code":"4052","Symptom_Descriminator_Description":"ED full ED assessment and management capability","value":1},{"Symptom_Group_Code":"1012","Symptom_Group_Description":"Ankle or Foot Injury; Penetrating (6.4)","Symptom_Discriminator_Code":"4052","Symptom_Descriminator_Description":"ED full ED assessment and management capability","value":1},{"Symptom_Group_Code":"1014","Symptom_Group_Description":"Arm Injury; Blunt (6.4)","Symptom_Discriminator_Code":"4052","Symptom_Descriminator_Description":"ED full ED assessment and management capability","value":2},{"Symptom_Group_Code":"1037","Symptom_Group_Description":"Burn; Chemical (6.4)","Symptom_Discriminator_Code":"4052","Symptom_Descriminator_Description":"ED full ED assessment and management capability","value":1},{"Symptom_Group_Code":"1038","Symptom_Group_Description":"Burn; Thermal (6.4)","Symptom_Discriminator_Code":"4052","Symptom_Descriminator_Description":"ED full ED assessment and management capability","value":1},{"Symptom_Group_Code":"1039","Symptom_Group_Description":"Chest and Upper Back Pain (6.4)","Symptom_Discriminator_Code":"4052","Symptom_Descriminator_Description":"ED full ED assessment and management capability","value":3},{"Symptom_Group_Code":"1068","Symptom_Group_Description":"Eye Injury; Blunt (6.4)","Symptom_Discriminator_Code":"4052","Symptom_Descriminator_Description":"ED full ED assessment and management capability","value":1},{"Symptom_Group_Code":"1071","Symptom_Group_Description":"Eye Splash Injury or Minor Foreign Body (6.4)","Symptom_Discriminator_Code":"4312","Symptom_Descriminator_Description":"ED extended ophthalmic assessment and prescribing capability (PEARS)","value":1},{"Symptom_Group_Code":"1092","Symptom_Group_Description":"Foreign Body; Ingested or Inhaled (6.4)","Symptom_Discriminator_Code":"4052","Symptom_Descriminator_Description":"ED full ED assessment and management capability","value":2},{"Symptom_Group_Code":"1108","Symptom_Group_Description":"Hand or Wrist Injury; Penetrating (6.4)","Symptom_Discriminator_Code":"4014","Symptom_Descriminator_Description":"ED constricting object; removal required","value":1},{"Symptom_Group_Code":"1110","Symptom_Group_Description":"Head; Facial or Neck Injury; Blunt (6.4)","Symptom_Discriminator_Code":"4052","Symptom_Descriminator_Description":"ED full ED assessment and management capability","value":5},{"Symptom_Group_Code":"1111","Symptom_Group_Description":"Head; Facial or Neck Injury; Penetrating (6.4)","Symptom_Discriminator_Code":"4052","Symptom_Descriminator_Description":"ED full ED assessment and management capability","value":1},{"Symptom_Group_Code":"1119","Symptom_Group_Description":"Leg Injury; Blunt (6.4)","Symptom_Discriminator_Code":"4052","Symptom_Descriminator_Description":"ED full ED assessment and management capability","value":1},{"Symptom_Group_Code":"1137","Symptom_Group_Description":"Palpitations (6.4)","Symptom_Discriminator_Code":"4052","Symptom_Descriminator_Description":"ED full ED assessment and management capability","value":1},{"Symptom_Group_Code":"1140","Symptom_Group_Description":"Predetermined Management Plan (6.4)","Symptom_Discriminator_Code":"4323","Symptom_Descriminator_Description":"CN Community Nurse","value":3},{"Symptom_Group_Code":"1143","Symptom_Group_Description":"Rectal Bleeding (6.4)","Symptom_Discriminator_Code":"4052","Symptom_Descriminator_Description":"ED full ED assessment and management capability","value":1},{"Symptom_Group_Code":"1164","Symptom_Group_Description":"Toe Injury; Blunt (6.4)","Symptom_Discriminator_Code":"4014","Symptom_Descriminator_Description":"ED constricting object; removal required","value":1}],"supplyRead":[{"label":"","value":135}]},{"source":2,"target":5,"value":31,"fill":"#8DD3C7","dx":"A&E","supply":[{"label":"05 Hours","value":2},{"label":"06 Hours","value":2},{"label":"08 Hours","value":2},{"label":"09 Hours","value":2},{"label":"10 Hours","value":1},{"label":"11 Hours","value":3},{"label":"12 Hours","value":1},{"label":"13 Hours","value":2},{"label":"14 Hours","value":2},{"label":"16 Hours","value":1},{"label":"17 Hours","value":1},{"label":"18 Hours","value":2},{"label":"19 Hours","value":3},{"label":"20 Hours","value":3},{"label":"21 Hours","value":1},{"label":"22 Hours","value":1},{"label":"23 Hours","value":2}],"supplyDx":[{"label":"1159£Symptoms without specific Pathway (6.4)£4003£PC full Primary Care assessment and prescribing capability","value":1}],"supplySG":[{"Symptom_Group_Code":"1004","Symptom_Group_Description":"Abdominal Pain (6.4)","Symptom_Discriminator_Code":"4052","Symptom_Descriminator_Description":"ED full ED assessment and management capability","value":3},{"Symptom_Group_Code":"1018","Symptom_Group_Description":"Behaviour Change (6.4)","Symptom_Discriminator_Code":"4245","Symptom_Descriminator_Description":"ED suicidal; no means nor plan","value":1},{"Symptom_Group_Code":"1034","Symptom_Group_Description":"Breathing Problems; Breathlessness or Wheeze (6.4)","Symptom_Discriminator_Code":"4052","Symptom_Descriminator_Description":"ED full ED assessment and management capability","value":1},{"Symptom_Group_Code":"1039","Symptom_Group_Description":"Chest and Upper Back Pain (6.4)","Symptom_Discriminator_Code":"4052","Symptom_Descriminator_Description":"ED full ED assessment and management capability","value":1},{"Symptom_Group_Code":"1047","Symptom_Group_Description":"Cough (6.4)","Symptom_Discriminator_Code":"4052","Symptom_Descriminator_Description":"ED full ED assessment and management capability","value":2},{"Symptom_Group_Code":"1081","Symptom_Group_Description":"Falls or Faints Without Injury (6.4)","Symptom_Discriminator_Code":"4052","Symptom_Descriminator_Description":"ED full ED assessment and management capability","value":3},{"Symptom_Group_Code":"1092","Symptom_Group_Description":"Foreign Body; Ingested or Inhaled (6.4)","Symptom_Discriminator_Code":"4052","Symptom_Descriminator_Description":"ED full ED assessment and management capability","value":2},{"Symptom_Group_Code":"1101","Symptom_Group_Description":"Genital Problems (6.4)","Symptom_Discriminator_Code":"4052","Symptom_Descriminator_Description":"ED full ED assessment and management capability","value":1},{"Symptom_Group_Code":"1137","Symptom_Group_Description":"Palpitations (6.4)","Symptom_Discriminator_Code":"4052","Symptom_Descriminator_Description":"ED full ED assessment and management capability","value":3},{"Symptom_Group_Code":"1143","Symptom_Group_Description":"Rectal Bleeding (6.4)","Symptom_Discriminator_Code":"4052","Symptom_Descriminator_Description":"ED full ED assessment and management capability","value":1},{"Symptom_Group_Code":"1145","Symptom_Group_Description":"Scratches and Grazes (6.4)","Symptom_Discriminator_Code":"4052","Symptom_Descriminator_Description":"ED full ED assessment and management capability","value":1},{"Symptom_Group_Code":"1159","Symptom_Group_Description":"Symptoms without specific Pathway (6.4)","Symptom_Discriminator_Code":"4003","Symptom_Descriminator_Description":"PC full Primary Care assessment and prescribing capability","value":5},{"Symptom_Group_Code":"1170","Symptom_Group_Description":"Toxic Ingestion/Inhalation/Overdose (6.4)","Symptom_Discriminator_Code":"4052","Symptom_Descriminator_Description":"ED full ED assessment and management capability","value":2},{"Symptom_Group_Code":"1179","Symptom_Group_Description":"Vomiting (6.4)","Symptom_Discriminator_Code":"4052","Symptom_Descriminator_Description":"ED full ED assessment and management capability","value":1},{"Symptom_Group_Code":"1187","Symptom_Group_Description":"Diabetes; Blood Sugar Problem (6.5)","Symptom_Discriminator_Code":"4052","Symptom_Descriminator_Description":"ED full ED assessment and management capability","value":3},{"Symptom_Group_Code":"NA","Symptom_Group_Description":"NA","Symptom_Discriminator_Code":"NA","Symptom_Descriminator_Description":"NA","value":1}],"supplyRead":[{"label":"","value":137},{"label":"16D..","value":1},{"label":"1738","value":1},{"label":"1828","value":2},{"label":"C10..","value":1},{"label":"C108.","value":2},{"label":"G2z..","value":1},{"label":"J573.","value":1},{"label":"J68..","value":1},{"label":"L1...","value":1},{"label":"L4...","value":1},{"label":"R0070","value":1},{"label":"R065B","value":1},{"label":"R0700","value":1},{"label":"R080.","value":1},{"label":"R090.","value":1},{"label":"ZV6..","value":1}]},{"source":2,"target":6,"value":2,"fill":"#80B1D3","dx":"Contact Primary care","supply":[{"label":"01 Hours","value":1},{"label":"10 Hours","value":1}],"supplyDx":[{"label":"1159£Symptoms without specific Pathway (6.4)£4003£PC full Primary Care assessment and prescribing capability","value":1}],"supplySG":[{"Symptom_Group_Code":"1034","Symptom_Group_Description":"Breathing Problems; Breathlessness or Wheeze (6.4)","Symptom_Discriminator_Code":"4052","Symptom_Descriminator_Description":"ED full ED assessment and management capability","value":1},{"Symptom_Group_Code":"1156","Symptom_Group_Description":"Sore Throat (6.4)","Symptom_Discriminator_Code":"4389","Symptom_Descriminator_Description":"ED post tonsillectomy bleeding","value":1}],"supplyRead":[{"label":"","value":10}]},{"source":2,"target":6,"value":4,"fill":"#8DD3C7","dx":"A&E","supply":[{"label":"04 Hours","value":1},{"label":"10 Hours","value":1},{"label":"17 Hours","value":1},{"label":"19 Hours","value":1}],"supplyDx":[{"label":"1159£Symptoms without specific Pathway (6.4)£4003£PC full Primary Care assessment and prescribing capability","value":1}],"supplySG":[{"Symptom_Group_Code":"1112","Symptom_Group_Description":"Headache (6.4)","Symptom_Discriminator_Code":"4052","Symptom_Descriminator_Description":"ED full ED assessment and management capability","value":1},{"Symptom_Group_Code":"1143","Symptom_Group_Description":"Rectal Bleeding (6.4)","Symptom_Discriminator_Code":"4052","Symptom_Descriminator_Description":"ED full ED assessment and management capability","value":1},{"Symptom_Group_Code":"1203","Symptom_Group_Description":"Mental Health Problem (7.0)","Symptom_Discriminator_Code":"4245","Symptom_Descriminator_Description":"ED suicidal; no means nor plan","value":1},{"Symptom_Group_Code":"NA","Symptom_Group_Description":"NA","Symptom_Discriminator_Code":"NA","Symptom_Descriminator_Description":"NA","value":1}],"supplyRead":[{"label":"","value":18},{"label":"1B1G.","value":1},{"label":"E....","value":1}]},{"source":2,"target":6,"value":2,"fill":"#FB8072","dx":"Non Clinical","supply":[{"label":"15 Hours","value":1},{"label":"23 Hours","value":1}],"supplyDx":[{"label":"1159£Symptoms without specific Pathway (6.4)£4003£PC full Primary Care assessment and prescribing capability","value":1}],"supplySG":[{"Symptom_Group_Code":"1206","Symptom_Group_Description":"NHS Pathways in House Clinician","Symptom_Discriminator_Code":"4312","Symptom_Descriminator_Description":"ED extended ophthalmic assessment and prescribing capability (PEARS)","value":2}],"supplyRead":[{"label":"","value":10}]},{"source":2,"target":7,"value":1,"fill":"#80B1D3","dx":"Contact Primary care","supply":[{"label":"02 Hours","value":1}],"supplyDx":[{"label":"1159£Symptoms without specific Pathway (6.4)£4003£PC full Primary Care assessment and prescribing capability","value":1}],"supplySG":[{"Symptom_Group_Code":"1172","Symptom_Group_Description":"Unwell; Under 1 Year Old (6.4)","Symptom_Discriminator_Code":"4052","Symptom_Descriminator_Description":"ED full ED assessment and management capability","value":1}],"supplyRead":[{"label":"","value":4},{"label":"1B1I0","value":1}]},{"source":2,"target":8,"value":2,"fill":"#80B1D3","dx":"Contact Primary care","supply":[{"label":"15 Hours","value":1},{"label":"21 Hours","value":1}],"supplyDx":[{"label":"1159£Symptoms without specific Pathway (6.4)£4003£PC full Primary Care assessment and prescribing capability","value":1}],"supplySG":[{"Symptom_Group_Code":"1004","Symptom_Group_Description":"Abdominal Pain (6.4)","Symptom_Discriminator_Code":"4052","Symptom_Descriminator_Description":"ED full ED assessment and management capability","value":2}],"supplyRead":[{"label":"","value":9},{"label":"R090.","value":1}]},{"source":2,"target":8,"value":2,"fill":"#8DD3C7","dx":"A&E","supply":[{"label":"10 Hours","value":1},{"label":"20 Hours","value":1}],"supplyDx":[{"label":"1159£Symptoms without specific Pathway (6.4)£4003£PC full Primary Care assessment and prescribing capability","value":1}],"supplySG":[{"Symptom_Group_Code":"1110","Symptom_Group_Description":"Head; Facial or Neck Injury; Blunt (6.4)","Symptom_Discriminator_Code":"4052","Symptom_Descriminator_Description":"ED full ED assessment and management capability","value":1},{"Symptom_Group_Code":"1135","Symptom_Group_Description":"Pain and/or Frequency Passing Urine (6.4)","Symptom_Discriminator_Code":"4020","Symptom_Descriminator_Description":"PC assessment and management capability; minor condition","value":1}],"supplyRead":[{"label":"","value":9},{"label":"S646.","value":1}]},{"source":2,"target":11,"value":3,"fill":"#80B1D3","dx":"Contact Primary care","supply":[{"label":"14 Hours","value":1},{"label":"15 Hours","value":1},{"label":"21 Hours","value":1}],"supplyDx":[{"label":"1159£Symptoms without specific Pathway (6.4)£4003£PC full Primary Care assessment and prescribing capability","value":1}],"supplySG":[{"Symptom_Group_Code":"1004","Symptom_Group_Description":"Abdominal Pain (6.4)","Symptom_Discriminator_Code":"4052","Symptom_Descriminator_Description":"ED full ED assessment and management capability","value":1},{"Symptom_Group_Code":"1159","Symptom_Group_Description":"Symptoms without specific Pathway (6.4)","Symptom_Discriminator_Code":"4003","Symptom_Descriminator_Description":"PC full Primary Care assessment and prescribing capability","value":2}],"supplyRead":[{"label":"","value":13},{"label":"L100.","value":1},{"label":"R002z","value":1}]},{"source":3,"target":5,"value":21,"fill":"#8DD3C7","dx":"A&E","supply":[{"label":"07 Hours","value":3},{"label":"08 Hours","value":1},{"label":"09 Hours","value":3},{"label":"11 Hours","value":2},{"label":"13 Hours","value":1},{"label":"14 Hours","value":5},{"label":"15 Hours","value":3},{"label":"16 Hours","value":1},{"label":"21 Hours","value":1},{"label":"22 Hours","value":1}],"supplyDx":[{"label":"1159£Symptoms without specific Pathway (6.4)£4003£PC full Primary Care assessment and prescribing capability","value":1}],"supplySG":[{"Symptom_Group_Code":"1039","Symptom_Group_Description":"Chest and Upper Back Pain (6.4)","Symptom_Discriminator_Code":"4052","Symptom_Descriminator_Description":"ED full ED assessment and management capability","value":1},{"Symptom_Group_Code":"1055","Symptom_Group_Description":"Diarrhoea and Vomiting (6.4)","Symptom_Discriminator_Code":"4052","Symptom_Descriminator_Description":"ED full ED assessment and management capability","value":1},{"Symptom_Group_Code":"1059","Symptom_Group_Description":"Dizziness or Vertigo (6.4)","Symptom_Discriminator_Code":"4052","Symptom_Descriminator_Description":"ED full ED assessment and management capability","value":1},{"Symptom_Group_Code":"1081","Symptom_Group_Description":"Falls or Faints Without Injury (6.4)","Symptom_Discriminator_Code":"4052","Symptom_Descriminator_Description":"ED full ED assessment and management capability","value":1},{"Symptom_Group_Code":"1101","Symptom_Group_Description":"Genital Problems (6.4)","Symptom_Discriminator_Code":"4052","Symptom_Descriminator_Description":"ED full ED assessment and management capability","value":1},{"Symptom_Group_Code":"1152","Symptom_Group_Description":"Skin; Rash (6.4)","Symptom_Discriminator_Code":"4052","Symptom_Descriminator_Description":"ED full ED assessment and management capability","value":1},{"Symptom_Group_Code":"1206","Symptom_Group_Description":"NHS Pathways in House Clinician","Symptom_Discriminator_Code":"4312","Symptom_Descriminator_Description":"ED extended ophthalmic assessment and prescribing capability (PEARS)","value":15}],"supplyRead":[{"label":"","value":105}]},{"source":3,"target":9,"value":1,"fill":"#8DD3C7","dx":"A&E","supply":[{"label":"12 Hours","value":1}],"supplyDx":[{"label":"1159£Symptoms without specific Pathway (6.4)£4003£PC full Primary Care assessment and prescribing capability","value":1}],"supplySG":[{"Symptom_Group_Code":"1206","Symptom_Group_Description":"NHS Pathways in House Clinician","Symptom_Discriminator_Code":"4312","Symptom_Descriminator_Description":"ED extended ophthalmic assessment and prescribing capability (PEARS)","value":1}],"supplyRead":[{"label":"","value":5}]},{"source":3,"target":10,"value":1,"fill":"#8DD3C7","dx":"A&E","supply":[{"label":"14 Hours","value":1}],"supplyDx":[{"label":"1159£Symptoms without specific Pathway (6.4)£4003£PC full Primary Care assessment and prescribing capability","value":1}],"supplySG":[{"Symptom_Group_Code":"1076","Symptom_Group_Description":"Eye; Visual Loss or Disturbance (6.4)","Symptom_Discriminator_Code":"4312","Symptom_Descriminator_Description":"ED extended ophthalmic assessment and prescribing capability (PEARS)","value":1}],"supplyRead":[{"label":"","value":5}]},{"source":4,"target":5,"value":3,"fill":"#8DD3C7","dx":"A&E","supply":[{"label":"09 Hours","value":1},{"label":"13 Hours","value":1},{"label":"14 Hours","value":1}],"supplyDx":[{"label":"1159£Symptoms without specific Pathway (6.4)£4003£PC full Primary Care assessment and prescribing capability","value":1}],"supplySG":[{"Symptom_Group_Code":"1110","Symptom_Group_Description":"Head; Facial or Neck Injury; Blunt (6.4)","Symptom_Discriminator_Code":"4052","Symptom_Descriminator_Description":"ED full ED assessment and management capability","value":1},{"Symptom_Group_Code":"1117","Symptom_Group_Description":"Knee or Lower Leg Pain or Swelling (6.4)","Symptom_Discriminator_Code":"4052","Symptom_Descriminator_Description":"ED full ED assessment and management capability","value":1},{"Symptom_Group_Code":"1206","Symptom_Group_Description":"NHS Pathways in House Clinician","Symptom_Discriminator_Code":"4312","Symptom_Descriminator_Description":"ED extended ophthalmic assessment and prescribing capability (PEARS)","value":1}],"supplyRead":[{"label":"","value":15}]}]}