{"nodes":[{"layer":1,"name":"Pathways Non-Clinician","fill":"#9E0142","label":"Initial Skillset"},{"layer":1,"name":"Pathways GP","fill":"#9E0142","label":"Initial Skillset"},{"layer":1,"name":"Service Advisor","fill":"#9E0142","label":"Initial Skillset"},{"layer":2,"name":"Pathways Non-Clinician","fill":"#F46D43","label":"Final Skillset"},{"layer":2,"name":"Pathways Clinician","fill":"#F46D43","label":"Final Skillset"},{"layer":2,"name":"Pathways GP","fill":"#F46D43","label":"Final Skillset"},{"layer":2,"name":"OLC Clinician (Advice)","fill":"#F46D43","label":"Final Skillset"},{"layer":3,"name":"Emergency Department (ED)","fill":"#FEE08B","label":"Service Type"},{"layer":3,"name":"Urgent Treatment Centre (UTC)","fill":"#FEE08B","label":"Service Type"},{"layer":3,"name":"Urgent Care Centre (UCC)","fill":"#FEE08B","label":"Service Type"},{"layer":3,"name":"","fill":"#FEE08B","label":"Service Type"},{"layer":3,"name":"Emergency Department (ED) Eye Casualty","fill":"#FEE08B","label":"Service Type"},{"layer":3,"name":"Care Home","fill":"#FEE08B","label":"Service Type"},{"layer":3,"name":"Emergency National Response","fill":"#FEE08B","label":"Service Type"},{"layer":3,"name":"Integrated Urgent Care (IUC) Treatment Service","fill":"#FEE08B","label":"Service Type"}],"links":[{"source":0,"target":4,"value":1,"fill":"#B3DE69","dx":"Health Information","supply":[{"label":"22 Hours","value":1}],"supplyDx":[{"label":"Dx02: 5.24 (A&E)","value":1}],"supplySG":[{"Symptom_Group_Code":"1039","Symptom_Group_Description":"Chest and Upper Back Pain (6.4)","Symptom_Discriminator_Code":"4052","Symptom_Descriminator_Description":"ED full ED assessment and management capability","value":1}],"supplyRead":[]},{"source":0,"target":4,"value":1,"fill":"#FB8072","dx":"Speak to Primary care","supply":[{"label":"19 Hours","value":1}],"supplyDx":[{"label":"Dx02: 5.24 (A&E)","value":1}],"supplySG":[{"Symptom_Group_Code":"1054","Symptom_Group_Description":"Diarrhoea (6.4)","Symptom_Discriminator_Code":"4052","Symptom_Descriminator_Description":"ED full ED assessment and management capability","value":1}],"supplyRead":[{"label":"","value":5}]},{"source":0,"target":4,"value":11,"fill":"#FFFFB3","dx":"Other Service","supply":[{"label":"01 Hours","value":1},{"label":"09 Hours","value":1},{"label":"10 Hours","value":1},{"label":"11 Hours","value":1},{"label":"12 Hours","value":1},{"label":"15 Hours","value":1},{"label":"17 Hours","value":1},{"label":"18 Hours","value":2},{"label":"23 Hours","value":2}],"supplyDx":[{"label":"Dx02: 5.24 (A&E)","value":11}],"supplySG":[{"Symptom_Group_Code":"1039","Symptom_Group_Description":"Chest and Upper Back Pain (6.4)","Symptom_Discriminator_Code":"4052","Symptom_Descriminator_Description":"ED full ED assessment and management capability","value":1},{"Symptom_Group_Code":"1076","Symptom_Group_Description":"Eye; Visual Loss or Disturbance (6.4)","Symptom_Discriminator_Code":"4312","Symptom_Descriminator_Description":"ED extended ophthalmic assessment and prescribing capability (PEARS)","value":1},{"Symptom_Group_Code":"1179","Symptom_Group_Description":"Vomiting (6.4)","Symptom_Discriminator_Code":"4052","Symptom_Descriminator_Description":"ED full ED assessment and management capability","value":1},{"Symptom_Group_Code":"1206","Symptom_Group_Description":"NHS Pathways in House Clinician","Symptom_Discriminator_Code":"4312","Symptom_Descriminator_Description":"ED extended ophthalmic assessment and prescribing capability (PEARS)","value":8}],"supplyRead":[{"label":"","value":51},{"label":"1B1G.","value":1},{"label":"G2z..","value":1},{"label":"H05z.","value":1},{"label":"N145.","value":1},{"label":"R0062","value":1},{"label":"R093.","value":1},{"label":"SD3..","value":1},{"label":"T8...","value":1},{"label":"TC...","value":1}]},{"source":0,"target":5,"value":1,"fill":"#80B1D3","dx":"Non Clinical","supply":[{"label":"18 Hours","value":1}],"supplyDx":[{"label":"Dx02: 5.24 (A&E)","value":1}],"supplySG":[{"Symptom_Group_Code":"1159","Symptom_Group_Description":"Symptoms without specific Pathway (6.4)","Symptom_Discriminator_Code":"4003","Symptom_Descriminator_Description":"PC full Primary Care assessment and prescribing capability","value":1}],"supplyRead":[]},{"source":0,"target":5,"value":2,"fill":"#BEBADA","dx":"Contact Primary care","supply":[{"label":"04 Hours","value":1},{"label":"18 Hours","value":1}],"supplyDx":[{"label":"Dx02: 5.24 (A&E)","value":2}],"supplySG":[{"Symptom_Group_Code":"1004","Symptom_Group_Description":"Abdominal Pain (6.4)","Symptom_Discriminator_Code":"4052","Symptom_Descriminator_Description":"ED full ED assessment and management capability","value":1},{"Symptom_Group_Code":"1089","Symptom_Group_Description":"Flank or Side Pain (6.4)","Symptom_Discriminator_Code":"4052","Symptom_Descriminator_Description":"ED full ED assessment and management capability","value":1}],"supplyRead":[{"label":"","value":5}]},{"source":0,"target":5,"value":3,"fill":"#FB8072","dx":"Speak to Primary care","supply":[{"label":"11 Hours","value":1},{"label":"14 Hours","value":1},{"label":"20 Hours","value":1}],"supplyDx":[{"label":"Dx02: 5.24 (A&E)","value":2},{"label":"Dx108: 5.27c (Non Clinical)","value":1}],"supplySG":[{"Symptom_Group_Code":"1084","Symptom_Group_Description":"Fever (6.4)","Symptom_Discriminator_Code":"4052","Symptom_Descriminator_Description":"ED full ED assessment and management capability","value":1},{"Symptom_Group_Code":"1112","Symptom_Group_Description":"Headache (6.4)","Symptom_Discriminator_Code":"4052","Symptom_Descriminator_Description":"ED full ED assessment and management capability","value":1},{"Symptom_Group_Code":"1206","Symptom_Group_Description":"NHS Pathways in House Clinician","Symptom_Discriminator_Code":"4312","Symptom_Descriminator_Description":"ED extended ophthalmic assessment and prescribing capability (PEARS)","value":1}],"supplyRead":[{"label":"","value":5}]},{"source":0,"target":5,"value":37,"fill":"#FFFFB3","dx":"Other Service","supply":[{"label":"01 Hours","value":1},{"label":"03 Hours","value":1},{"label":"04 Hours","value":2},{"label":"06 Hours","value":1},{"label":"08 Hours","value":3},{"label":"09 Hours","value":3},{"label":"11 Hours","value":2},{"label":"12 Hours","value":1},{"label":"13 Hours","value":5},{"label":"14 Hours","value":2},{"label":"15 Hours","value":2},{"label":"16 Hours","value":2},{"label":"17 Hours","value":4},{"label":"18 Hours","value":2},{"label":"19 Hours","value":1},{"label":"21 Hours","value":3},{"label":"22 Hours","value":1},{"label":"23 Hours","value":1}],"supplyDx":[{"label":"Dx02: 5.24 (A&E)","value":18},{"label":"Dx03: 5.24 (A&E)","value":8},{"label":"Dx06: 5.25a (Contact Primary care)","value":2},{"label":"Dx07: 5.25a (Contact Primary care)","value":1},{"label":"Dx108: 5.27c (Non Clinical)","value":5},{"label":"Dx110: 5.25a (Contact Primary care)","value":1},{"label":"Dx118: 5.25d (Dental)","value":1},{"label":"Dx25: 5.27b (Home Care)","value":1}],"supplySG":[{"Symptom_Group_Code":"1004","Symptom_Group_Description":"Abdominal Pain (6.4)","Symptom_Discriminator_Code":"4052","Symptom_Descriminator_Description":"ED full ED assessment and management capability","value":6},{"Symptom_Group_Code":"1025","Symptom_Group_Description":"Blood in Urine (6.4)","Symptom_Discriminator_Code":"4003","Symptom_Descriminator_Description":"PC full Primary Care assessment and prescribing capability","value":1},{"Symptom_Group_Code":"1034","Symptom_Group_Description":"Breathing Problems; Breathlessness or Wheeze (6.4)","Symptom_Discriminator_Code":"4052","Symptom_Descriminator_Description":"ED full ED assessment and management capability","value":3},{"Symptom_Group_Code":"1036","Symptom_Group_Description":"Bringing Up Blood (6.4)","Symptom_Discriminator_Code":"4052","Symptom_Descriminator_Description":"ED full ED assessment and management capability","value":1},{"Symptom_Group_Code":"1043","Symptom_Group_Description":"Cold or Flu (6.4)","Symptom_Discriminator_Code":"4003","Symptom_Descriminator_Description":"PC full Primary Care assessment and prescribing capability","value":1},{"Symptom_Group_Code":"1055","Symptom_Group_Description":"Diarrhoea and Vomiting (6.4)","Symptom_Discriminator_Code":"4052","Symptom_Descriminator_Description":"ED full ED assessment and management capability","value":1},{"Symptom_Group_Code":"1080","Symptom_Group_Description":"Face; Neck Pain or Swelling (6.4)","Symptom_Discriminator_Code":"4134","Symptom_Descriminator_Description":"ED full ophthalmic ED assessment and management capability","value":1},{"Symptom_Group_Code":"1084","Symptom_Group_Description":"Fever (6.4)","Symptom_Discriminator_Code":"4052","Symptom_Descriminator_Description":"ED full ED assessment and management capability","value":1},{"Symptom_Group_Code":"1110","Symptom_Group_Description":"Head; Facial or Neck Injury; Blunt (6.4)","Symptom_Discriminator_Code":"4052","Symptom_Descriminator_Description":"ED full ED assessment and management capability","value":1},{"Symptom_Group_Code":"1112","Symptom_Group_Description":"Headache (6.4)","Symptom_Discriminator_Code":"4052","Symptom_Descriminator_Description":"ED full ED assessment and management capability","value":1},{"Symptom_Group_Code":"1126","Symptom_Group_Description":"Lower Back Pain (6.4)","Symptom_Discriminator_Code":"4052","Symptom_Descriminator_Description":"ED full ED assessment and management capability","value":2},{"Symptom_Group_Code":"1128","Symptom_Group_Description":"Lower Limb Pain or Swelling (6.4)","Symptom_Discriminator_Code":"4052","Symptom_Descriminator_Description":"ED full ED assessment and management capability","value":1},{"Symptom_Group_Code":"1159","Symptom_Group_Description":"Symptoms without specific Pathway (6.4)","Symptom_Discriminator_Code":"4003","Symptom_Descriminator_Description":"PC full Primary Care assessment and prescribing capability","value":1},{"Symptom_Group_Code":"1170","Symptom_Group_Description":"Toxic Ingestion/Inhalation/Overdose (6.4)","Symptom_Discriminator_Code":"4052","Symptom_Descriminator_Description":"ED full ED assessment and management capability","value":3},{"Symptom_Group_Code":"1172","Symptom_Group_Description":"Unwell; Under 1 Year Old (6.4)","Symptom_Discriminator_Code":"4052","Symptom_Descriminator_Description":"ED full ED assessment and management capability","value":2},{"Symptom_Group_Code":"1179","Symptom_Group_Description":"Vomiting (6.4)","Symptom_Discriminator_Code":"4052","Symptom_Descriminator_Description":"ED full ED assessment and management capability","value":1},{"Symptom_Group_Code":"1187","Symptom_Group_Description":"Diabetes; Blood Sugar Problem (6.5)","Symptom_Discriminator_Code":"4052","Symptom_Descriminator_Description":"ED full ED assessment and management capability","value":1},{"Symptom_Group_Code":"1206","Symptom_Group_Description":"NHS Pathways in House Clinician","Symptom_Discriminator_Code":"4312","Symptom_Descriminator_Description":"ED extended ophthalmic assessment and prescribing capability (PEARS)","value":7},{"Symptom_Group_Code":"NA","Symptom_Group_Description":"NA","Symptom_Discriminator_Code":"NA","Symptom_Descriminator_Description":"NA","value":2}],"supplyRead":[{"label":"","value":51},{"label":"1B1G.","value":1},{"label":"G2z..","value":1},{"label":"H05z.","value":1},{"label":"N145.","value":1},{"label":"R0062","value":1},{"label":"R093.","value":1},{"label":"SD3..","value":1},{"label":"T8...","value":1},{"label":"TC...","value":1}]},{"source":0,"target":6,"value":1,"fill":"#FFFFB3","dx":"Other Service","supply":[{"label":"19 Hours","value":1}],"supplyDx":[{"label":"Dx02: 5.24 (A&E)","value":1}],"supplySG":[{"Symptom_Group_Code":"1137","Symptom_Group_Description":"Palpitations (6.4)","Symptom_Discriminator_Code":"4052","Symptom_Descriminator_Description":"ED full ED assessment and management capability","value":1}],"supplyRead":[{"label":"","value":51},{"label":"1B1G.","value":1},{"label":"G2z..","value":1},{"label":"H05z.","value":1},{"label":"N145.","value":1},{"label":"R0062","value":1},{"label":"R093.","value":1},{"label":"SD3..","value":1},{"label":"T8...","value":1},{"label":"TC...","value":1}]},{"source":0,"target":7,"value":43,"fill":"#8DD3C7","dx":"A&E","supply":[{"label":"00 Hours","value":2},{"label":"01 Hours","value":1},{"label":"03 Hours","value":1},{"label":"04 Hours","value":1},{"label":"05 Hours","value":2},{"label":"07 Hours","value":1},{"label":"08 Hours","value":3},{"label":"09 Hours","value":1},{"label":"11 Hours","value":3},{"label":"12 Hours","value":3},{"label":"13 Hours","value":2},{"label":"15 Hours","value":2},{"label":"16 Hours","value":2},{"label":"17 Hours","value":2},{"label":"18 Hours","value":6},{"label":"19 Hours","value":2},{"label":"20 Hours","value":1},{"label":"21 Hours","value":5},{"label":"22 Hours","value":1},{"label":"23 Hours","value":2}],"supplyDx":[{"label":"Dx02: 5.24 (A&E)","value":37},{"label":"Dx03: 5.24 (A&E)","value":6}],"supplySG":[{"Symptom_Group_Code":"1011","Symptom_Group_Description":"Ankle or Foot Injury; Blunt (6.4)","Symptom_Discriminator_Code":"4052","Symptom_Descriminator_Description":"ED full ED assessment and management capability","value":4},{"Symptom_Group_Code":"1015","Symptom_Group_Description":"Arm Injury; Penetrating (6.4)","Symptom_Discriminator_Code":"4052","Symptom_Descriminator_Description":"ED full ED assessment and management capability","value":1},{"Symptom_Group_Code":"1018","Symptom_Group_Description":"Behaviour Change (6.4)","Symptom_Discriminator_Code":"4245","Symptom_Descriminator_Description":"ED suicidal; no means nor plan","value":1},{"Symptom_Group_Code":"1021","Symptom_Group_Description":"Bites; Animal (6.4)","Symptom_Discriminator_Code":"4052","Symptom_Descriminator_Description":"ED full ED assessment and management capability","value":2},{"Symptom_Group_Code":"1038","Symptom_Group_Description":"Burn; Thermal (6.4)","Symptom_Discriminator_Code":"4052","Symptom_Descriminator_Description":"ED full ED assessment and management capability","value":2},{"Symptom_Group_Code":"1039","Symptom_Group_Description":"Chest and Upper Back Pain (6.4)","Symptom_Discriminator_Code":"4052","Symptom_Descriminator_Description":"ED full ED assessment and management capability","value":3},{"Symptom_Group_Code":"1055","Symptom_Group_Description":"Diarrhoea and Vomiting (6.4)","Symptom_Discriminator_Code":"4052","Symptom_Descriminator_Description":"ED full ED assessment and management capability","value":1},{"Symptom_Group_Code":"1059","Symptom_Group_Description":"Dizziness or Vertigo (6.4)","Symptom_Discriminator_Code":"4052","Symptom_Descriminator_Description":"ED full ED assessment and management capability","value":1},{"Symptom_Group_Code":"1086","Symptom_Group_Description":"Finger or Thumb Injury; Penetrating (6.4)","Symptom_Discriminator_Code":"4009","Symptom_Descriminator_Description":"ED amputation; digit","value":2},{"Symptom_Group_Code":"1107","Symptom_Group_Description":"Hand or Wrist Injury; Blunt (6.4)","Symptom_Discriminator_Code":"4052","Symptom_Descriminator_Description":"ED full ED assessment and management capability","value":1},{"Symptom_Group_Code":"1108","Symptom_Group_Description":"Hand or Wrist Injury; Penetrating (6.4)","Symptom_Discriminator_Code":"4014","Symptom_Descriminator_Description":"ED constricting object; removal required","value":2},{"Symptom_Group_Code":"1110","Symptom_Group_Description":"Head; Facial or Neck Injury; Blunt (6.4)","Symptom_Discriminator_Code":"4052","Symptom_Descriminator_Description":"ED full ED assessment and management capability","value":6},{"Symptom_Group_Code":"1119","Symptom_Group_Description":"Leg Injury; Blunt (6.4)","Symptom_Discriminator_Code":"4052","Symptom_Descriminator_Description":"ED full ED assessment and management capability","value":2},{"Symptom_Group_Code":"1137","Symptom_Group_Description":"Palpitations (6.4)","Symptom_Discriminator_Code":"4052","Symptom_Descriminator_Description":"ED full ED assessment and management capability","value":3},{"Symptom_Group_Code":"1140","Symptom_Group_Description":"Predetermined Management Plan (6.4)","Symptom_Discriminator_Code":"4323","Symptom_Descriminator_Description":"CN Community Nurse","value":8},{"Symptom_Group_Code":"1165","Symptom_Group_Description":"Toe Injury; Penetrating (6.4)","Symptom_Discriminator_Code":"4009","Symptom_Descriminator_Description":"ED amputation; digit","value":1},{"Symptom_Group_Code":"1181","Symptom_Group_Description":"Wound Problems (6.4)","Symptom_Discriminator_Code":"4052","Symptom_Descriminator_Description":"ED full ED assessment and management capability","value":2},{"Symptom_Group_Code":"1183","Symptom_Group_Description":"Nail Injury (6.4)","Symptom_Discriminator_Code":"4052","Symptom_Descriminator_Description":"ED full ED assessment and management capability","value":1}],"supplyRead":[{"label":"","value":215}]},{"source":1,"target":8,"value":1,"fill":"#8DD3C7","dx":"A&E","supply":[{"label":"11 Hours","value":1}],"supplyDx":[{"label":"Dx02: 5.24 (A&E)","value":1}],"supplySG":[{"Symptom_Group_Code":"1004","Symptom_Group_Description":"Abdominal Pain (6.4)","Symptom_Discriminator_Code":"4052","Symptom_Descriminator_Description":"ED full ED assessment and management capability","value":1}],"supplyRead":[{"label":"","value":5}]},{"source":2,"target":5,"value":1,"fill":"#FDB462","dx":"Home Care","supply":[{"label":"19 Hours","value":1}],"supplyDx":[{"label":"Dx25: 5.27b (Home Care)","value":1}],"supplySG":[{"Symptom_Group_Code":"1206","Symptom_Group_Description":"NHS Pathways in House Clinician","Symptom_Discriminator_Code":"4312","Symptom_Descriminator_Description":"ED extended ophthalmic assessment and prescribing capability (PEARS)","value":1}],"supplyRead":[]},{"source":4,"target":7,"value":12,"fill":"#8DD3C7","dx":"A&E","supply":[{"label":"01 Hours","value":1},{"label":"09 Hours","value":1},{"label":"10 Hours","value":1},{"label":"12 Hours","value":1},{"label":"15 Hours","value":1},{"label":"17 Hours","value":1},{"label":"18 Hours","value":2},{"label":"19 Hours","value":1},{"label":"22 Hours","value":1},{"label":"23 Hours","value":2}],"supplyDx":[{"label":"1159£Symptoms without specific Pathway (6.4)£4003£PC full Primary Care assessment and prescribing capability","value":1}],"supplySG":[{"Symptom_Group_Code":"1039","Symptom_Group_Description":"Chest and Upper Back Pain (6.4)","Symptom_Discriminator_Code":"4052","Symptom_Descriminator_Description":"ED full ED assessment and management capability","value":2},{"Symptom_Group_Code":"1054","Symptom_Group_Description":"Diarrhoea (6.4)","Symptom_Discriminator_Code":"4052","Symptom_Descriminator_Description":"ED full ED assessment and management capability","value":1},{"Symptom_Group_Code":"1179","Symptom_Group_Description":"Vomiting (6.4)","Symptom_Discriminator_Code":"4052","Symptom_Descriminator_Description":"ED full ED assessment and management capability","value":1},{"Symptom_Group_Code":"1206","Symptom_Group_Description":"NHS Pathways in House Clinician","Symptom_Discriminator_Code":"4312","Symptom_Descriminator_Description":"ED extended ophthalmic assessment and prescribing capability (PEARS)","value":8}],"supplyRead":[{"label":"","value":60}]},{"source":4,"target":11,"value":1,"fill":"#8DD3C7","dx":"A&E","supply":[{"label":"11 Hours","value":1}],"supplyDx":[{"label":"1159£Symptoms without specific Pathway (6.4)£4003£PC full Primary Care assessment and prescribing capability","value":1}],"supplySG":[{"Symptom_Group_Code":"1076","Symptom_Group_Description":"Eye; Visual Loss or Disturbance (6.4)","Symptom_Discriminator_Code":"4312","Symptom_Descriminator_Description":"ED extended ophthalmic assessment and prescribing capability (PEARS)","value":1}],"supplyRead":[{"label":"","value":5}]},{"source":5,"target":7,"value":25,"fill":"#8DD3C7","dx":"A&E","supply":[{"label":"01 Hours","value":1},{"label":"04 Hours","value":3},{"label":"06 Hours","value":1},{"label":"08 Hours","value":2},{"label":"09 Hours","value":2},{"label":"11 Hours","value":1},{"label":"13 Hours","value":3},{"label":"16 Hours","value":1},{"label":"17 Hours","value":3},{"label":"18 Hours","value":3},{"label":"19 Hours","value":1},{"label":"20 Hours","value":1},{"label":"21 Hours","value":2},{"label":"23 Hours","value":1}],"supplyDx":[{"label":"1159£Symptoms without specific Pathway (6.4)£4003£PC full Primary Care assessment and prescribing capability","value":1}],"supplySG":[{"Symptom_Group_Code":"1004","Symptom_Group_Description":"Abdominal Pain (6.4)","Symptom_Discriminator_Code":"4052","Symptom_Descriminator_Description":"ED full ED assessment and management capability","value":5},{"Symptom_Group_Code":"1034","Symptom_Group_Description":"Breathing Problems; Breathlessness or Wheeze (6.4)","Symptom_Discriminator_Code":"4052","Symptom_Descriminator_Description":"ED full ED assessment and management capability","value":3},{"Symptom_Group_Code":"1036","Symptom_Group_Description":"Bringing Up Blood (6.4)","Symptom_Discriminator_Code":"4052","Symptom_Descriminator_Description":"ED full ED assessment and management capability","value":1},{"Symptom_Group_Code":"1043","Symptom_Group_Description":"Cold or Flu (6.4)","Symptom_Discriminator_Code":"4003","Symptom_Descriminator_Description":"PC full Primary Care assessment and prescribing capability","value":1},{"Symptom_Group_Code":"1055","Symptom_Group_Description":"Diarrhoea and Vomiting (6.4)","Symptom_Discriminator_Code":"4052","Symptom_Descriminator_Description":"ED full ED assessment and management capability","value":1},{"Symptom_Group_Code":"1084","Symptom_Group_Description":"Fever (6.4)","Symptom_Discriminator_Code":"4052","Symptom_Descriminator_Description":"ED full ED assessment and management capability","value":1},{"Symptom_Group_Code":"1089","Symptom_Group_Description":"Flank or Side Pain (6.4)","Symptom_Discriminator_Code":"4052","Symptom_Descriminator_Description":"ED full ED assessment and management capability","value":1},{"Symptom_Group_Code":"1110","Symptom_Group_Description":"Head; Facial or Neck Injury; Blunt (6.4)","Symptom_Discriminator_Code":"4052","Symptom_Descriminator_Description":"ED full ED assessment and management capability","value":1},{"Symptom_Group_Code":"1112","Symptom_Group_Description":"Headache (6.4)","Symptom_Discriminator_Code":"4052","Symptom_Descriminator_Description":"ED full ED assessment and management capability","value":1},{"Symptom_Group_Code":"1126","Symptom_Group_Description":"Lower Back Pain (6.4)","Symptom_Discriminator_Code":"4052","Symptom_Descriminator_Description":"ED full ED assessment and management capability","value":2},{"Symptom_Group_Code":"1159","Symptom_Group_Description":"Symptoms without specific Pathway (6.4)","Symptom_Discriminator_Code":"4003","Symptom_Descriminator_Description":"PC full Primary Care assessment and prescribing capability","value":2},{"Symptom_Group_Code":"1170","Symptom_Group_Description":"Toxic Ingestion/Inhalation/Overdose (6.4)","Symptom_Discriminator_Code":"4052","Symptom_Descriminator_Description":"ED full ED assessment and management capability","value":1},{"Symptom_Group_Code":"1172","Symptom_Group_Description":"Unwell; Under 1 Year Old (6.4)","Symptom_Discriminator_Code":"4052","Symptom_Descriminator_Description":"ED full ED assessment and management capability","value":2},{"Symptom_Group_Code":"1179","Symptom_Group_Description":"Vomiting (6.4)","Symptom_Discriminator_Code":"4052","Symptom_Descriminator_Description":"ED full ED assessment and management capability","value":1},{"Symptom_Group_Code":"1187","Symptom_Group_Description":"Diabetes; Blood Sugar Problem (6.5)","Symptom_Discriminator_Code":"4052","Symptom_Descriminator_Description":"ED full ED assessment and management capability","value":1},{"Symptom_Group_Code":"NA","Symptom_Group_Description":"NA","Symptom_Discriminator_Code":"NA","Symptom_Descriminator_Description":"NA","value":1}],"supplyRead":[{"label":"","value":110},{"label":"1739","value":1},{"label":"1B1G.","value":1},{"label":"419..","value":1},{"label":"A07y0","value":1},{"label":"F4...","value":1},{"label":"G2z..","value":1},{"label":"L13..","value":1},{"label":"N145.","value":1},{"label":"R0062","value":1},{"label":"R090.","value":2},{"label":"R093.","value":1},{"label":"S8z..","value":1},{"label":"SD3..","value":1},{"label":"TC...","value":1}]},{"source":5,"target":7,"value":1,"fill":"#FCCDE5","dx":"Dental","supply":[{"label":"15 Hours","value":1}],"supplyDx":[{"label":"1159£Symptoms without specific Pathway (6.4)£4003£PC full Primary Care assessment and prescribing capability","value":1}],"supplySG":[{"Symptom_Group_Code":"NA","Symptom_Group_Description":"NA","Symptom_Discriminator_Code":"NA","Symptom_Descriminator_Description":"NA","value":1}],"supplyRead":[{"label":"","value":5}]},{"source":5,"target":8,"value":4,"fill":"#8DD3C7","dx":"A&E","supply":[{"label":"03 Hours","value":1},{"label":"11 Hours","value":3},{"label":"16 Hours","value":1}],"supplyDx":[{"label":"1159£Symptoms without specific Pathway (6.4)£4003£PC full Primary Care assessment and prescribing capability","value":1}],"supplySG":[{"Symptom_Group_Code":"1004","Symptom_Group_Description":"Abdominal Pain (6.4)","Symptom_Discriminator_Code":"4052","Symptom_Descriminator_Description":"ED full ED assessment and management capability","value":2},{"Symptom_Group_Code":"1025","Symptom_Group_Description":"Blood in Urine (6.4)","Symptom_Discriminator_Code":"4003","Symptom_Descriminator_Description":"PC full Primary Care assessment and prescribing capability","value":1},{"Symptom_Group_Code":"1084","Symptom_Group_Description":"Fever (6.4)","Symptom_Discriminator_Code":"4052","Symptom_Descriminator_Description":"ED full ED assessment and management capability","value":1},{"Symptom_Group_Code":"1112","Symptom_Group_Description":"Headache (6.4)","Symptom_Discriminator_Code":"4052","Symptom_Descriminator_Description":"ED full ED assessment and management capability","value":1}],"supplyRead":[{"label":"","value":24},{"label":"K197.","value":1}]},{"source":5,"target":9,"value":1,"fill":"#8DD3C7","dx":"A&E","supply":[{"label":"08 Hours","value":1}],"supplyDx":[{"label":"1159£Symptoms without specific Pathway (6.4)£4003£PC full Primary Care assessment and prescribing capability","value":1}],"supplySG":[{"Symptom_Group_Code":"1004","Symptom_Group_Description":"Abdominal Pain (6.4)","Symptom_Discriminator_Code":"4052","Symptom_Descriminator_Description":"ED full ED assessment and management capability","value":1}],"supplyRead":[{"label":"","value":5}]},{"source":5,"target":9,"value":1,"fill":"#BEBADA","dx":"Contact Primary care","supply":[{"label":"17 Hours","value":1}],"supplyDx":[{"label":"1159£Symptoms without specific Pathway (6.4)£4003£PC full Primary Care assessment and prescribing capability","value":1}],"supplySG":[{"Symptom_Group_Code":"1170","Symptom_Group_Description":"Toxic Ingestion/Inhalation/Overdose (6.4)","Symptom_Discriminator_Code":"4052","Symptom_Descriminator_Description":"ED full ED assessment and management capability","value":1}],"supplyRead":[{"label":"","value":5}]},{"source":5,"target":10,"value":6,"fill":"#80B1D3","dx":"Non Clinical","supply":[{"label":"12 Hours","value":1},{"label":"13 Hours","value":2},{"label":"14 Hours","value":1},{"label":"21 Hours","value":1},{"label":"22 Hours","value":1}],"supplyDx":[{"label":"1159£Symptoms without specific Pathway (6.4)£4003£PC full Primary Care assessment and prescribing capability","value":1}],"supplySG":[{"Symptom_Group_Code":"1206","Symptom_Group_Description":"NHS Pathways in House Clinician","Symptom_Discriminator_Code":"4312","Symptom_Descriminator_Description":"ED extended ophthalmic assessment and prescribing capability (PEARS)","value":6}],"supplyRead":[{"label":"","value":27},{"label":"H05z.","value":1},{"label":"R0062","value":1},{"label":"R0903","value":1}]},{"source":5,"target":10,"value":1,"fill":"#8DD3C7","dx":"A&E","supply":[{"label":"09 Hours","value":1}],"supplyDx":[{"label":"1159£Symptoms without specific Pathway (6.4)£4003£PC full Primary Care assessment and prescribing capability","value":1}],"supplySG":[{"Symptom_Group_Code":"1170","Symptom_Group_Description":"Toxic Ingestion/Inhalation/Overdose (6.4)","Symptom_Discriminator_Code":"4052","Symptom_Descriminator_Description":"ED full ED assessment and management capability","value":1}],"supplyRead":[{"label":"","value":4},{"label":"T8...","value":1}]},{"source":5,"target":10,"value":2,"fill":"#FDB462","dx":"Home Care","supply":[{"label":"15 Hours","value":1},{"label":"19 Hours","value":1}],"supplyDx":[{"label":"1159£Symptoms without specific Pathway (6.4)£4003£PC full Primary Care assessment and prescribing capability","value":1}],"supplySG":[{"Symptom_Group_Code":"1206","Symptom_Group_Description":"NHS Pathways in House Clinician","Symptom_Discriminator_Code":"4312","Symptom_Descriminator_Description":"ED extended ophthalmic assessment and prescribing capability (PEARS)","value":2}],"supplyRead":[{"label":"","value":10}]},{"source":5,"target":12,"value":1,"fill":"#BEBADA","dx":"Contact Primary care","supply":[{"label":"14 Hours","value":1}],"supplyDx":[{"label":"1159£Symptoms without specific Pathway (6.4)£4003£PC full Primary Care assessment and prescribing capability","value":1}],"supplySG":[{"Symptom_Group_Code":"1080","Symptom_Group_Description":"Face; Neck Pain or Swelling (6.4)","Symptom_Discriminator_Code":"4134","Symptom_Descriminator_Description":"ED full ophthalmic ED assessment and management capability","value":1}],"supplyRead":[{"label":"","value":5}]},{"source":5,"target":13,"value":1,"fill":"#BEBADA","dx":"Contact Primary care","supply":[{"label":"14 Hours","value":1}],"supplyDx":[{"label":"1159£Symptoms without specific Pathway (6.4)£4003£PC full Primary Care assessment and prescribing capability","value":1}],"supplySG":[{"Symptom_Group_Code":"1206","Symptom_Group_Description":"NHS Pathways in House Clinician","Symptom_Discriminator_Code":"4312","Symptom_Descriminator_Description":"ED extended ophthalmic assessment and prescribing capability (PEARS)","value":1}],"supplyRead":[{"label":"","value":5}]},{"source":5,"target":14,"value":1,"fill":"#BEBADA","dx":"Contact Primary care","supply":[{"label":"18 Hours","value":1}],"supplyDx":[{"label":"1159£Symptoms without specific Pathway (6.4)£4003£PC full Primary Care assessment and prescribing capability","value":1}],"supplySG":[{"Symptom_Group_Code":"1128","Symptom_Group_Description":"Lower Limb Pain or Swelling (6.4)","Symptom_Discriminator_Code":"4052","Symptom_Descriminator_Description":"ED full ED assessment and management capability","value":1}],"supplyRead":[{"label":"","value":5}]},{"source":6,"target":7,"value":1,"fill":"#8DD3C7","dx":"A&E","supply":[{"label":"19 Hours","value":1}],"supplyDx":[{"label":"1159£Symptoms without specific Pathway (6.4)£4003£PC full Primary Care assessment and prescribing capability","value":1}],"supplySG":[{"Symptom_Group_Code":"1137","Symptom_Group_Description":"Palpitations (6.4)","Symptom_Discriminator_Code":"4052","Symptom_Descriminator_Description":"ED full ED assessment and management capability","value":1}],"supplyRead":[{"label":"","value":5}]}]}