{"nodes":[{"layer":1,"name":"Pathways Non-Clinician","fill":"#9E0142","label":"Initial Skillset"},{"layer":1,"name":"Pathways Clinician","fill":"#9E0142","label":"Initial Skillset"},{"layer":1,"name":"Service Advisor","fill":"#9E0142","label":"Initial Skillset"},{"layer":2,"name":"Pathways Non-Clinician","fill":"#F46D43","label":"Final Skillset"},{"layer":2,"name":"Pathways Clinician","fill":"#F46D43","label":"Final Skillset"},{"layer":2,"name":"OLC Clinician (Advice)","fill":"#F46D43","label":"Final Skillset"},{"layer":2,"name":"Pathways GP","fill":"#F46D43","label":"Final Skillset"},{"layer":3,"name":"Emergency Department (ED)","fill":"#FEE08B","label":"Service Type"},{"layer":3,"name":"Emergency Department-Speciality","fill":"#FEE08B","label":"Service Type"},{"layer":3,"name":"","fill":"#FEE08B","label":"Service Type"}],"links":[{"source":0,"target":4,"value":5,"fill":"#8DD3C7","dx":"A&E","supply":[{"label":"16 Hours","value":1},{"label":"19 Hours","value":2},{"label":"20 Hours","value":2}],"supplyDx":[{"label":"Dx02: 5.24 (A&E)","value":5}],"supplySG":[{"Symptom_Group_Code":"1039","Symptom_Group_Description":"Chest and Upper Back Pain (6.4)","Symptom_Discriminator_Code":"4052","Symptom_Descriminator_Description":"ED full ED assessment and management capability","value":3},{"Symptom_Group_Code":"1081","Symptom_Group_Description":"Falls or Faints Without Injury (6.4)","Symptom_Discriminator_Code":"4052","Symptom_Descriminator_Description":"ED full ED assessment and management capability","value":1},{"Symptom_Group_Code":"1206","Symptom_Group_Description":"NHS Pathways in House Clinician","Symptom_Discriminator_Code":"4312","Symptom_Descriminator_Description":"ED extended ophthalmic assessment and prescribing capability (PEARS)","value":1}],"supplyRead":[{"label":"","value":40}]},{"source":0,"target":4,"value":28,"fill":"#FFFFB3","dx":"Other Service","supply":[{"label":"01 Hours","value":1},{"label":"02 Hours","value":2},{"label":"06 Hours","value":2},{"label":"09 Hours","value":2},{"label":"10 Hours","value":2},{"label":"11 Hours","value":1},{"label":"12 Hours","value":3},{"label":"13 Hours","value":1},{"label":"14 Hours","value":2},{"label":"15 Hours","value":2},{"label":"18 Hours","value":4},{"label":"21 Hours","value":2},{"label":"22 Hours","value":3},{"label":"23 Hours","value":1}],"supplyDx":[{"label":"Dx02: 5.24 (A&E)","value":27},{"label":"Dx03: 5.24 (A&E)","value":1}],"supplySG":[{"Symptom_Group_Code":"1013","Symptom_Group_Description":"Ankle or Foot Pain or Swelling (6.4)","Symptom_Discriminator_Code":"4052","Symptom_Descriminator_Description":"ED full ED assessment and management capability","value":1},{"Symptom_Group_Code":"1039","Symptom_Group_Description":"Chest and Upper Back Pain (6.4)","Symptom_Discriminator_Code":"4052","Symptom_Descriminator_Description":"ED full ED assessment and management capability","value":2},{"Symptom_Group_Code":"1103","Symptom_Group_Description":"Groin Pain or Groin Swelling (6.4)","Symptom_Discriminator_Code":"4052","Symptom_Descriminator_Description":"ED full ED assessment and management capability","value":1},{"Symptom_Group_Code":"1111","Symptom_Group_Description":"Head; Facial or Neck Injury; Penetrating (6.4)","Symptom_Discriminator_Code":"4052","Symptom_Descriminator_Description":"ED full ED assessment and management capability","value":1},{"Symptom_Group_Code":"1112","Symptom_Group_Description":"Headache (6.4)","Symptom_Discriminator_Code":"4052","Symptom_Descriminator_Description":"ED full ED assessment and management capability","value":2},{"Symptom_Group_Code":"1141","Symptom_Group_Description":"Probable Stroke (6.4)","Symptom_Discriminator_Code":"4052","Symptom_Descriminator_Description":"ED full ED assessment and management capability","value":1},{"Symptom_Group_Code":"1170","Symptom_Group_Description":"Toxic Ingestion/Inhalation/Overdose (6.4)","Symptom_Discriminator_Code":"4052","Symptom_Descriminator_Description":"ED full ED assessment and management capability","value":1},{"Symptom_Group_Code":"1206","Symptom_Group_Description":"NHS Pathways in House Clinician","Symptom_Discriminator_Code":"4312","Symptom_Descriminator_Description":"ED extended ophthalmic assessment and prescribing capability (PEARS)","value":19}],"supplyRead":[{"label":"","value":65},{"label":"L100.","value":1},{"label":"M2z..","value":1},{"label":"R0000","value":1},{"label":"R0062","value":1},{"label":"S646.","value":1}]},{"source":0,"target":5,"value":1,"fill":"#80B1D3","dx":"Contact Primary care","supply":[{"label":"23 Hours","value":1}],"supplyDx":[{"label":"Dx06: 5.25a (Contact Primary care)","value":1}],"supplySG":[{"Symptom_Group_Code":"1136","Symptom_Group_Description":"Pain; Frequency and/or Difficulty Passing Urine (6.4)","Symptom_Discriminator_Code":"4003","Symptom_Descriminator_Description":"PC full Primary Care assessment and prescribing capability","value":1}],"supplyRead":[]},{"source":0,"target":5,"value":1,"fill":"#FB8072","dx":"Speak to Primary care","supply":[{"label":"22 Hours","value":1}],"supplyDx":[{"label":"Dx11: 5.25b (Speak to Primary care)","value":1}],"supplySG":[{"Symptom_Group_Code":"NA","Symptom_Group_Description":"NA","Symptom_Discriminator_Code":"NA","Symptom_Descriminator_Description":"NA","value":1}],"supplyRead":[]},{"source":0,"target":5,"value":3,"fill":"#FFFFB3","dx":"Other Service","supply":[{"label":"02 Hours","value":1},{"label":"07 Hours","value":1},{"label":"09 Hours","value":1}],"supplyDx":[{"label":"Dx12: 5.25b (Speak to Primary care)","value":1},{"label":"Dx333: 5.26 (Other Service)","value":1},{"label":"Dx336: 5.26 (Other Service)","value":1}],"supplySG":[{"Symptom_Group_Code":"1088","Symptom_Group_Description":"Fits Within the Last 12 Hours (6.4)","Symptom_Discriminator_Code":"4052","Symptom_Descriminator_Description":"ED full ED assessment and management capability","value":1},{"Symptom_Group_Code":"1175","Symptom_Group_Description":"Vaginal Bleeding; Pregnant (6.4)","Symptom_Discriminator_Code":"4052","Symptom_Descriminator_Description":"ED full ED assessment and management capability","value":1},{"Symptom_Group_Code":"NA","Symptom_Group_Description":"NA","Symptom_Discriminator_Code":"NA","Symptom_Descriminator_Description":"NA","value":1}],"supplyRead":[{"label":"","value":65},{"label":"L100.","value":1},{"label":"M2z..","value":1},{"label":"R0000","value":1},{"label":"R0062","value":1},{"label":"S646.","value":1}]},{"source":0,"target":6,"value":1,"fill":"#FFFFB3","dx":"Other Service","supply":[{"label":"16 Hours","value":1}],"supplyDx":[{"label":"Dx02: 5.24 (A&E)","value":1}],"supplySG":[{"Symptom_Group_Code":"1111","Symptom_Group_Description":"Head; Facial or Neck Injury; Penetrating (6.4)","Symptom_Discriminator_Code":"4052","Symptom_Descriminator_Description":"ED full ED assessment and management capability","value":1}],"supplyRead":[{"label":"","value":65},{"label":"L100.","value":1},{"label":"M2z..","value":1},{"label":"R0000","value":1},{"label":"R0062","value":1},{"label":"S646.","value":1}]},{"source":0,"target":7,"value":29,"fill":"#8DD3C7","dx":"A&E","supply":[{"label":"00 Hours","value":1},{"label":"01 Hours","value":1},{"label":"04 Hours","value":2},{"label":"08 Hours","value":1},{"label":"09 Hours","value":2},{"label":"10 Hours","value":2},{"label":"13 Hours","value":2},{"label":"15 Hours","value":3},{"label":"16 Hours","value":1},{"label":"19 Hours","value":4},{"label":"20 Hours","value":7},{"label":"21 Hours","value":2},{"label":"22 Hours","value":1},{"label":"23 Hours","value":3}],"supplyDx":[{"label":"Dx02: 5.24 (A&E)","value":29},{"label":"Dx03: 5.24 (A&E)","value":3}],"supplySG":[{"Symptom_Group_Code":"1004","Symptom_Group_Description":"Abdominal Pain (6.4)","Symptom_Discriminator_Code":"4052","Symptom_Descriminator_Description":"ED full ED assessment and management capability","value":1},{"Symptom_Group_Code":"1012","Symptom_Group_Description":"Ankle or Foot Injury; Penetrating (6.4)","Symptom_Discriminator_Code":"4052","Symptom_Descriminator_Description":"ED full ED assessment and management capability","value":1},{"Symptom_Group_Code":"1015","Symptom_Group_Description":"Arm Injury; Penetrating (6.4)","Symptom_Discriminator_Code":"4052","Symptom_Descriminator_Description":"ED full ED assessment and management capability","value":1},{"Symptom_Group_Code":"1036","Symptom_Group_Description":"Bringing Up Blood (6.4)","Symptom_Discriminator_Code":"4052","Symptom_Descriminator_Description":"ED full ED assessment and management capability","value":1},{"Symptom_Group_Code":"1038","Symptom_Group_Description":"Burn; Thermal (6.4)","Symptom_Discriminator_Code":"4052","Symptom_Descriminator_Description":"ED full ED assessment and management capability","value":2},{"Symptom_Group_Code":"1039","Symptom_Group_Description":"Chest and Upper Back Pain (6.4)","Symptom_Discriminator_Code":"4052","Symptom_Descriminator_Description":"ED full ED assessment and management capability","value":6},{"Symptom_Group_Code":"1040","Symptom_Group_Description":"Chest or Upper Back Injury; Blunt (6.4)","Symptom_Discriminator_Code":"4052","Symptom_Descriminator_Description":"ED full ED assessment and management capability","value":2},{"Symptom_Group_Code":"1059","Symptom_Group_Description":"Dizziness or Vertigo (6.4)","Symptom_Discriminator_Code":"4052","Symptom_Descriminator_Description":"ED full ED assessment and management capability","value":1},{"Symptom_Group_Code":"1076","Symptom_Group_Description":"Eye; Visual Loss or Disturbance (6.4)","Symptom_Discriminator_Code":"4312","Symptom_Descriminator_Description":"ED extended ophthalmic assessment and prescribing capability (PEARS)","value":2},{"Symptom_Group_Code":"1081","Symptom_Group_Description":"Falls or Faints Without Injury (6.4)","Symptom_Discriminator_Code":"4052","Symptom_Descriminator_Description":"ED full ED assessment and management capability","value":1},{"Symptom_Group_Code":"1085","Symptom_Group_Description":"Finger or Thumb Injury; Blunt (6.4)","Symptom_Discriminator_Code":"4014","Symptom_Descriminator_Description":"ED constricting object; removal required","value":1},{"Symptom_Group_Code":"1096","Symptom_Group_Description":"Foreign Body; Vaginal (6.4)","Symptom_Discriminator_Code":"4052","Symptom_Descriminator_Description":"ED full ED assessment and management capability","value":1},{"Symptom_Group_Code":"1110","Symptom_Group_Description":"Head; Facial or Neck Injury; Blunt (6.4)","Symptom_Discriminator_Code":"4052","Symptom_Descriminator_Description":"ED full ED assessment and management capability","value":1},{"Symptom_Group_Code":"1111","Symptom_Group_Description":"Head; Facial or Neck Injury; Penetrating (6.4)","Symptom_Discriminator_Code":"4052","Symptom_Descriminator_Description":"ED full ED assessment and management capability","value":1},{"Symptom_Group_Code":"1137","Symptom_Group_Description":"Palpitations (6.4)","Symptom_Discriminator_Code":"4052","Symptom_Descriminator_Description":"ED full ED assessment and management capability","value":2},{"Symptom_Group_Code":"1144","Symptom_Group_Description":"Rectal Pain; Swelling; Lump or Itch (6.4)","Symptom_Discriminator_Code":"4052","Symptom_Descriminator_Description":"ED full ED assessment and management capability","value":1},{"Symptom_Group_Code":"1164","Symptom_Group_Description":"Toe Injury; Blunt (6.4)","Symptom_Discriminator_Code":"4014","Symptom_Descriminator_Description":"ED constricting object; removal required","value":1},{"Symptom_Group_Code":"1172","Symptom_Group_Description":"Unwell; Under 1 Year Old (6.4)","Symptom_Discriminator_Code":"4052","Symptom_Descriminator_Description":"ED full ED assessment and management capability","value":2},{"Symptom_Group_Code":"1175","Symptom_Group_Description":"Vaginal Bleeding; Pregnant (6.4)","Symptom_Discriminator_Code":"4052","Symptom_Descriminator_Description":"ED full ED assessment and management capability","value":1},{"Symptom_Group_Code":"1179","Symptom_Group_Description":"Vomiting (6.4)","Symptom_Discriminator_Code":"4052","Symptom_Descriminator_Description":"ED full ED assessment and management capability","value":2},{"Symptom_Group_Code":"1181","Symptom_Group_Description":"Wound Problems (6.4)","Symptom_Discriminator_Code":"4052","Symptom_Descriminator_Description":"ED full ED assessment and management capability","value":1}],"supplyRead":[{"label":"","value":160}]},{"source":0,"target":8,"value":4,"fill":"#8DD3C7","dx":"A&E","supply":[{"label":"02 Hours","value":1},{"label":"11 Hours","value":1},{"label":"16 Hours","value":2},{"label":"18 Hours","value":1},{"label":"19 Hours","value":1}],"supplyDx":[{"label":"Dx02: 5.24 (A&E)","value":5},{"label":"Dx92: 5.24 (A&E)","value":1}],"supplySG":[{"Symptom_Group_Code":"1039","Symptom_Group_Description":"Chest and Upper Back Pain (6.4)","Symptom_Discriminator_Code":"4052","Symptom_Descriminator_Description":"ED full ED assessment and management capability","value":1},{"Symptom_Group_Code":"1137","Symptom_Group_Description":"Palpitations (6.4)","Symptom_Discriminator_Code":"4052","Symptom_Descriminator_Description":"ED full ED assessment and management capability","value":2},{"Symptom_Group_Code":"1140","Symptom_Group_Description":"Predetermined Management Plan (6.4)","Symptom_Discriminator_Code":"4323","Symptom_Descriminator_Description":"CN Community Nurse","value":1},{"Symptom_Group_Code":"1186","Symptom_Group_Description":"Worsening known Mental health problem (6.5)","Symptom_Discriminator_Code":"4208","Symptom_Descriminator_Description":"ED mania/hypomania","value":1},{"Symptom_Group_Code":"1206","Symptom_Group_Description":"NHS Pathways in House Clinician","Symptom_Discriminator_Code":"4312","Symptom_Descriminator_Description":"ED extended ophthalmic assessment and prescribing capability (PEARS)","value":1}],"supplyRead":[{"label":"","value":30}]},{"source":1,"target":8,"value":1,"fill":"#BEBADA","dx":"None","supply":[{"label":"10 Hours","value":1}],"supplyDx":[{"label":"Dx02: 5.24 (A&E)","value":1}],"supplySG":[{"Symptom_Group_Code":"1169","Symptom_Group_Description":"Toothache Without Dental Injury (6.4)","Symptom_Discriminator_Code":"4052","Symptom_Descriminator_Description":"ED full ED assessment and management capability","value":1}],"supplyRead":[{"label":"","value":5}]},{"source":2,"target":4,"value":1,"fill":"#BEBADA","dx":"None","supply":[{"label":"10 Hours","value":1}],"supplyDx":[{"label":"Dx03: 5.24 (A&E)","value":1}],"supplySG":[{"Symptom_Group_Code":"1086","Symptom_Group_Description":"Finger or Thumb Injury; Penetrating (6.4)","Symptom_Discriminator_Code":"4009","Symptom_Descriminator_Description":"ED amputation; digit","value":1}],"supplyRead":[]},{"source":4,"target":7,"value":25,"fill":"#8DD3C7","dx":"A&E","supply":[{"label":"01 Hours","value":1},{"label":"02 Hours","value":2},{"label":"06 Hours","value":2},{"label":"09 Hours","value":2},{"label":"10 Hours","value":3},{"label":"11 Hours","value":1},{"label":"12 Hours","value":2},{"label":"14 Hours","value":1},{"label":"15 Hours","value":1},{"label":"18 Hours","value":3},{"label":"19 Hours","value":1},{"label":"20 Hours","value":2},{"label":"21 Hours","value":2},{"label":"22 Hours","value":1},{"label":"23 Hours","value":1}],"supplyDx":[{"label":"1159£Symptoms without specific Pathway (6.4)£4003£PC full Primary Care assessment and prescribing capability","value":1}],"supplySG":[{"Symptom_Group_Code":"1013","Symptom_Group_Description":"Ankle or Foot Pain or Swelling (6.4)","Symptom_Discriminator_Code":"4052","Symptom_Descriminator_Description":"ED full ED assessment and management capability","value":1},{"Symptom_Group_Code":"1039","Symptom_Group_Description":"Chest and Upper Back Pain (6.4)","Symptom_Discriminator_Code":"4052","Symptom_Descriminator_Description":"ED full ED assessment and management capability","value":4},{"Symptom_Group_Code":"1081","Symptom_Group_Description":"Falls or Faints Without Injury (6.4)","Symptom_Discriminator_Code":"4052","Symptom_Descriminator_Description":"ED full ED assessment and management capability","value":1},{"Symptom_Group_Code":"1086","Symptom_Group_Description":"Finger or Thumb Injury; Penetrating (6.4)","Symptom_Discriminator_Code":"4009","Symptom_Descriminator_Description":"ED amputation; digit","value":1},{"Symptom_Group_Code":"1103","Symptom_Group_Description":"Groin Pain or Groin Swelling (6.4)","Symptom_Discriminator_Code":"4052","Symptom_Descriminator_Description":"ED full ED assessment and management capability","value":1},{"Symptom_Group_Code":"1112","Symptom_Group_Description":"Headache (6.4)","Symptom_Discriminator_Code":"4052","Symptom_Descriminator_Description":"ED full ED assessment and management capability","value":1},{"Symptom_Group_Code":"1141","Symptom_Group_Description":"Probable Stroke (6.4)","Symptom_Discriminator_Code":"4052","Symptom_Descriminator_Description":"ED full ED assessment and management capability","value":1},{"Symptom_Group_Code":"1170","Symptom_Group_Description":"Toxic Ingestion/Inhalation/Overdose (6.4)","Symptom_Discriminator_Code":"4052","Symptom_Descriminator_Description":"ED full ED assessment and management capability","value":1},{"Symptom_Group_Code":"1206","Symptom_Group_Description":"NHS Pathways in House Clinician","Symptom_Discriminator_Code":"4312","Symptom_Descriminator_Description":"ED extended ophthalmic assessment and prescribing capability (PEARS)","value":14}],"supplyRead":[{"label":"","value":125}]},{"source":4,"target":8,"value":9,"fill":"#8DD3C7","dx":"A&E","supply":[{"label":"10 Hours","value":1},{"label":"12 Hours","value":1},{"label":"13 Hours","value":1},{"label":"14 Hours","value":1},{"label":"15 Hours","value":1},{"label":"16 Hours","value":1},{"label":"18 Hours","value":1},{"label":"19 Hours","value":1},{"label":"22 Hours","value":2}],"supplyDx":[{"label":"1159£Symptoms without specific Pathway (6.4)£4003£PC full Primary Care assessment and prescribing capability","value":1}],"supplySG":[{"Symptom_Group_Code":"1039","Symptom_Group_Description":"Chest and Upper Back Pain (6.4)","Symptom_Discriminator_Code":"4052","Symptom_Descriminator_Description":"ED full ED assessment and management capability","value":1},{"Symptom_Group_Code":"1111","Symptom_Group_Description":"Head; Facial or Neck Injury; Penetrating (6.4)","Symptom_Discriminator_Code":"4052","Symptom_Descriminator_Description":"ED full ED assessment and management capability","value":1},{"Symptom_Group_Code":"1112","Symptom_Group_Description":"Headache (6.4)","Symptom_Discriminator_Code":"4052","Symptom_Descriminator_Description":"ED full ED assessment and management capability","value":1},{"Symptom_Group_Code":"1169","Symptom_Group_Description":"Toothache Without Dental Injury (6.4)","Symptom_Discriminator_Code":"4052","Symptom_Descriminator_Description":"ED full ED assessment and management capability","value":1},{"Symptom_Group_Code":"1206","Symptom_Group_Description":"NHS Pathways in House Clinician","Symptom_Discriminator_Code":"4312","Symptom_Descriminator_Description":"ED extended ophthalmic assessment and prescribing capability (PEARS)","value":6}],"supplyRead":[{"label":"","value":50}]},{"source":5,"target":9,"value":1,"fill":"#80B1D3","dx":"Contact Primary care","supply":[{"label":"23 Hours","value":1}],"supplyDx":[{"label":"1159£Symptoms without specific Pathway (6.4)£4003£PC full Primary Care assessment and prescribing capability","value":1}],"supplySG":[{"Symptom_Group_Code":"1136","Symptom_Group_Description":"Pain; Frequency and/or Difficulty Passing Urine (6.4)","Symptom_Discriminator_Code":"4003","Symptom_Descriminator_Description":"PC full Primary Care assessment and prescribing capability","value":1}],"supplyRead":[{"label":"","value":4},{"label":"R0062","value":1}]},{"source":5,"target":9,"value":2,"fill":"#FB8072","dx":"Speak to Primary care","supply":[{"label":"02 Hours","value":1},{"label":"22 Hours","value":1}],"supplyDx":[{"label":"1159£Symptoms without specific Pathway (6.4)£4003£PC full Primary Care assessment and prescribing capability","value":1}],"supplySG":[{"Symptom_Group_Code":"1175","Symptom_Group_Description":"Vaginal Bleeding; Pregnant (6.4)","Symptom_Discriminator_Code":"4052","Symptom_Descriminator_Description":"ED full ED assessment and management capability","value":1},{"Symptom_Group_Code":"NA","Symptom_Group_Description":"NA","Symptom_Discriminator_Code":"NA","Symptom_Descriminator_Description":"NA","value":1}],"supplyRead":[{"label":"","value":8},{"label":"L100.","value":1},{"label":"R0062","value":1}]},{"source":5,"target":9,"value":2,"fill":"#FFFFB3","dx":"Other Service","supply":[{"label":"07 Hours","value":1},{"label":"09 Hours","value":1}],"supplyDx":[{"label":"1159£Symptoms without specific Pathway (6.4)£4003£PC full Primary Care assessment and prescribing capability","value":1}],"supplySG":[{"Symptom_Group_Code":"1088","Symptom_Group_Description":"Fits Within the Last 12 Hours (6.4)","Symptom_Discriminator_Code":"4052","Symptom_Descriminator_Description":"ED full ED assessment and management capability","value":1},{"Symptom_Group_Code":"NA","Symptom_Group_Description":"NA","Symptom_Discriminator_Code":"NA","Symptom_Descriminator_Description":"NA","value":1}],"supplyRead":[{"label":"","value":8},{"label":"L1...","value":1},{"label":"R0062","value":1}]},{"source":6,"target":7,"value":1,"fill":"#8DD3C7","dx":"A&E","supply":[{"label":"16 Hours","value":1}],"supplyDx":[{"label":"1159£Symptoms without specific Pathway (6.4)£4003£PC full Primary Care assessment and prescribing capability","value":1}],"supplySG":[{"Symptom_Group_Code":"1111","Symptom_Group_Description":"Head; Facial or Neck Injury; Penetrating (6.4)","Symptom_Discriminator_Code":"4052","Symptom_Descriminator_Description":"ED full ED assessment and management capability","value":1}],"supplyRead":[{"label":"","value":2},{"label":"M2z..","value":1},{"label":"R0000","value":1},{"label":"S646.","value":1}]}]}