{"nodes":[{"layer":1,"name":"Pathways Clinician","fill":"#9E0142","label":"Initial Skillset"},{"layer":1,"name":"Pathways Non-Clinician","fill":"#9E0142","label":"Initial Skillset"},{"layer":1,"name":"Service Advisor","fill":"#9E0142","label":"Initial Skillset"},{"layer":2,"name":"Pathways Clinician","fill":"#F46D43","label":"Final Skillset"},{"layer":2,"name":"Pathways Non-Clinician","fill":"#F46D43","label":"Final Skillset"},{"layer":2,"name":"OLC Clinician (Advice)","fill":"#F46D43","label":"Final Skillset"},{"layer":2,"name":"Pathways GP","fill":"#F46D43","label":"Final Skillset"},{"layer":3,"name":"Emergency Department (ED)","fill":"#FEE08B","label":"Service Type"},{"layer":3,"name":"","fill":"#FEE08B","label":"Service Type"},{"layer":3,"name":"Emergency Department (ED) Specialist","fill":"#FEE08B","label":"Service Type"}],"links":[{"source":0,"target":7,"value":1,"fill":"#8DD3C7","dx":"None","supply":[{"label":"00 Hours","value":1}],"supplyDx":[{"label":"Dx02: 5.24 (A&E)","value":1}],"supplySG":[{"Symptom_Group_Code":"1152","Symptom_Group_Description":"Skin; Rash (6.4)","Symptom_Discriminator_Code":"4052","Symptom_Descriminator_Description":"ED full ED assessment and management capability","value":1}],"supplyRead":[{"label":"","value":5}]},{"source":1,"target":3,"value":5,"fill":"#BEBADA","dx":"Other Service","supply":[{"label":"05 Hours","value":1},{"label":"08 Hours","value":2},{"label":"11 Hours","value":1},{"label":"16 Hours","value":1}],"supplyDx":[{"label":"Dx02: 5.24 (A&E)","value":1},{"label":"Dx03: 5.24 (A&E)","value":1},{"label":"Dx1115: 5.26 (Other Service)","value":2},{"label":"Dx118: 5.25d (Dental)","value":1}],"supplySG":[{"Symptom_Group_Code":"1034","Symptom_Group_Description":"Breathing Problems; Breathlessness or Wheeze (6.4)","Symptom_Discriminator_Code":"4052","Symptom_Descriminator_Description":"ED full ED assessment and management capability","value":1},{"Symptom_Group_Code":"1039","Symptom_Group_Description":"Chest and Upper Back Pain (6.4)","Symptom_Discriminator_Code":"4052","Symptom_Descriminator_Description":"ED full ED assessment and management capability","value":1},{"Symptom_Group_Code":"NA","Symptom_Group_Description":"NA","Symptom_Discriminator_Code":"NA","Symptom_Descriminator_Description":"NA","value":3}],"supplyRead":[{"label":"","value":25}]},{"source":1,"target":5,"value":1,"fill":"#80B1D3","dx":"Contact Primary care","supply":[{"label":"22 Hours","value":1}],"supplyDx":[{"label":"Dx05: 5.25a (Contact Primary care)","value":1}],"supplySG":[{"Symptom_Group_Code":"NA","Symptom_Group_Description":"NA","Symptom_Discriminator_Code":"NA","Symptom_Descriminator_Description":"NA","value":1}],"supplyRead":[{"label":"","value":4},{"label":"A79z.","value":1}]},{"source":1,"target":5,"value":3,"fill":"#BEBADA","dx":"Other Service","supply":[{"label":"02 Hours","value":1},{"label":"21 Hours","value":1},{"label":"23 Hours","value":1}],"supplyDx":[{"label":"Dx11: 5.25b (Speak to Primary care)","value":1},{"label":"Dx12: 5.25b (Speak to Primary care)","value":1},{"label":"Dx336: 5.26 (Other Service)","value":1}],"supplySG":[{"Symptom_Group_Code":"1047","Symptom_Group_Description":"Cough (6.4)","Symptom_Discriminator_Code":"4052","Symptom_Descriminator_Description":"ED full ED assessment and management capability","value":1},{"Symptom_Group_Code":"1191","Symptom_Group_Description":"Health and Social Information (6.5)","Symptom_Discriminator_Code":"4323","Symptom_Descriminator_Description":"CN Community Nurse","value":1},{"Symptom_Group_Code":"NA","Symptom_Group_Description":"NA","Symptom_Discriminator_Code":"NA","Symptom_Descriminator_Description":"NA","value":1}],"supplyRead":[{"label":"","value":25}]},{"source":1,"target":6,"value":1,"fill":"#FB8072","dx":"Speak to Primary care","supply":[{"label":"18 Hours","value":1}],"supplyDx":[{"label":"Dx11: 5.25b (Speak to Primary care)","value":1}],"supplySG":[{"Symptom_Group_Code":"1034","Symptom_Group_Description":"Breathing Problems; Breathlessness or Wheeze (6.4)","Symptom_Discriminator_Code":"4052","Symptom_Descriminator_Description":"ED full ED assessment and management capability","value":1}],"supplyRead":[{"label":"","value":5}]},{"source":1,"target":7,"value":9,"fill":"#BEBADA","dx":"Other Service","supply":[{"label":"05 Hours","value":1},{"label":"08 Hours","value":4},{"label":"10 Hours","value":2},{"label":"11 Hours","value":1},{"label":"12 Hours","value":1},{"label":"15 Hours","value":1},{"label":"16 Hours","value":2},{"label":"17 Hours","value":2}],"supplyDx":[{"label":"Dx02: 5.24 (A&E)","value":1},{"label":"Dx03: 5.24 (A&E)","value":1},{"label":"Dx1112: 5.26 (Other Service)","value":1},{"label":"Dx1113: 5.26 (Other Service)","value":3},{"label":"Dx1114: 5.26 (Other Service)","value":1},{"label":"Dx1115: 5.26 (Other Service)","value":4},{"label":"Dx1116: 5.26 (Other Service)","value":2},{"label":"Dx118: 5.25d (Dental)","value":1}],"supplySG":[{"Symptom_Group_Code":"1034","Symptom_Group_Description":"Breathing Problems; Breathlessness or Wheeze (6.4)","Symptom_Discriminator_Code":"4052","Symptom_Descriminator_Description":"ED full ED assessment and management capability","value":1},{"Symptom_Group_Code":"1039","Symptom_Group_Description":"Chest and Upper Back Pain (6.4)","Symptom_Discriminator_Code":"4052","Symptom_Descriminator_Description":"ED full ED assessment and management capability","value":1},{"Symptom_Group_Code":"NA","Symptom_Group_Description":"NA","Symptom_Discriminator_Code":"NA","Symptom_Descriminator_Description":"NA","value":12}],"supplyRead":[{"label":"","value":70}]},{"source":1,"target":7,"value":14,"fill":"#FFFFB3","dx":"A&E","supply":[{"label":"00 Hours","value":1},{"label":"02 Hours","value":1},{"label":"08 Hours","value":3},{"label":"13 Hours","value":1},{"label":"16 Hours","value":1},{"label":"17 Hours","value":1},{"label":"18 Hours","value":1},{"label":"21 Hours","value":2},{"label":"22 Hours","value":1},{"label":"23 Hours","value":2}],"supplyDx":[{"label":"Dx02: 5.24 (A&E)","value":14}],"supplySG":[{"Symptom_Group_Code":"1014","Symptom_Group_Description":"Arm Injury; Blunt (6.4)","Symptom_Discriminator_Code":"4052","Symptom_Descriminator_Description":"ED full ED assessment and management capability","value":1},{"Symptom_Group_Code":"1038","Symptom_Group_Description":"Burn; Thermal (6.4)","Symptom_Discriminator_Code":"4052","Symptom_Descriminator_Description":"ED full ED assessment and management capability","value":1},{"Symptom_Group_Code":"1039","Symptom_Group_Description":"Chest and Upper Back Pain (6.4)","Symptom_Discriminator_Code":"4052","Symptom_Descriminator_Description":"ED full ED assessment and management capability","value":5},{"Symptom_Group_Code":"1059","Symptom_Group_Description":"Dizziness or Vertigo (6.4)","Symptom_Discriminator_Code":"4052","Symptom_Descriminator_Description":"ED full ED assessment and management capability","value":1},{"Symptom_Group_Code":"1107","Symptom_Group_Description":"Hand or Wrist Injury; Blunt (6.4)","Symptom_Discriminator_Code":"4052","Symptom_Descriminator_Description":"ED full ED assessment and management capability","value":1},{"Symptom_Group_Code":"1108","Symptom_Group_Description":"Hand or Wrist Injury; Penetrating (6.4)","Symptom_Discriminator_Code":"4014","Symptom_Descriminator_Description":"ED constricting object; removal required","value":1},{"Symptom_Group_Code":"1110","Symptom_Group_Description":"Head; Facial or Neck Injury; Blunt (6.4)","Symptom_Discriminator_Code":"4052","Symptom_Descriminator_Description":"ED full ED assessment and management capability","value":1},{"Symptom_Group_Code":"1137","Symptom_Group_Description":"Palpitations (6.4)","Symptom_Discriminator_Code":"4052","Symptom_Descriminator_Description":"ED full ED assessment and management capability","value":1},{"Symptom_Group_Code":"1140","Symptom_Group_Description":"Predetermined Management Plan (6.4)","Symptom_Discriminator_Code":"4323","Symptom_Descriminator_Description":"CN Community Nurse","value":1},{"Symptom_Group_Code":"1179","Symptom_Group_Description":"Vomiting (6.4)","Symptom_Discriminator_Code":"4052","Symptom_Descriminator_Description":"ED full ED assessment and management capability","value":1}],"supplyRead":[{"label":"","value":70}]},{"source":1,"target":9,"value":2,"fill":"#FFFFB3","dx":"A&E","supply":[{"label":"11 Hours","value":1},{"label":"18 Hours","value":1}],"supplyDx":[{"label":"Dx02: 5.24 (A&E)","value":2}],"supplySG":[{"Symptom_Group_Code":"1039","Symptom_Group_Description":"Chest and Upper Back Pain (6.4)","Symptom_Discriminator_Code":"4052","Symptom_Descriminator_Description":"ED full ED assessment and management capability","value":2}],"supplyRead":[{"label":"","value":10}]},{"source":2,"target":3,"value":1,"fill":"#8DD3C7","dx":"None","supply":[{"label":"14 Hours","value":1}],"supplyDx":[{"label":"Dx02: 5.24 (A&E)","value":1}],"supplySG":[{"Symptom_Group_Code":"1140","Symptom_Group_Description":"Predetermined Management Plan (6.4)","Symptom_Discriminator_Code":"4323","Symptom_Descriminator_Description":"CN Community Nurse","value":1}],"supplyRead":[]},{"source":2,"target":5,"value":1,"fill":"#8DD3C7","dx":"None","supply":[{"label":"10 Hours","value":1}],"supplyDx":[{"label":"Unknown: (None)","value":1}],"supplySG":[{"Symptom_Group_Code":"NA","Symptom_Group_Description":"NA","Symptom_Discriminator_Code":"NA","Symptom_Descriminator_Description":"NA","value":1}],"supplyRead":[]},{"source":3,"target":7,"value":2,"fill":"#BEBADA","dx":"Other Service","supply":[{"label":"05 Hours","value":1},{"label":"16 Hours","value":1}],"supplyDx":[{"label":"1159£Symptoms without specific Pathway (6.4)£4003£PC full Primary Care assessment and prescribing capability","value":1}],"supplySG":[{"Symptom_Group_Code":"NA","Symptom_Group_Description":"NA","Symptom_Discriminator_Code":"NA","Symptom_Descriminator_Description":"NA","value":2}],"supplyRead":[{"label":"","value":10}]},{"source":3,"target":7,"value":1,"fill":"#FDB462","dx":"Dental","supply":[{"label":"08 Hours","value":1}],"supplyDx":[{"label":"1159£Symptoms without specific Pathway (6.4)£4003£PC full Primary Care assessment and prescribing capability","value":1}],"supplySG":[{"Symptom_Group_Code":"1034","Symptom_Group_Description":"Breathing Problems; Breathlessness or Wheeze (6.4)","Symptom_Discriminator_Code":"4052","Symptom_Descriminator_Description":"ED full ED assessment and management capability","value":1}],"supplyRead":[{"label":"","value":5}]},{"source":3,"target":7,"value":3,"fill":"#FFFFB3","dx":"A&E","supply":[{"label":"00 Hours","value":1},{"label":"08 Hours","value":1},{"label":"11 Hours","value":1},{"label":"14 Hours","value":1}],"supplyDx":[{"label":"1159£Symptoms without specific Pathway (6.4)£4003£PC full Primary Care assessment and prescribing capability","value":1}],"supplySG":[{"Symptom_Group_Code":"1039","Symptom_Group_Description":"Chest and Upper Back Pain (6.4)","Symptom_Discriminator_Code":"4052","Symptom_Descriminator_Description":"ED full ED assessment and management capability","value":1},{"Symptom_Group_Code":"1140","Symptom_Group_Description":"Predetermined Management Plan (6.4)","Symptom_Discriminator_Code":"4323","Symptom_Descriminator_Description":"CN Community Nurse","value":1},{"Symptom_Group_Code":"1152","Symptom_Group_Description":"Skin; Rash (6.4)","Symptom_Discriminator_Code":"4052","Symptom_Descriminator_Description":"ED full ED assessment and management capability","value":1},{"Symptom_Group_Code":"NA","Symptom_Group_Description":"NA","Symptom_Discriminator_Code":"NA","Symptom_Descriminator_Description":"NA","value":1}],"supplyRead":[{"label":"","value":20}]},{"source":5,"target":8,"value":1,"fill":"#80B1D3","dx":"Contact Primary care","supply":[{"label":"22 Hours","value":1}],"supplyDx":[{"label":"1159£Symptoms without specific Pathway (6.4)£4003£PC full Primary Care assessment and prescribing capability","value":1}],"supplySG":[{"Symptom_Group_Code":"NA","Symptom_Group_Description":"NA","Symptom_Discriminator_Code":"NA","Symptom_Descriminator_Description":"NA","value":1}],"supplyRead":[{"label":"","value":4},{"label":"A79z.","value":1}]},{"source":5,"target":8,"value":1,"fill":"#8DD3C7","dx":"None","supply":[{"label":"10 Hours","value":1}],"supplyDx":[{"label":"1159£Symptoms without specific Pathway (6.4)£4003£PC full Primary Care assessment and prescribing capability","value":1}],"supplySG":[{"Symptom_Group_Code":"NA","Symptom_Group_Description":"NA","Symptom_Discriminator_Code":"NA","Symptom_Descriminator_Description":"NA","value":1}],"supplyRead":[{"label":"","value":4},{"label":"H06z1","value":1}]},{"source":5,"target":8,"value":1,"fill":"#BEBADA","dx":"Other Service","supply":[{"label":"23 Hours","value":1}],"supplyDx":[{"label":"1159£Symptoms without specific Pathway (6.4)£4003£PC full Primary Care assessment and prescribing capability","value":1}],"supplySG":[{"Symptom_Group_Code":"1191","Symptom_Group_Description":"Health and Social Information (6.5)","Symptom_Discriminator_Code":"4323","Symptom_Descriminator_Description":"CN Community Nurse","value":1}],"supplyRead":[{"label":"","value":4},{"label":"H06z1","value":1}]},{"source":5,"target":8,"value":2,"fill":"#FB8072","dx":"Speak to Primary care","supply":[{"label":"02 Hours","value":1},{"label":"21 Hours","value":1}],"supplyDx":[{"label":"1159£Symptoms without specific Pathway (6.4)£4003£PC full Primary Care assessment and prescribing capability","value":1}],"supplySG":[{"Symptom_Group_Code":"1047","Symptom_Group_Description":"Cough (6.4)","Symptom_Discriminator_Code":"4052","Symptom_Descriminator_Description":"ED full ED assessment and management capability","value":1},{"Symptom_Group_Code":"NA","Symptom_Group_Description":"NA","Symptom_Discriminator_Code":"NA","Symptom_Descriminator_Description":"NA","value":1}],"supplyRead":[{"label":"","value":7},{"label":"1738","value":1},{"label":"1C92.","value":1},{"label":"ZV6..","value":1}]},{"source":6,"target":8,"value":1,"fill":"#FB8072","dx":"Speak to Primary care","supply":[{"label":"18 Hours","value":1}],"supplyDx":[{"label":"1159£Symptoms without specific Pathway (6.4)£4003£PC full Primary Care assessment and prescribing capability","value":1}],"supplySG":[{"Symptom_Group_Code":"1034","Symptom_Group_Description":"Breathing Problems; Breathlessness or Wheeze (6.4)","Symptom_Discriminator_Code":"4052","Symptom_Descriminator_Description":"ED full ED assessment and management capability","value":1}],"supplyRead":[{"label":"","value":5}]}]}