{
  "labels": {
    "series": ["Clinical Advisor", "GP/ANP", "Health Advisor", "Service Advisor"],
    "axis": {
      "x": "Week starting",
      "y": "Call Volume"
    }
  },
  "series": [{
    "period": "2020-05-27",
    "values": [978.81, 2.76, 3357.43, 0]
  }, {
    "period": "2020-06-03",
    "values": [2961.22, 18.08, 9245.7, 0]
  }, {
    "period": "2020-06-10",
    "values": [2907.22, 35.81, 8699.97, 0]
  }, {
    "period": "2020-06-17",
    "values": [3068.94, 43.41, 9151.65, 0]
  }, {
    "period": "2020-06-24",
    "values": [2985.57, 34.67, 9186.76, 0]
  }, {
    "period": "2020-07-01",
    "values": [2954.2, 55.54, 9383.26, 0]
  }, {
    "period": "2020-07-08",
    "values": [2988.9, 41.79, 9365.31, 0]
  }, {
    "period": "2020-07-15",
    "values": [2975.1, 49.33, 8978.57, 0]
  }, {
    "period": "2020-07-22",
    "values": [2921.46, 43.03, 8688.51, 0]
  }, {
    "period": "2020-07-29",
    "values": [2728.52, 187.54, 8096.97, 76.97]
  }, {
    "period": "2020-08-05",
    "values": [2628.17, 225.32, 7679.14, 122.37]
  }, {
    "period": "2020-08-12",
    "values": [2546.07, 188.99, 7550.72, 103.22]
  }, {
    "period": "2020-08-19",
    "values": [2574.96, 179.92, 8080.65, 78.47]
  }, {
    "period": "2020-08-26",
    "values": [2919.74, 157.77, 8918.42, 77.07]
  }, {
    "period": "2020-09-02",
    "values": [2532.26, 197.6, 7607.28, 76.86]
  }, {
    "period": "2020-09-09",
    "values": [2543.31, 186.06, 7630.52, 73.11]
  }, {
    "period": "2020-09-16",
    "values": [2575.34, 188.03, 8020.9, 76.73]
  }, {
    "period": "2020-09-23",
    "values": [2756.55, 191.8, 8242.35, 82.3]
  }, {
    "period": "2020-09-30",
    "values": [357.73, 35.38, 1177.75, 6.14]
  }]
}