{"nodes":[{"layer":1,"name":"Pathways Non-Clinician","fill":"#9E0142","label":"Initial Skillset"},{"layer":1,"name":"OLC Clinician (Advice)","fill":"#9E0142","label":"Initial Skillset"},{"layer":1,"name":"Service Advisor","fill":"#9E0142","label":"Initial Skillset"},{"layer":1,"name":"Pathways Clinician","fill":"#9E0142","label":"Initial Skillset"},{"layer":2,"name":"OLC Clinician (F2F)","fill":"#F46D43","label":"Final Skillset"},{"layer":2,"name":"OLC Clinician (F2F HV)","fill":"#F46D43","label":"Final Skillset"},{"layer":2,"name":"OLC Clinician (Advice)","fill":"#F46D43","label":"Final Skillset"},{"layer":2,"name":"TAS Clinician","fill":"#F46D43","label":"Final Skillset"},{"layer":2,"name":"Pathways Non-Clinician","fill":"#F46D43","label":"Final Skillset"},{"layer":2,"name":"Pathways Clinician","fill":"#F46D43","label":"Final Skillset"},{"layer":2,"name":"Pathways GP","fill":"#F46D43","label":"Final Skillset"},{"layer":3,"name":"","fill":"#FEE08B","label":"Service Type"},{"layer":3,"name":"Emergency Department (ED)","fill":"#FEE08B","label":"Service Type"},{"layer":3,"name":"Urgent Treatment Centre (UTC)","fill":"#FEE08B","label":"Service Type"}],"links":[{"source":0,"target":4,"value":1,"fill":"#8DD3C7","dx":"Contact Primary care","supply":[{"label":"00 Hours","value":1}],"supplyDx":[{"label":"Dx06: 5.25a (Contact Primary care)","value":1}],"supplySG":[{"Symptom_Group_Code":"1049","Symptom_Group_Description":"Coughing up Blood (6.4)","Symptom_Discriminator_Code":"4052","Symptom_Descriminator_Description":"ED full ED assessment and management capability","value":1}],"supplyRead":[{"label":"","value":5}]},{"source":0,"target":4,"value":2,"fill":"#FB8072","dx":"Speak to Primary care","supply":[{"label":"04 Hours","value":1},{"label":"16 Hours","value":1}],"supplyDx":[{"label":"Dx11: 5.25b (Speak to Primary care)","value":2}],"supplySG":[{"Symptom_Group_Code":"1025","Symptom_Group_Description":"Blood in Urine (6.4)","Symptom_Discriminator_Code":"4003","Symptom_Descriminator_Description":"PC full Primary Care assessment and prescribing capability","value":1},{"Symptom_Group_Code":"1140","Symptom_Group_Description":"Predetermined Management Plan (6.4)","Symptom_Discriminator_Code":"4323","Symptom_Descriminator_Description":"CN Community Nurse","value":1}],"supplyRead":[{"label":"","value":20},{"label":"1738","value":1},{"label":"J68..","value":1},{"label":"K15..","value":1},{"label":"K190.","value":1},{"label":"R081.","value":1}]},{"source":0,"target":5,"value":1,"fill":"#8DD3C7","dx":"Contact Primary care","supply":[{"label":"17 Hours","value":1}],"supplyDx":[{"label":"Dx05: 5.25a (Contact Primary care)","value":1}],"supplySG":[{"Symptom_Group_Code":"1064","Symptom_Group_Description":"Earache (6.4)","Symptom_Discriminator_Code":"4022","Symptom_Descriminator_Description":"ED foreign body; removal required","value":1}],"supplyRead":[{"label":"","value":5}]},{"source":0,"target":5,"value":1,"fill":"#FFFFB3","dx":"Other Service","supply":[{"label":"00 Hours","value":1}],"supplyDx":[{"label":"Dx12: 5.25b (Speak to Primary care)","value":1}],"supplySG":[{"Symptom_Group_Code":"1025","Symptom_Group_Description":"Blood in Urine (6.4)","Symptom_Discriminator_Code":"4003","Symptom_Descriminator_Description":"PC full Primary Care assessment and prescribing capability","value":1}],"supplyRead":[{"label":"","value":48},{"label":"G84..","value":1},{"label":"J574F","value":1},{"label":"N216.","value":1},{"label":"N245.","value":2},{"label":"R021z","value":1},{"label":"S5z..","value":1}]},{"source":0,"target":6,"value":11,"fill":"#8DD3C7","dx":"Contact Primary care","supply":[{"label":"03 Hours","value":1},{"label":"06 Hours","value":1},{"label":"07 Hours","value":1},{"label":"09 Hours","value":1},{"label":"12 Hours","value":1},{"label":"14 Hours","value":1},{"label":"16 Hours","value":1},{"label":"20 Hours","value":1},{"label":"22 Hours","value":2},{"label":"23 Hours","value":1}],"supplyDx":[{"label":"Dx05: 5.25a (Contact Primary care)","value":6},{"label":"Dx06: 5.25a (Contact Primary care)","value":2},{"label":"Dx07: 5.25a (Contact Primary care)","value":1},{"label":"Dx08: 5.25a (Contact Primary care)","value":2}],"supplySG":[{"Symptom_Group_Code":"1013","Symptom_Group_Description":"Ankle or Foot Pain or Swelling (6.4)","Symptom_Discriminator_Code":"4052","Symptom_Descriminator_Description":"ED full ED assessment and management capability","value":1},{"Symptom_Group_Code":"1034","Symptom_Group_Description":"Breathing Problems; Breathlessness or Wheeze (6.4)","Symptom_Discriminator_Code":"4052","Symptom_Descriminator_Description":"ED full ED assessment and management capability","value":1},{"Symptom_Group_Code":"1055","Symptom_Group_Description":"Diarrhoea and Vomiting (6.4)","Symptom_Discriminator_Code":"4052","Symptom_Descriminator_Description":"ED full ED assessment and management capability","value":1},{"Symptom_Group_Code":"1088","Symptom_Group_Description":"Fits Within the Last 12 Hours (6.4)","Symptom_Discriminator_Code":"4052","Symptom_Descriminator_Description":"ED full ED assessment and management capability","value":1},{"Symptom_Group_Code":"1117","Symptom_Group_Description":"Knee or Lower Leg Pain or Swelling (6.4)","Symptom_Discriminator_Code":"4052","Symptom_Descriminator_Description":"ED full ED assessment and management capability","value":1},{"Symptom_Group_Code":"1126","Symptom_Group_Description":"Lower Back Pain (6.4)","Symptom_Discriminator_Code":"4052","Symptom_Descriminator_Description":"ED full ED assessment and management capability","value":1},{"Symptom_Group_Code":"1135","Symptom_Group_Description":"Pain and/or Frequency Passing Urine (6.4)","Symptom_Discriminator_Code":"4020","Symptom_Descriminator_Description":"PC assessment and management capability; minor condition","value":2},{"Symptom_Group_Code":"1156","Symptom_Group_Description":"Sore Throat (6.4)","Symptom_Discriminator_Code":"4389","Symptom_Descriminator_Description":"ED post tonsillectomy bleeding","value":1},{"Symptom_Group_Code":"1166","Symptom_Group_Description":"Toe Pain or Swelling (6.4)","Symptom_Discriminator_Code":"4003","Symptom_Descriminator_Description":"PC full Primary Care assessment and prescribing capability","value":1},{"Symptom_Group_Code":"NA","Symptom_Group_Description":"NA","Symptom_Discriminator_Code":"NA","Symptom_Descriminator_Description":"NA","value":1}],"supplyRead":[{"label":"","value":5}]},{"source":0,"target":6,"value":6,"fill":"#FB8072","dx":"Speak to Primary care","supply":[{"label":"05 Hours","value":1},{"label":"08 Hours","value":1},{"label":"11 Hours","value":1},{"label":"12 Hours","value":2},{"label":"16 Hours","value":1}],"supplyDx":[{"label":"Dx11: 5.25b (Speak to Primary care)","value":6}],"supplySG":[{"Symptom_Group_Code":"1025","Symptom_Group_Description":"Blood in Urine (6.4)","Symptom_Discriminator_Code":"4003","Symptom_Descriminator_Description":"PC full Primary Care assessment and prescribing capability","value":1},{"Symptom_Group_Code":"1034","Symptom_Group_Description":"Breathing Problems; Breathlessness or Wheeze (6.4)","Symptom_Discriminator_Code":"4052","Symptom_Descriminator_Description":"ED full ED assessment and management capability","value":1},{"Symptom_Group_Code":"1143","Symptom_Group_Description":"Rectal Bleeding (6.4)","Symptom_Discriminator_Code":"4052","Symptom_Descriminator_Description":"ED full ED assessment and management capability","value":1},{"Symptom_Group_Code":"1152","Symptom_Group_Description":"Skin; Rash (6.4)","Symptom_Discriminator_Code":"4052","Symptom_Descriminator_Description":"ED full ED assessment and management capability","value":1},{"Symptom_Group_Code":"NA","Symptom_Group_Description":"NA","Symptom_Discriminator_Code":"NA","Symptom_Descriminator_Description":"NA","value":2}],"supplyRead":[{"label":"","value":20},{"label":"1738","value":1},{"label":"J68..","value":1},{"label":"K15..","value":1},{"label":"K190.","value":1},{"label":"R081.","value":1}]},{"source":0,"target":6,"value":2,"fill":"#FDB462","dx":"Non Clinical","supply":[{"label":"04 Hours","value":1},{"label":"09 Hours","value":1}],"supplyDx":[{"label":"Dx78: 5.27c (Non Clinical)","value":2}],"supplySG":[{"Symptom_Group_Code":"1191","Symptom_Group_Description":"Health and Social Information (6.5)","Symptom_Discriminator_Code":"4323","Symptom_Descriminator_Description":"CN Community Nurse","value":1},{"Symptom_Group_Code":"NA","Symptom_Group_Description":"NA","Symptom_Discriminator_Code":"NA","Symptom_Descriminator_Description":"NA","value":1}],"supplyRead":[{"label":"","value":9},{"label":"D....","value":1}]},{"source":0,"target":6,"value":12,"fill":"#FFFFB3","dx":"Other Service","supply":[{"label":"00 Hours","value":2},{"label":"03 Hours","value":1},{"label":"10 Hours","value":1},{"label":"12 Hours","value":3},{"label":"13 Hours","value":1},{"label":"19 Hours","value":2},{"label":"20 Hours","value":1},{"label":"22 Hours","value":1}],"supplyDx":[{"label":"Dx05: 5.25a (Contact Primary care)","value":1},{"label":"Dx06: 5.25a (Contact Primary care)","value":1},{"label":"Dx11: 5.25b (Speak to Primary care)","value":1},{"label":"Dx12: 5.25b (Speak to Primary care)","value":2},{"label":"Dx14: 5.25b (Speak to Primary care)","value":1},{"label":"Dx325: 5.26 (Other Service)","value":1},{"label":"Dx333: 5.26 (Other Service)","value":2},{"label":"Dx77: 5.26 (Other Service)","value":3}],"supplySG":[{"Symptom_Group_Code":"1025","Symptom_Group_Description":"Blood in Urine (6.4)","Symptom_Discriminator_Code":"4003","Symptom_Descriminator_Description":"PC full Primary Care assessment and prescribing capability","value":1},{"Symptom_Group_Code":"1028","Symptom_Group_Description":"Breast Lump (6.4)","Symptom_Discriminator_Code":"4003","Symptom_Descriminator_Description":"PC full Primary Care assessment and prescribing capability","value":1},{"Symptom_Group_Code":"1112","Symptom_Group_Description":"Headache (6.4)","Symptom_Discriminator_Code":"4052","Symptom_Descriminator_Description":"ED full ED assessment and management capability","value":1},{"Symptom_Group_Code":"1117","Symptom_Group_Description":"Knee or Lower Leg Pain or Swelling (6.4)","Symptom_Discriminator_Code":"4052","Symptom_Descriminator_Description":"ED full ED assessment and management capability","value":1},{"Symptom_Group_Code":"1152","Symptom_Group_Description":"Skin; Rash (6.4)","Symptom_Discriminator_Code":"4052","Symptom_Descriminator_Description":"ED full ED assessment and management capability","value":1},{"Symptom_Group_Code":"1170","Symptom_Group_Description":"Toxic Ingestion/Inhalation/Overdose (6.4)","Symptom_Discriminator_Code":"4052","Symptom_Descriminator_Description":"ED full ED assessment and management capability","value":1},{"Symptom_Group_Code":"1174","Symptom_Group_Description":"Vaginal Bleeding (6.4)","Symptom_Discriminator_Code":"4052","Symptom_Descriminator_Description":"ED full ED assessment and management capability","value":1},{"Symptom_Group_Code":"1180","Symptom_Group_Description":"Vomiting Blood (6.4)","Symptom_Discriminator_Code":"4389","Symptom_Descriminator_Description":"ED post tonsillectomy bleeding","value":1},{"Symptom_Group_Code":"1191","Symptom_Group_Description":"Health and Social Information (6.5)","Symptom_Discriminator_Code":"4323","Symptom_Descriminator_Description":"CN Community Nurse","value":1},{"Symptom_Group_Code":"NA","Symptom_Group_Description":"NA","Symptom_Discriminator_Code":"NA","Symptom_Descriminator_Description":"NA","value":3}],"supplyRead":[{"label":"","value":48},{"label":"G84..","value":1},{"label":"J574F","value":1},{"label":"N216.","value":1},{"label":"N245.","value":2},{"label":"R021z","value":1},{"label":"S5z..","value":1}]},{"source":0,"target":7,"value":5,"fill":"#8DD3C7","dx":"Contact Primary care","supply":[{"label":"08 Hours","value":1},{"label":"12 Hours","value":1},{"label":"14 Hours","value":1},{"label":"23 Hours","value":2}],"supplyDx":[{"label":"Dx05: 5.25a (Contact Primary care)","value":2},{"label":"Dx06: 5.25a (Contact Primary care)","value":2},{"label":"Dx08: 5.25a (Contact Primary care)","value":1}],"supplySG":[{"Symptom_Group_Code":"1034","Symptom_Group_Description":"Breathing Problems; Breathlessness or Wheeze (6.4)","Symptom_Discriminator_Code":"4052","Symptom_Descriminator_Description":"ED full ED assessment and management capability","value":1},{"Symptom_Group_Code":"1043","Symptom_Group_Description":"Cold or Flu (6.4)","Symptom_Discriminator_Code":"4003","Symptom_Descriminator_Description":"PC full Primary Care assessment and prescribing capability","value":1},{"Symptom_Group_Code":"1101","Symptom_Group_Description":"Genital Problems (6.4)","Symptom_Discriminator_Code":"4052","Symptom_Descriminator_Description":"ED full ED assessment and management capability","value":1},{"Symptom_Group_Code":"1143","Symptom_Group_Description":"Rectal Bleeding (6.4)","Symptom_Discriminator_Code":"4052","Symptom_Descriminator_Description":"ED full ED assessment and management capability","value":1},{"Symptom_Group_Code":"1180","Symptom_Group_Description":"Vomiting Blood (6.4)","Symptom_Discriminator_Code":"4389","Symptom_Descriminator_Description":"ED post tonsillectomy bleeding","value":1}],"supplyRead":[{"label":"","value":5}]},{"source":0,"target":7,"value":2,"fill":"#FB8072","dx":"Speak to Primary care","supply":[{"label":"13 Hours","value":1},{"label":"15 Hours","value":1}],"supplyDx":[{"label":"Dx12: 5.25b (Speak to Primary care)","value":1},{"label":"Dx13: 5.25b (Speak to Primary care)","value":1}],"supplySG":[{"Symptom_Group_Code":"1059","Symptom_Group_Description":"Dizziness or Vertigo (6.4)","Symptom_Discriminator_Code":"4052","Symptom_Descriminator_Description":"ED full ED assessment and management capability","value":1},{"Symptom_Group_Code":"1175","Symptom_Group_Description":"Vaginal Bleeding; Pregnant (6.4)","Symptom_Discriminator_Code":"4052","Symptom_Descriminator_Description":"ED full ED assessment and management capability","value":1}],"supplyRead":[{"label":"","value":20},{"label":"1738","value":1},{"label":"J68..","value":1},{"label":"K15..","value":1},{"label":"K190.","value":1},{"label":"R081.","value":1}]},{"source":0,"target":7,"value":6,"fill":"#FFFFB3","dx":"Other Service","supply":[{"label":"03 Hours","value":1},{"label":"16 Hours","value":1},{"label":"21 Hours","value":1},{"label":"22 Hours","value":2},{"label":"23 Hours","value":1}],"supplyDx":[{"label":"Dx32: 5.26 (Other Service)","value":4},{"label":"Dx77: 5.26 (Other Service)","value":2}],"supplySG":[{"Symptom_Group_Code":"1054","Symptom_Group_Description":"Diarrhoea (6.4)","Symptom_Discriminator_Code":"4052","Symptom_Descriminator_Description":"ED full ED assessment and management capability","value":1},{"Symptom_Group_Code":"1195","Symptom_Group_Description":"Non-trauma Emergency (6.5)","Symptom_Discriminator_Code":"4052","Symptom_Descriminator_Description":"ED full ED assessment and management capability","value":3},{"Symptom_Group_Code":"NA","Symptom_Group_Description":"NA","Symptom_Discriminator_Code":"NA","Symptom_Descriminator_Description":"NA","value":2}],"supplyRead":[{"label":"","value":48},{"label":"G84..","value":1},{"label":"J574F","value":1},{"label":"N216.","value":1},{"label":"N245.","value":2},{"label":"R021z","value":1},{"label":"S5z..","value":1}]},{"source":0,"target":9,"value":17,"fill":"#FFFFB3","dx":"Other Service","supply":[{"label":"07 Hours","value":1},{"label":"08 Hours","value":1},{"label":"12 Hours","value":1},{"label":"13 Hours","value":4},{"label":"14 Hours","value":1},{"label":"15 Hours","value":1},{"label":"16 Hours","value":2},{"label":"17 Hours","value":2},{"label":"18 Hours","value":1},{"label":"19 Hours","value":1},{"label":"21 Hours","value":1},{"label":"22 Hours","value":1}],"supplyDx":[{"label":"Dx02: 5.24 (A&E)","value":16},{"label":"Dx03: 5.24 (A&E)","value":1}],"supplySG":[{"Symptom_Group_Code":"1011","Symptom_Group_Description":"Ankle or Foot Injury; Blunt (6.4)","Symptom_Discriminator_Code":"4052","Symptom_Descriminator_Description":"ED full ED assessment and management capability","value":1},{"Symptom_Group_Code":"1013","Symptom_Group_Description":"Ankle or Foot Pain or Swelling (6.4)","Symptom_Discriminator_Code":"4052","Symptom_Descriminator_Description":"ED full ED assessment and management capability","value":1},{"Symptom_Group_Code":"1018","Symptom_Group_Description":"Behaviour Change (6.4)","Symptom_Discriminator_Code":"4245","Symptom_Descriminator_Description":"ED suicidal; no means nor plan","value":1},{"Symptom_Group_Code":"1039","Symptom_Group_Description":"Chest and Upper Back Pain (6.4)","Symptom_Discriminator_Code":"4052","Symptom_Descriminator_Description":"ED full ED assessment and management capability","value":1},{"Symptom_Group_Code":"1059","Symptom_Group_Description":"Dizziness or Vertigo (6.4)","Symptom_Discriminator_Code":"4052","Symptom_Descriminator_Description":"ED full ED assessment and management capability","value":1},{"Symptom_Group_Code":"1096","Symptom_Group_Description":"Foreign Body; Vaginal (6.4)","Symptom_Discriminator_Code":"4052","Symptom_Descriminator_Description":"ED full ED assessment and management capability","value":1},{"Symptom_Group_Code":"1120","Symptom_Group_Description":"Leg Injury; Penetrating (6.4)","Symptom_Discriminator_Code":"4052","Symptom_Descriminator_Description":"ED full ED assessment and management capability","value":1},{"Symptom_Group_Code":"1140","Symptom_Group_Description":"Predetermined Management Plan (6.4)","Symptom_Discriminator_Code":"4323","Symptom_Descriminator_Description":"CN Community Nurse","value":1},{"Symptom_Group_Code":"1143","Symptom_Group_Description":"Rectal Bleeding (6.4)","Symptom_Discriminator_Code":"4052","Symptom_Descriminator_Description":"ED full ED assessment and management capability","value":1},{"Symptom_Group_Code":"1156","Symptom_Group_Description":"Sore Throat (6.4)","Symptom_Discriminator_Code":"4389","Symptom_Descriminator_Description":"ED post tonsillectomy bleeding","value":1},{"Symptom_Group_Code":"1170","Symptom_Group_Description":"Toxic Ingestion/Inhalation/Overdose (6.4)","Symptom_Discriminator_Code":"4052","Symptom_Descriminator_Description":"ED full ED assessment and management capability","value":1},{"Symptom_Group_Code":"1175","Symptom_Group_Description":"Vaginal Bleeding; Pregnant (6.4)","Symptom_Discriminator_Code":"4052","Symptom_Descriminator_Description":"ED full ED assessment and management capability","value":1},{"Symptom_Group_Code":"1206","Symptom_Group_Description":"NHS Pathways in House Clinician","Symptom_Discriminator_Code":"4312","Symptom_Descriminator_Description":"ED extended ophthalmic assessment and prescribing capability (PEARS)","value":5}],"supplyRead":[{"label":"","value":48},{"label":"G84..","value":1},{"label":"J574F","value":1},{"label":"N216.","value":1},{"label":"N245.","value":2},{"label":"R021z","value":1},{"label":"S5z..","value":1}]},{"source":0,"target":10,"value":3,"fill":"#FFFFB3","dx":"Other Service","supply":[{"label":"10 Hours","value":2},{"label":"14 Hours","value":1}],"supplyDx":[{"label":"Dx02: 5.24 (A&E)","value":1},{"label":"Dx06: 5.25a (Contact Primary care)","value":2}],"supplySG":[{"Symptom_Group_Code":"1128","Symptom_Group_Description":"Lower Limb Pain or Swelling (6.4)","Symptom_Discriminator_Code":"4052","Symptom_Descriminator_Description":"ED full ED assessment and management capability","value":1},{"Symptom_Group_Code":"1144","Symptom_Group_Description":"Rectal Pain; Swelling; Lump or Itch (6.4)","Symptom_Discriminator_Code":"4052","Symptom_Descriminator_Description":"ED full ED assessment and management capability","value":1},{"Symptom_Group_Code":"1179","Symptom_Group_Description":"Vomiting (6.4)","Symptom_Discriminator_Code":"4052","Symptom_Descriminator_Description":"ED full ED assessment and management capability","value":1}],"supplyRead":[{"label":"","value":48},{"label":"G84..","value":1},{"label":"J574F","value":1},{"label":"N216.","value":1},{"label":"N245.","value":2},{"label":"R021z","value":1},{"label":"S5z..","value":1}]},{"source":0,"target":12,"value":18,"fill":"#80B1D3","dx":"A&E","supply":[{"label":"04 Hours","value":1},{"label":"12 Hours","value":1},{"label":"13 Hours","value":2},{"label":"14 Hours","value":2},{"label":"15 Hours","value":1},{"label":"17 Hours","value":1},{"label":"18 Hours","value":1},{"label":"19 Hours","value":3},{"label":"21 Hours","value":3},{"label":"22 Hours","value":2},{"label":"23 Hours","value":1}],"supplyDx":[{"label":"Dx02: 5.24 (A&E)","value":16},{"label":"Dx03: 5.24 (A&E)","value":2}],"supplySG":[{"Symptom_Group_Code":"1014","Symptom_Group_Description":"Arm Injury; Blunt (6.4)","Symptom_Discriminator_Code":"4052","Symptom_Descriminator_Description":"ED full ED assessment and management capability","value":1},{"Symptom_Group_Code":"1038","Symptom_Group_Description":"Burn; Thermal (6.4)","Symptom_Discriminator_Code":"4052","Symptom_Descriminator_Description":"ED full ED assessment and management capability","value":2},{"Symptom_Group_Code":"1039","Symptom_Group_Description":"Chest and Upper Back Pain (6.4)","Symptom_Discriminator_Code":"4052","Symptom_Descriminator_Description":"ED full ED assessment and management capability","value":2},{"Symptom_Group_Code":"1040","Symptom_Group_Description":"Chest or Upper Back Injury; Blunt (6.4)","Symptom_Discriminator_Code":"4052","Symptom_Descriminator_Description":"ED full ED assessment and management capability","value":1},{"Symptom_Group_Code":"1059","Symptom_Group_Description":"Dizziness or Vertigo (6.4)","Symptom_Discriminator_Code":"4052","Symptom_Descriminator_Description":"ED full ED assessment and management capability","value":3},{"Symptom_Group_Code":"1076","Symptom_Group_Description":"Eye; Visual Loss or Disturbance (6.4)","Symptom_Discriminator_Code":"4312","Symptom_Descriminator_Description":"ED extended ophthalmic assessment and prescribing capability (PEARS)","value":1},{"Symptom_Group_Code":"1086","Symptom_Group_Description":"Finger or Thumb Injury; Penetrating (6.4)","Symptom_Discriminator_Code":"4009","Symptom_Descriminator_Description":"ED amputation; digit","value":1},{"Symptom_Group_Code":"1107","Symptom_Group_Description":"Hand or Wrist Injury; Blunt (6.4)","Symptom_Discriminator_Code":"4052","Symptom_Descriminator_Description":"ED full ED assessment and management capability","value":1},{"Symptom_Group_Code":"1119","Symptom_Group_Description":"Leg Injury; Blunt (6.4)","Symptom_Discriminator_Code":"4052","Symptom_Descriminator_Description":"ED full ED assessment and management capability","value":1},{"Symptom_Group_Code":"1120","Symptom_Group_Description":"Leg Injury; Penetrating (6.4)","Symptom_Discriminator_Code":"4052","Symptom_Descriminator_Description":"ED full ED assessment and management capability","value":1},{"Symptom_Group_Code":"1140","Symptom_Group_Description":"Predetermined Management Plan (6.4)","Symptom_Discriminator_Code":"4323","Symptom_Descriminator_Description":"CN Community Nurse","value":2},{"Symptom_Group_Code":"1179","Symptom_Group_Description":"Vomiting (6.4)","Symptom_Discriminator_Code":"4052","Symptom_Descriminator_Description":"ED full ED assessment and management capability","value":2}],"supplyRead":[{"label":"","value":90}]},{"source":1,"target":11,"value":1,"fill":"#BEBADA","dx":"None","supply":[{"label":"03 Hours","value":1}],"supplyDx":[{"label":"Unknown: (None)","value":1}],"supplySG":[{"Symptom_Group_Code":"NA","Symptom_Group_Description":"NA","Symptom_Discriminator_Code":"NA","Symptom_Descriminator_Description":"NA","value":1}],"supplyRead":[{"label":"","value":4},{"label":"G57..","value":1}]},{"source":2,"target":5,"value":1,"fill":"#BEBADA","dx":"None","supply":[{"label":"03 Hours","value":1}],"supplyDx":[{"label":"Unknown: (None)","value":1}],"supplySG":[{"Symptom_Group_Code":"NA","Symptom_Group_Description":"NA","Symptom_Discriminator_Code":"NA","Symptom_Descriminator_Description":"NA","value":1}],"supplyRead":[]},{"source":2,"target":6,"value":2,"fill":"#BEBADA","dx":"None","supply":[{"label":"11 Hours","value":1},{"label":"16 Hours","value":1}],"supplyDx":[{"label":"Unknown: (None)","value":2}],"supplySG":[{"Symptom_Group_Code":"NA","Symptom_Group_Description":"NA","Symptom_Discriminator_Code":"NA","Symptom_Descriminator_Description":"NA","value":2}],"supplyRead":[]},{"source":2,"target":9,"value":1,"fill":"#FFFFB3","dx":"Other Service","supply":[{"label":"13 Hours","value":1}],"supplyDx":[{"label":"Dx02: 5.24 (A&E)","value":1}],"supplySG":[{"Symptom_Group_Code":"1059","Symptom_Group_Description":"Dizziness or Vertigo (6.4)","Symptom_Discriminator_Code":"4052","Symptom_Descriminator_Description":"ED full ED assessment and management capability","value":1}],"supplyRead":[{"label":"","value":5}]},{"source":3,"target":12,"value":1,"fill":"#BEBADA","dx":"None","supply":[{"label":"04 Hours","value":1}],"supplyDx":[{"label":"Dx02: 5.24 (A&E)","value":1}],"supplySG":[{"Symptom_Group_Code":"1206","Symptom_Group_Description":"NHS Pathways in House Clinician","Symptom_Discriminator_Code":"4312","Symptom_Descriminator_Description":"ED extended ophthalmic assessment and prescribing capability (PEARS)","value":1}],"supplyRead":[{"label":"","value":5}]},{"source":4,"target":11,"value":1,"fill":"#8DD3C7","dx":"Contact Primary care","supply":[{"label":"00 Hours","value":1}],"supplyDx":[{"label":"1159£Symptoms without specific Pathway (6.4)£4003£PC full Primary Care assessment and prescribing capability","value":1}],"supplySG":[{"Symptom_Group_Code":"1049","Symptom_Group_Description":"Coughing up Blood (6.4)","Symptom_Discriminator_Code":"4052","Symptom_Descriminator_Description":"ED full ED assessment and management capability","value":1}],"supplyRead":[{"label":"","value":4},{"label":"R063.","value":1}]},{"source":4,"target":11,"value":2,"fill":"#FB8072","dx":"Speak to Primary care","supply":[{"label":"04 Hours","value":1},{"label":"16 Hours","value":1}],"supplyDx":[{"label":"1159£Symptoms without specific Pathway (6.4)£4003£PC full Primary Care assessment and prescribing capability","value":1}],"supplySG":[{"Symptom_Group_Code":"1025","Symptom_Group_Description":"Blood in Urine (6.4)","Symptom_Discriminator_Code":"4003","Symptom_Descriminator_Description":"PC full Primary Care assessment and prescribing capability","value":1},{"Symptom_Group_Code":"1140","Symptom_Group_Description":"Predetermined Management Plan (6.4)","Symptom_Discriminator_Code":"4323","Symptom_Descriminator_Description":"CN Community Nurse","value":1}],"supplyRead":[{"label":"","value":8},{"label":"H06z1","value":1},{"label":"K190.","value":1}]},{"source":5,"target":11,"value":1,"fill":"#8DD3C7","dx":"Contact Primary care","supply":[{"label":"17 Hours","value":1}],"supplyDx":[{"label":"1159£Symptoms without specific Pathway (6.4)£4003£PC full Primary Care assessment and prescribing capability","value":1}],"supplySG":[{"Symptom_Group_Code":"1064","Symptom_Group_Description":"Earache (6.4)","Symptom_Discriminator_Code":"4022","Symptom_Descriminator_Description":"ED foreign body; removal required","value":1}],"supplyRead":[{"label":"","value":4},{"label":"G2z..","value":1}]},{"source":5,"target":11,"value":1,"fill":"#BEBADA","dx":"None","supply":[{"label":"03 Hours","value":1}],"supplyDx":[{"label":"1159£Symptoms without specific Pathway (6.4)£4003£PC full Primary Care assessment and prescribing capability","value":1}],"supplySG":[{"Symptom_Group_Code":"NA","Symptom_Group_Description":"NA","Symptom_Discriminator_Code":"NA","Symptom_Descriminator_Description":"NA","value":1}],"supplyRead":[{"label":"","value":3},{"label":"16D..","value":1},{"label":"S646.","value":1}]},{"source":5,"target":11,"value":1,"fill":"#FB8072","dx":"Speak to Primary care","supply":[{"label":"00 Hours","value":1}],"supplyDx":[{"label":"1159£Symptoms without specific Pathway (6.4)£4003£PC full Primary Care assessment and prescribing capability","value":1}],"supplySG":[{"Symptom_Group_Code":"1025","Symptom_Group_Description":"Blood in Urine (6.4)","Symptom_Discriminator_Code":"4003","Symptom_Descriminator_Description":"PC full Primary Care assessment and prescribing capability","value":1}],"supplyRead":[{"label":"","value":4},{"label":"K197.","value":1}]},{"source":6,"target":11,"value":13,"fill":"#8DD3C7","dx":"Contact Primary care","supply":[{"label":"00 Hours","value":2},{"label":"03 Hours","value":1},{"label":"06 Hours","value":1},{"label":"07 Hours","value":1},{"label":"09 Hours","value":1},{"label":"12 Hours","value":1},{"label":"14 Hours","value":1},{"label":"16 Hours","value":1},{"label":"20 Hours","value":1},{"label":"22 Hours","value":2},{"label":"23 Hours","value":1}],"supplyDx":[{"label":"1159£Symptoms without specific Pathway (6.4)£4003£PC full Primary Care assessment and prescribing capability","value":1}],"supplySG":[{"Symptom_Group_Code":"1013","Symptom_Group_Description":"Ankle or Foot Pain or Swelling (6.4)","Symptom_Discriminator_Code":"4052","Symptom_Descriminator_Description":"ED full ED assessment and management capability","value":1},{"Symptom_Group_Code":"1034","Symptom_Group_Description":"Breathing Problems; Breathlessness or Wheeze (6.4)","Symptom_Discriminator_Code":"4052","Symptom_Descriminator_Description":"ED full ED assessment and management capability","value":1},{"Symptom_Group_Code":"1055","Symptom_Group_Description":"Diarrhoea and Vomiting (6.4)","Symptom_Discriminator_Code":"4052","Symptom_Descriminator_Description":"ED full ED assessment and management capability","value":1},{"Symptom_Group_Code":"1088","Symptom_Group_Description":"Fits Within the Last 12 Hours (6.4)","Symptom_Discriminator_Code":"4052","Symptom_Descriminator_Description":"ED full ED assessment and management capability","value":1},{"Symptom_Group_Code":"1112","Symptom_Group_Description":"Headache (6.4)","Symptom_Discriminator_Code":"4052","Symptom_Descriminator_Description":"ED full ED assessment and management capability","value":1},{"Symptom_Group_Code":"1117","Symptom_Group_Description":"Knee or Lower Leg Pain or Swelling (6.4)","Symptom_Discriminator_Code":"4052","Symptom_Descriminator_Description":"ED full ED assessment and management capability","value":1},{"Symptom_Group_Code":"1126","Symptom_Group_Description":"Lower Back Pain (6.4)","Symptom_Discriminator_Code":"4052","Symptom_Descriminator_Description":"ED full ED assessment and management capability","value":1},{"Symptom_Group_Code":"1135","Symptom_Group_Description":"Pain and/or Frequency Passing Urine (6.4)","Symptom_Discriminator_Code":"4020","Symptom_Descriminator_Description":"PC assessment and management capability; minor condition","value":2},{"Symptom_Group_Code":"1156","Symptom_Group_Description":"Sore Throat (6.4)","Symptom_Discriminator_Code":"4389","Symptom_Descriminator_Description":"ED post tonsillectomy bleeding","value":1},{"Symptom_Group_Code":"1166","Symptom_Group_Description":"Toe Pain or Swelling (6.4)","Symptom_Discriminator_Code":"4003","Symptom_Descriminator_Description":"PC full Primary Care assessment and prescribing capability","value":1},{"Symptom_Group_Code":"NA","Symptom_Group_Description":"NA","Symptom_Discriminator_Code":"NA","Symptom_Descriminator_Description":"NA","value":2}],"supplyRead":[{"label":"","value":48},{"label":"19F2.","value":1},{"label":"1C92.","value":1},{"label":"A0812","value":1},{"label":"H03..","value":1},{"label":"H06z1","value":1},{"label":"K190.","value":1},{"label":"K197.","value":1},{"label":"N094.","value":1},{"label":"N245.","value":1},{"label":"R0000","value":1},{"label":"R003z","value":1},{"label":"R062.","value":1},{"label":"R065B","value":1},{"label":"R0701","value":1},{"label":"R081.","value":1},{"label":"R090.","value":1},{"label":"ZV6..","value":1}]},{"source":6,"target":11,"value":2,"fill":"#BEBADA","dx":"None","supply":[{"label":"03 Hours","value":1},{"label":"11 Hours","value":1},{"label":"16 Hours","value":1}],"supplyDx":[{"label":"1159£Symptoms without specific Pathway (6.4)£4003£PC full Primary Care assessment and prescribing capability","value":1}],"supplySG":[{"Symptom_Group_Code":"NA","Symptom_Group_Description":"NA","Symptom_Discriminator_Code":"NA","Symptom_Descriminator_Description":"NA","value":3}],"supplyRead":[{"label":"","value":11},{"label":"G57..","value":1},{"label":"N094.","value":1},{"label":"R0062","value":1},{"label":"R006z","value":1}]},{"source":6,"target":11,"value":10,"fill":"#FB8072","dx":"Speak to Primary care","supply":[{"label":"03 Hours","value":1},{"label":"05 Hours","value":1},{"label":"08 Hours","value":1},{"label":"11 Hours","value":1},{"label":"12 Hours","value":3},{"label":"16 Hours","value":1},{"label":"19 Hours","value":1},{"label":"22 Hours","value":1}],"supplyDx":[{"label":"1159£Symptoms without specific Pathway (6.4)£4003£PC full Primary Care assessment and prescribing capability","value":1}],"supplySG":[{"Symptom_Group_Code":"1025","Symptom_Group_Description":"Blood in Urine (6.4)","Symptom_Discriminator_Code":"4003","Symptom_Descriminator_Description":"PC full Primary Care assessment and prescribing capability","value":2},{"Symptom_Group_Code":"1028","Symptom_Group_Description":"Breast Lump (6.4)","Symptom_Discriminator_Code":"4003","Symptom_Descriminator_Description":"PC full Primary Care assessment and prescribing capability","value":1},{"Symptom_Group_Code":"1034","Symptom_Group_Description":"Breathing Problems; Breathlessness or Wheeze (6.4)","Symptom_Discriminator_Code":"4052","Symptom_Descriminator_Description":"ED full ED assessment and management capability","value":1},{"Symptom_Group_Code":"1143","Symptom_Group_Description":"Rectal Bleeding (6.4)","Symptom_Discriminator_Code":"4052","Symptom_Descriminator_Description":"ED full ED assessment and management capability","value":1},{"Symptom_Group_Code":"1152","Symptom_Group_Description":"Skin; Rash (6.4)","Symptom_Discriminator_Code":"4052","Symptom_Descriminator_Description":"ED full ED assessment and management capability","value":2},{"Symptom_Group_Code":"1174","Symptom_Group_Description":"Vaginal Bleeding (6.4)","Symptom_Discriminator_Code":"4052","Symptom_Descriminator_Description":"ED full ED assessment and management capability","value":1},{"Symptom_Group_Code":"NA","Symptom_Group_Description":"NA","Symptom_Discriminator_Code":"NA","Symptom_Descriminator_Description":"NA","value":2}],"supplyRead":[{"label":"","value":39},{"label":"1738","value":2},{"label":"B....","value":1},{"label":"J68..","value":1},{"label":"K15..","value":1},{"label":"K197.","value":1},{"label":"K59..","value":1},{"label":"N094.","value":1},{"label":"R021z","value":2},{"label":"R081.","value":1}]},{"source":6,"target":11,"value":2,"fill":"#FDB462","dx":"Non Clinical","supply":[{"label":"04 Hours","value":1},{"label":"09 Hours","value":1}],"supplyDx":[{"label":"1159£Symptoms without specific Pathway (6.4)£4003£PC full Primary Care assessment and prescribing capability","value":1}],"supplySG":[{"Symptom_Group_Code":"1191","Symptom_Group_Description":"Health and Social Information (6.5)","Symptom_Discriminator_Code":"4323","Symptom_Descriminator_Description":"CN Community Nurse","value":1},{"Symptom_Group_Code":"NA","Symptom_Group_Description":"NA","Symptom_Discriminator_Code":"NA","Symptom_Descriminator_Description":"NA","value":1}],"supplyRead":[{"label":"","value":9},{"label":"D....","value":1}]},{"source":6,"target":11,"value":6,"fill":"#FFFFB3","dx":"Other Service","supply":[{"label":"10 Hours","value":1},{"label":"12 Hours","value":2},{"label":"13 Hours","value":1},{"label":"19 Hours","value":1},{"label":"20 Hours","value":1}],"supplyDx":[{"label":"1159£Symptoms without specific Pathway (6.4)£4003£PC full Primary Care assessment and prescribing capability","value":1}],"supplySG":[{"Symptom_Group_Code":"1117","Symptom_Group_Description":"Knee or Lower Leg Pain or Swelling (6.4)","Symptom_Discriminator_Code":"4052","Symptom_Descriminator_Description":"ED full ED assessment and management capability","value":1},{"Symptom_Group_Code":"1170","Symptom_Group_Description":"Toxic Ingestion/Inhalation/Overdose (6.4)","Symptom_Discriminator_Code":"4052","Symptom_Descriminator_Description":"ED full ED assessment and management capability","value":1},{"Symptom_Group_Code":"1180","Symptom_Group_Description":"Vomiting Blood (6.4)","Symptom_Discriminator_Code":"4389","Symptom_Descriminator_Description":"ED post tonsillectomy bleeding","value":1},{"Symptom_Group_Code":"1191","Symptom_Group_Description":"Health and Social Information (6.5)","Symptom_Discriminator_Code":"4323","Symptom_Descriminator_Description":"CN Community Nurse","value":1},{"Symptom_Group_Code":"NA","Symptom_Group_Description":"NA","Symptom_Discriminator_Code":"NA","Symptom_Descriminator_Description":"NA","value":2}],"supplyRead":[{"label":"","value":23},{"label":"677B.","value":1},{"label":"9N4..","value":1},{"label":"J0z..","value":1},{"label":"N245.","value":1},{"label":"R004.","value":1},{"label":"R0701","value":1},{"label":"S5z..","value":1}]},{"source":7,"target":11,"value":5,"fill":"#8DD3C7","dx":"Contact Primary care","supply":[{"label":"08 Hours","value":1},{"label":"12 Hours","value":1},{"label":"14 Hours","value":1},{"label":"23 Hours","value":2}],"supplyDx":[{"label":"1159£Symptoms without specific Pathway (6.4)£4003£PC full Primary Care assessment and prescribing capability","value":1}],"supplySG":[{"Symptom_Group_Code":"1034","Symptom_Group_Description":"Breathing Problems; Breathlessness or Wheeze (6.4)","Symptom_Discriminator_Code":"4052","Symptom_Descriminator_Description":"ED full ED assessment and management capability","value":1},{"Symptom_Group_Code":"1043","Symptom_Group_Description":"Cold or Flu (6.4)","Symptom_Discriminator_Code":"4003","Symptom_Descriminator_Description":"PC full Primary Care assessment and prescribing capability","value":1},{"Symptom_Group_Code":"1101","Symptom_Group_Description":"Genital Problems (6.4)","Symptom_Discriminator_Code":"4052","Symptom_Descriminator_Description":"ED full ED assessment and management capability","value":1},{"Symptom_Group_Code":"1143","Symptom_Group_Description":"Rectal Bleeding (6.4)","Symptom_Discriminator_Code":"4052","Symptom_Descriminator_Description":"ED full ED assessment and management capability","value":1},{"Symptom_Group_Code":"1180","Symptom_Group_Description":"Vomiting Blood (6.4)","Symptom_Discriminator_Code":"4389","Symptom_Descriminator_Description":"ED post tonsillectomy bleeding","value":1}],"supplyRead":[{"label":"","value":25}]},{"source":7,"target":11,"value":2,"fill":"#FB8072","dx":"Speak to Primary care","supply":[{"label":"13 Hours","value":1},{"label":"15 Hours","value":1}],"supplyDx":[{"label":"1159£Symptoms without specific Pathway (6.4)£4003£PC full Primary Care assessment and prescribing capability","value":1}],"supplySG":[{"Symptom_Group_Code":"1059","Symptom_Group_Description":"Dizziness or Vertigo (6.4)","Symptom_Discriminator_Code":"4052","Symptom_Descriminator_Description":"ED full ED assessment and management capability","value":1},{"Symptom_Group_Code":"1175","Symptom_Group_Description":"Vaginal Bleeding; Pregnant (6.4)","Symptom_Discriminator_Code":"4052","Symptom_Descriminator_Description":"ED full ED assessment and management capability","value":1}],"supplyRead":[{"label":"","value":10}]},{"source":7,"target":11,"value":6,"fill":"#FFFFB3","dx":"Other Service","supply":[{"label":"03 Hours","value":1},{"label":"16 Hours","value":1},{"label":"21 Hours","value":1},{"label":"22 Hours","value":2},{"label":"23 Hours","value":1}],"supplyDx":[{"label":"1159£Symptoms without specific Pathway (6.4)£4003£PC full Primary Care assessment and prescribing capability","value":1}],"supplySG":[{"Symptom_Group_Code":"1054","Symptom_Group_Description":"Diarrhoea (6.4)","Symptom_Discriminator_Code":"4052","Symptom_Descriminator_Description":"ED full ED assessment and management capability","value":1},{"Symptom_Group_Code":"1195","Symptom_Group_Description":"Non-trauma Emergency (6.5)","Symptom_Discriminator_Code":"4052","Symptom_Descriminator_Description":"ED full ED assessment and management capability","value":3},{"Symptom_Group_Code":"NA","Symptom_Group_Description":"NA","Symptom_Discriminator_Code":"NA","Symptom_Descriminator_Description":"NA","value":2}],"supplyRead":[{"label":"","value":30}]},{"source":9,"target":12,"value":18,"fill":"#80B1D3","dx":"A&E","supply":[{"label":"04 Hours","value":1},{"label":"07 Hours","value":1},{"label":"08 Hours","value":1},{"label":"12 Hours","value":1},{"label":"13 Hours","value":5},{"label":"14 Hours","value":1},{"label":"15 Hours","value":1},{"label":"16 Hours","value":2},{"label":"17 Hours","value":2},{"label":"18 Hours","value":1},{"label":"19 Hours","value":1},{"label":"21 Hours","value":1},{"label":"22 Hours","value":1}],"supplyDx":[{"label":"1159£Symptoms without specific Pathway (6.4)£4003£PC full Primary Care assessment and prescribing capability","value":1}],"supplySG":[{"Symptom_Group_Code":"1011","Symptom_Group_Description":"Ankle or Foot Injury; Blunt (6.4)","Symptom_Discriminator_Code":"4052","Symptom_Descriminator_Description":"ED full ED assessment and management capability","value":1},{"Symptom_Group_Code":"1013","Symptom_Group_Description":"Ankle or Foot Pain or Swelling (6.4)","Symptom_Discriminator_Code":"4052","Symptom_Descriminator_Description":"ED full ED assessment and management capability","value":1},{"Symptom_Group_Code":"1018","Symptom_Group_Description":"Behaviour Change (6.4)","Symptom_Discriminator_Code":"4245","Symptom_Descriminator_Description":"ED suicidal; no means nor plan","value":1},{"Symptom_Group_Code":"1039","Symptom_Group_Description":"Chest and Upper Back Pain (6.4)","Symptom_Discriminator_Code":"4052","Symptom_Descriminator_Description":"ED full ED assessment and management capability","value":1},{"Symptom_Group_Code":"1059","Symptom_Group_Description":"Dizziness or Vertigo (6.4)","Symptom_Discriminator_Code":"4052","Symptom_Descriminator_Description":"ED full ED assessment and management capability","value":2},{"Symptom_Group_Code":"1096","Symptom_Group_Description":"Foreign Body; Vaginal (6.4)","Symptom_Discriminator_Code":"4052","Symptom_Descriminator_Description":"ED full ED assessment and management capability","value":1},{"Symptom_Group_Code":"1120","Symptom_Group_Description":"Leg Injury; Penetrating (6.4)","Symptom_Discriminator_Code":"4052","Symptom_Descriminator_Description":"ED full ED assessment and management capability","value":1},{"Symptom_Group_Code":"1140","Symptom_Group_Description":"Predetermined Management Plan (6.4)","Symptom_Discriminator_Code":"4323","Symptom_Descriminator_Description":"CN Community Nurse","value":1},{"Symptom_Group_Code":"1143","Symptom_Group_Description":"Rectal Bleeding (6.4)","Symptom_Discriminator_Code":"4052","Symptom_Descriminator_Description":"ED full ED assessment and management capability","value":1},{"Symptom_Group_Code":"1156","Symptom_Group_Description":"Sore Throat (6.4)","Symptom_Discriminator_Code":"4389","Symptom_Descriminator_Description":"ED post tonsillectomy bleeding","value":1},{"Symptom_Group_Code":"1170","Symptom_Group_Description":"Toxic Ingestion/Inhalation/Overdose (6.4)","Symptom_Discriminator_Code":"4052","Symptom_Descriminator_Description":"ED full ED assessment and management capability","value":1},{"Symptom_Group_Code":"1175","Symptom_Group_Description":"Vaginal Bleeding; Pregnant (6.4)","Symptom_Discriminator_Code":"4052","Symptom_Descriminator_Description":"ED full ED assessment and management capability","value":1},{"Symptom_Group_Code":"1206","Symptom_Group_Description":"NHS Pathways in House Clinician","Symptom_Discriminator_Code":"4312","Symptom_Descriminator_Description":"ED extended ophthalmic assessment and prescribing capability (PEARS)","value":6}],"supplyRead":[{"label":"","value":95}]},{"source":10,"target":11,"value":1,"fill":"#8DD3C7","dx":"Contact Primary care","supply":[{"label":"14 Hours","value":1}],"supplyDx":[{"label":"1159£Symptoms without specific Pathway (6.4)£4003£PC full Primary Care assessment and prescribing capability","value":1}],"supplySG":[{"Symptom_Group_Code":"1144","Symptom_Group_Description":"Rectal Pain; Swelling; Lump or Itch (6.4)","Symptom_Discriminator_Code":"4052","Symptom_Descriminator_Description":"ED full ED assessment and management capability","value":1}],"supplyRead":[{"label":"","value":3},{"label":"G84..","value":1},{"label":"J574F","value":1}]},{"source":10,"target":12,"value":1,"fill":"#80B1D3","dx":"A&E","supply":[{"label":"10 Hours","value":1}],"supplyDx":[{"label":"1159£Symptoms without specific Pathway (6.4)£4003£PC full Primary Care assessment and prescribing capability","value":1}],"supplySG":[{"Symptom_Group_Code":"1128","Symptom_Group_Description":"Lower Limb Pain or Swelling (6.4)","Symptom_Discriminator_Code":"4052","Symptom_Descriminator_Description":"ED full ED assessment and management capability","value":1}],"supplyRead":[{"label":"","value":3},{"label":"N216.","value":1},{"label":"N245.","value":1}]},{"source":10,"target":13,"value":1,"fill":"#8DD3C7","dx":"Contact Primary care","supply":[{"label":"10 Hours","value":1}],"supplyDx":[{"label":"1159£Symptoms without specific Pathway (6.4)£4003£PC full Primary Care assessment and prescribing capability","value":1}],"supplySG":[{"Symptom_Group_Code":"1179","Symptom_Group_Description":"Vomiting (6.4)","Symptom_Discriminator_Code":"4052","Symptom_Descriminator_Description":"ED full ED assessment and management capability","value":1}],"supplyRead":[{"label":"","value":2},{"label":"R0700","value":1},{"label":"R0701","value":1},{"label":"R090.","value":1}]}]}