{"nodes":[{"layer":1,"name":"Pathways Non-Clinician","fill":"#9E0142","label":"Initial Skillset"},{"layer":1,"name":"Pathways Clinician","fill":"#9E0142","label":"Initial Skillset"},{"layer":1,"name":"Service Advisor","fill":"#9E0142","label":"Initial Skillset"},{"layer":1,"name":"OLC Clinician (F2F)","fill":"#9E0142","label":"Initial Skillset"},{"layer":2,"name":"Pathways Non-Clinician","fill":"#F46D43","label":"Final Skillset"},{"layer":2,"name":"OLC Clinician (F2F)","fill":"#F46D43","label":"Final Skillset"},{"layer":2,"name":"Pathways Clinician","fill":"#F46D43","label":"Final Skillset"},{"layer":2,"name":"OLC Clinician (Advice)","fill":"#F46D43","label":"Final Skillset"},{"layer":2,"name":"TAS Clinician","fill":"#F46D43","label":"Final Skillset"},{"layer":2,"name":"Pathways GP","fill":"#F46D43","label":"Final Skillset"},{"layer":3,"name":"Emergency Department (ED)","fill":"#FEE08B","label":"Service Type"},{"layer":3,"name":"","fill":"#FEE08B","label":"Service Type"},{"layer":3,"name":"Emergency Department (ED) Eye Casualty","fill":"#FEE08B","label":"Service Type"},{"layer":3,"name":"Emergency Department (ED) Specialist","fill":"#FEE08B","label":"Service Type"}],"links":[{"source":0,"target":5,"value":2,"fill":"#80B1D3","dx":"Speak to Primary care","supply":[{"label":"21 Hours","value":2}],"supplyDx":[{"label":"Dx11: 5.25b (Speak to Primary care)","value":2}],"supplySG":[{"Symptom_Group_Code":"1112","Symptom_Group_Description":"Headache (6.4)","Symptom_Discriminator_Code":"4052","Symptom_Descriminator_Description":"ED full ED assessment and management capability","value":1},{"Symptom_Group_Code":"NA","Symptom_Group_Description":"NA","Symptom_Discriminator_Code":"NA","Symptom_Descriminator_Description":"NA","value":1}],"supplyRead":[{"label":"","value":5}]},{"source":0,"target":5,"value":5,"fill":"#FFFFB3","dx":"Contact Primary care","supply":[{"label":"00 Hours","value":1},{"label":"19 Hours","value":1},{"label":"20 Hours","value":1},{"label":"21 Hours","value":1},{"label":"23 Hours","value":1}],"supplyDx":[{"label":"Dx05: 5.25a (Contact Primary care)","value":3},{"label":"Dx06: 5.25a (Contact Primary care)","value":2}],"supplySG":[{"Symptom_Group_Code":"1004","Symptom_Group_Description":"Abdominal Pain (6.4)","Symptom_Discriminator_Code":"4052","Symptom_Descriminator_Description":"ED full ED assessment and management capability","value":1},{"Symptom_Group_Code":"1084","Symptom_Group_Description":"Fever (6.4)","Symptom_Discriminator_Code":"4052","Symptom_Descriminator_Description":"ED full ED assessment and management capability","value":1},{"Symptom_Group_Code":"1135","Symptom_Group_Description":"Pain and/or Frequency Passing Urine (6.4)","Symptom_Discriminator_Code":"4020","Symptom_Descriminator_Description":"PC assessment and management capability; minor condition","value":1},{"Symptom_Group_Code":"1174","Symptom_Group_Description":"Vaginal Bleeding (6.4)","Symptom_Discriminator_Code":"4052","Symptom_Descriminator_Description":"ED full ED assessment and management capability","value":1},{"Symptom_Group_Code":"1175","Symptom_Group_Description":"Vaginal Bleeding; Pregnant (6.4)","Symptom_Discriminator_Code":"4052","Symptom_Descriminator_Description":"ED full ED assessment and management capability","value":1}],"supplyRead":[]},{"source":0,"target":6,"value":12,"fill":"#BEBADA","dx":"Other Service","supply":[{"label":"01 Hours","value":1},{"label":"05 Hours","value":1},{"label":"07 Hours","value":1},{"label":"10 Hours","value":1},{"label":"13 Hours","value":1},{"label":"14 Hours","value":1},{"label":"16 Hours","value":1},{"label":"17 Hours","value":3},{"label":"19 Hours","value":1},{"label":"23 Hours","value":1}],"supplyDx":[{"label":"Dx02: 5.24 (A&E)","value":12}],"supplySG":[{"Symptom_Group_Code":"1039","Symptom_Group_Description":"Chest and Upper Back Pain (6.4)","Symptom_Discriminator_Code":"4052","Symptom_Descriminator_Description":"ED full ED assessment and management capability","value":2},{"Symptom_Group_Code":"1055","Symptom_Group_Description":"Diarrhoea and Vomiting (6.4)","Symptom_Discriminator_Code":"4052","Symptom_Descriminator_Description":"ED full ED assessment and management capability","value":1},{"Symptom_Group_Code":"1170","Symptom_Group_Description":"Toxic Ingestion/Inhalation/Overdose (6.4)","Symptom_Discriminator_Code":"4052","Symptom_Descriminator_Description":"ED full ED assessment and management capability","value":1},{"Symptom_Group_Code":"1179","Symptom_Group_Description":"Vomiting (6.4)","Symptom_Discriminator_Code":"4052","Symptom_Descriminator_Description":"ED full ED assessment and management capability","value":1},{"Symptom_Group_Code":"1206","Symptom_Group_Description":"NHS Pathways in House Clinician","Symptom_Discriminator_Code":"4312","Symptom_Descriminator_Description":"ED extended ophthalmic assessment and prescribing capability (PEARS)","value":7}],"supplyRead":[{"label":"","value":49},{"label":"1738","value":1},{"label":"1B1G.","value":1},{"label":"H05z.","value":1},{"label":"R0062","value":1},{"label":"R090.","value":1},{"label":"S646.","value":1}]},{"source":0,"target":7,"value":3,"fill":"#80B1D3","dx":"Speak to Primary care","supply":[{"label":"18 Hours","value":1},{"label":"20 Hours","value":1},{"label":"23 Hours","value":1}],"supplyDx":[{"label":"Dx11: 5.25b (Speak to Primary care)","value":3}],"supplySG":[{"Symptom_Group_Code":"1039","Symptom_Group_Description":"Chest and Upper Back Pain (6.4)","Symptom_Discriminator_Code":"4052","Symptom_Descriminator_Description":"ED full ED assessment and management capability","value":1},{"Symptom_Group_Code":"1084","Symptom_Group_Description":"Fever (6.4)","Symptom_Discriminator_Code":"4052","Symptom_Descriminator_Description":"ED full ED assessment and management capability","value":1},{"Symptom_Group_Code":"1172","Symptom_Group_Description":"Unwell; Under 1 Year Old (6.4)","Symptom_Discriminator_Code":"4052","Symptom_Descriminator_Description":"ED full ED assessment and management capability","value":1}],"supplyRead":[{"label":"","value":5}]},{"source":0,"target":7,"value":7,"fill":"#BEBADA","dx":"Other Service","supply":[{"label":"14 Hours","value":1},{"label":"15 Hours","value":1},{"label":"16 Hours","value":4},{"label":"18 Hours","value":1}],"supplyDx":[{"label":"Dx32: 5.26 (Other Service)","value":1},{"label":"Dx333: 5.26 (Other Service)","value":6}],"supplySG":[{"Symptom_Group_Code":"1081","Symptom_Group_Description":"Falls or Faints Without Injury (6.4)","Symptom_Discriminator_Code":"4052","Symptom_Descriminator_Description":"ED full ED assessment and management capability","value":1},{"Symptom_Group_Code":"1110","Symptom_Group_Description":"Head; Facial or Neck Injury; Blunt (6.4)","Symptom_Discriminator_Code":"4052","Symptom_Descriminator_Description":"ED full ED assessment and management capability","value":1},{"Symptom_Group_Code":"1111","Symptom_Group_Description":"Head; Facial or Neck Injury; Penetrating (6.4)","Symptom_Discriminator_Code":"4052","Symptom_Descriminator_Description":"ED full ED assessment and management capability","value":1},{"Symptom_Group_Code":"1112","Symptom_Group_Description":"Headache (6.4)","Symptom_Discriminator_Code":"4052","Symptom_Descriminator_Description":"ED full ED assessment and management capability","value":3},{"Symptom_Group_Code":"1195","Symptom_Group_Description":"Non-trauma Emergency (6.5)","Symptom_Discriminator_Code":"4052","Symptom_Descriminator_Description":"ED full ED assessment and management capability","value":1}],"supplyRead":[{"label":"","value":49},{"label":"1738","value":1},{"label":"1B1G.","value":1},{"label":"H05z.","value":1},{"label":"R0062","value":1},{"label":"R090.","value":1},{"label":"S646.","value":1}]},{"source":0,"target":7,"value":3,"fill":"#FFFFB3","dx":"Contact Primary care","supply":[{"label":"05 Hours","value":1},{"label":"22 Hours","value":2}],"supplyDx":[{"label":"Dx05: 5.25a (Contact Primary care)","value":2},{"label":"Dx06: 5.25a (Contact Primary care)","value":1}],"supplySG":[{"Symptom_Group_Code":"1039","Symptom_Group_Description":"Chest and Upper Back Pain (6.4)","Symptom_Discriminator_Code":"4052","Symptom_Descriminator_Description":"ED full ED assessment and management capability","value":1},{"Symptom_Group_Code":"1143","Symptom_Group_Description":"Rectal Bleeding (6.4)","Symptom_Discriminator_Code":"4052","Symptom_Descriminator_Description":"ED full ED assessment and management capability","value":1},{"Symptom_Group_Code":"NA","Symptom_Group_Description":"NA","Symptom_Discriminator_Code":"NA","Symptom_Descriminator_Description":"NA","value":1}],"supplyRead":[]},{"source":0,"target":8,"value":1,"fill":"#80B1D3","dx":"Speak to Primary care","supply":[{"label":"23 Hours","value":1}],"supplyDx":[{"label":"Dx11: 5.25b (Speak to Primary care)","value":1}],"supplySG":[{"Symptom_Group_Code":"1084","Symptom_Group_Description":"Fever (6.4)","Symptom_Discriminator_Code":"4052","Symptom_Descriminator_Description":"ED full ED assessment and management capability","value":1}],"supplyRead":[{"label":"","value":5}]},{"source":0,"target":8,"value":1,"fill":"#BEBADA","dx":"Other Service","supply":[{"label":"05 Hours","value":1}],"supplyDx":[{"label":"Dx32: 5.26 (Other Service)","value":1}],"supplySG":[{"Symptom_Group_Code":"1195","Symptom_Group_Description":"Non-trauma Emergency (6.5)","Symptom_Discriminator_Code":"4052","Symptom_Descriminator_Description":"ED full ED assessment and management capability","value":1}],"supplyRead":[{"label":"","value":49},{"label":"1738","value":1},{"label":"1B1G.","value":1},{"label":"H05z.","value":1},{"label":"R0062","value":1},{"label":"R090.","value":1},{"label":"S646.","value":1}]},{"source":0,"target":8,"value":1,"fill":"#FFFFB3","dx":"Contact Primary care","supply":[{"label":"22 Hours","value":1}],"supplyDx":[{"label":"Dx05: 5.25a (Contact Primary care)","value":1}],"supplySG":[{"Symptom_Group_Code":"NA","Symptom_Group_Description":"NA","Symptom_Discriminator_Code":"NA","Symptom_Descriminator_Description":"NA","value":1}],"supplyRead":[]},{"source":0,"target":9,"value":1,"fill":"#BEBADA","dx":"Other Service","supply":[{"label":"14 Hours","value":1}],"supplyDx":[{"label":"Dx02: 5.24 (A&E)","value":1}],"supplySG":[{"Symptom_Group_Code":"1084","Symptom_Group_Description":"Fever (6.4)","Symptom_Discriminator_Code":"4052","Symptom_Descriminator_Description":"ED full ED assessment and management capability","value":1}],"supplyRead":[{"label":"","value":49},{"label":"1738","value":1},{"label":"1B1G.","value":1},{"label":"H05z.","value":1},{"label":"R0062","value":1},{"label":"R090.","value":1},{"label":"S646.","value":1}]},{"source":0,"target":10,"value":1,"fill":"#80B1D3","dx":"Speak to Primary care","supply":[{"label":"17 Hours","value":1}],"supplyDx":[{"label":"Dx11: 5.25b (Speak to Primary care)","value":1}],"supplySG":[{"Symptom_Group_Code":"1034","Symptom_Group_Description":"Breathing Problems; Breathlessness or Wheeze (6.4)","Symptom_Discriminator_Code":"4052","Symptom_Descriminator_Description":"ED full ED assessment and management capability","value":1}],"supplyRead":[{"label":"","value":5}]},{"source":0,"target":10,"value":25,"fill":"#8DD3C7","dx":"A&E","supply":[{"label":"00 Hours","value":2},{"label":"03 Hours","value":1},{"label":"05 Hours","value":1},{"label":"09 Hours","value":1},{"label":"10 Hours","value":1},{"label":"13 Hours","value":2},{"label":"14 Hours","value":4},{"label":"15 Hours","value":1},{"label":"16 Hours","value":1},{"label":"17 Hours","value":1},{"label":"18 Hours","value":5},{"label":"19 Hours","value":3},{"label":"20 Hours","value":1},{"label":"21 Hours","value":1}],"supplyDx":[{"label":"Dx02: 5.24 (A&E)","value":24},{"label":"Dx03: 5.24 (A&E)","value":1}],"supplySG":[{"Symptom_Group_Code":"1010","Symptom_Group_Description":"Allergic Reaction (6.4)","Symptom_Discriminator_Code":"4052","Symptom_Descriminator_Description":"ED full ED assessment and management capability","value":2},{"Symptom_Group_Code":"1011","Symptom_Group_Description":"Ankle or Foot Injury; Blunt (6.4)","Symptom_Discriminator_Code":"4052","Symptom_Descriminator_Description":"ED full ED assessment and management capability","value":2},{"Symptom_Group_Code":"1039","Symptom_Group_Description":"Chest and Upper Back Pain (6.4)","Symptom_Discriminator_Code":"4052","Symptom_Descriminator_Description":"ED full ED assessment and management capability","value":10},{"Symptom_Group_Code":"1047","Symptom_Group_Description":"Cough (6.4)","Symptom_Discriminator_Code":"4052","Symptom_Descriminator_Description":"ED full ED assessment and management capability","value":1},{"Symptom_Group_Code":"1092","Symptom_Group_Description":"Foreign Body; Ingested or Inhaled (6.4)","Symptom_Discriminator_Code":"4052","Symptom_Descriminator_Description":"ED full ED assessment and management capability","value":2},{"Symptom_Group_Code":"1110","Symptom_Group_Description":"Head; Facial or Neck Injury; Blunt (6.4)","Symptom_Discriminator_Code":"4052","Symptom_Descriminator_Description":"ED full ED assessment and management capability","value":2},{"Symptom_Group_Code":"1121","Symptom_Group_Description":"Locked Jaw (6.4)","Symptom_Discriminator_Code":"4052","Symptom_Descriminator_Description":"ED full ED assessment and management capability","value":1},{"Symptom_Group_Code":"1140","Symptom_Group_Description":"Predetermined Management Plan (6.4)","Symptom_Discriminator_Code":"4323","Symptom_Descriminator_Description":"CN Community Nurse","value":2},{"Symptom_Group_Code":"1143","Symptom_Group_Description":"Rectal Bleeding (6.4)","Symptom_Discriminator_Code":"4052","Symptom_Descriminator_Description":"ED full ED assessment and management capability","value":2},{"Symptom_Group_Code":"1172","Symptom_Group_Description":"Unwell; Under 1 Year Old (6.4)","Symptom_Discriminator_Code":"4052","Symptom_Descriminator_Description":"ED full ED assessment and management capability","value":1}],"supplyRead":[{"label":"","value":125}]},{"source":0,"target":12,"value":1,"fill":"#8DD3C7","dx":"A&E","supply":[{"label":"20 Hours","value":1}],"supplyDx":[{"label":"Dx02: 5.24 (A&E)","value":1}],"supplySG":[{"Symptom_Group_Code":"1072","Symptom_Group_Description":"Eye; Painful (6.4)","Symptom_Discriminator_Code":"4312","Symptom_Descriminator_Description":"ED extended ophthalmic assessment and prescribing capability (PEARS)","value":1}],"supplyRead":[{"label":"","value":5}]},{"source":0,"target":13,"value":1,"fill":"#8DD3C7","dx":"A&E","supply":[{"label":"22 Hours","value":1}],"supplyDx":[{"label":"Dx02: 5.24 (A&E)","value":1}],"supplySG":[{"Symptom_Group_Code":"1059","Symptom_Group_Description":"Dizziness or Vertigo (6.4)","Symptom_Discriminator_Code":"4052","Symptom_Descriminator_Description":"ED full ED assessment and management capability","value":1}],"supplyRead":[{"label":"","value":5}]},{"source":1,"target":10,"value":3,"fill":"#FB8072","dx":"None","supply":[{"label":"09 Hours","value":1},{"label":"13 Hours","value":1},{"label":"16 Hours","value":1}],"supplyDx":[{"label":"Dx02: 5.24 (A&E)","value":3}],"supplySG":[{"Symptom_Group_Code":"1034","Symptom_Group_Description":"Breathing Problems; Breathlessness or Wheeze (6.4)","Symptom_Discriminator_Code":"4052","Symptom_Descriminator_Description":"ED full ED assessment and management capability","value":1},{"Symptom_Group_Code":"1206","Symptom_Group_Description":"NHS Pathways in House Clinician","Symptom_Discriminator_Code":"4312","Symptom_Descriminator_Description":"ED extended ophthalmic assessment and prescribing capability (PEARS)","value":2}],"supplyRead":[{"label":"","value":15}]},{"source":2,"target":4,"value":1,"fill":"#8DD3C7","dx":"A&E","supply":[{"label":"14 Hours","value":1}],"supplyDx":[{"label":"Dx02: 5.24 (A&E)","value":1}],"supplySG":[{"Symptom_Group_Code":"1039","Symptom_Group_Description":"Chest and Upper Back Pain (6.4)","Symptom_Discriminator_Code":"4052","Symptom_Descriminator_Description":"ED full ED assessment and management capability","value":1}],"supplyRead":[]},{"source":2,"target":6,"value":3,"fill":"#FB8072","dx":"None","supply":[{"label":"09 Hours","value":1},{"label":"11 Hours","value":1},{"label":"17 Hours","value":1}],"supplyDx":[{"label":"Dx02: 5.24 (A&E)","value":3}],"supplySG":[{"Symptom_Group_Code":"1039","Symptom_Group_Description":"Chest and Upper Back Pain (6.4)","Symptom_Discriminator_Code":"4052","Symptom_Descriminator_Description":"ED full ED assessment and management capability","value":2},{"Symptom_Group_Code":"1206","Symptom_Group_Description":"NHS Pathways in House Clinician","Symptom_Discriminator_Code":"4312","Symptom_Descriminator_Description":"ED extended ophthalmic assessment and prescribing capability (PEARS)","value":1}],"supplyRead":[{"label":"","value":9},{"label":"R065.","value":1}]},{"source":2,"target":7,"value":1,"fill":"#FB8072","dx":"None","supply":[{"label":"15 Hours","value":1}],"supplyDx":[{"label":"Unknown: (None)","value":1}],"supplySG":[{"Symptom_Group_Code":"NA","Symptom_Group_Description":"NA","Symptom_Discriminator_Code":"NA","Symptom_Descriminator_Description":"NA","value":1}],"supplyRead":[{"label":"","value":9},{"label":"R065.","value":1}]},{"source":3,"target":11,"value":2,"fill":"#FB8072","dx":"None","supply":[{"label":"21 Hours","value":1},{"label":"23 Hours","value":1}],"supplyDx":[{"label":"Unknown: (None)","value":2}],"supplySG":[{"Symptom_Group_Code":"NA","Symptom_Group_Description":"NA","Symptom_Discriminator_Code":"NA","Symptom_Descriminator_Description":"NA","value":2}],"supplyRead":[{"label":"","value":8},{"label":"ZV6..","value":2}]},{"source":4,"target":10,"value":1,"fill":"#8DD3C7","dx":"A&E","supply":[{"label":"00 Hours","value":2},{"label":"03 Hours","value":1},{"label":"05 Hours","value":1},{"label":"09 Hours","value":1},{"label":"10 Hours","value":1},{"label":"13 Hours","value":2},{"label":"14 Hours","value":5},{"label":"15 Hours","value":1},{"label":"16 Hours","value":1},{"label":"17 Hours","value":1},{"label":"18 Hours","value":5},{"label":"19 Hours","value":3},{"label":"20 Hours","value":1},{"label":"21 Hours","value":1}],"supplyDx":[{"label":"1159£Symptoms without specific Pathway (6.4)£4003£PC full Primary Care assessment and prescribing capability","value":1}],"supplySG":[{"Symptom_Group_Code":"1010","Symptom_Group_Description":"Allergic Reaction (6.4)","Symptom_Discriminator_Code":"4052","Symptom_Descriminator_Description":"ED full ED assessment and management capability","value":2},{"Symptom_Group_Code":"1011","Symptom_Group_Description":"Ankle or Foot Injury; Blunt (6.4)","Symptom_Discriminator_Code":"4052","Symptom_Descriminator_Description":"ED full ED assessment and management capability","value":2},{"Symptom_Group_Code":"1039","Symptom_Group_Description":"Chest and Upper Back Pain (6.4)","Symptom_Discriminator_Code":"4052","Symptom_Descriminator_Description":"ED full ED assessment and management capability","value":11},{"Symptom_Group_Code":"1047","Symptom_Group_Description":"Cough (6.4)","Symptom_Discriminator_Code":"4052","Symptom_Descriminator_Description":"ED full ED assessment and management capability","value":1},{"Symptom_Group_Code":"1092","Symptom_Group_Description":"Foreign Body; Ingested or Inhaled (6.4)","Symptom_Discriminator_Code":"4052","Symptom_Descriminator_Description":"ED full ED assessment and management capability","value":2},{"Symptom_Group_Code":"1110","Symptom_Group_Description":"Head; Facial or Neck Injury; Blunt (6.4)","Symptom_Discriminator_Code":"4052","Symptom_Descriminator_Description":"ED full ED assessment and management capability","value":2},{"Symptom_Group_Code":"1121","Symptom_Group_Description":"Locked Jaw (6.4)","Symptom_Discriminator_Code":"4052","Symptom_Descriminator_Description":"ED full ED assessment and management capability","value":1},{"Symptom_Group_Code":"1140","Symptom_Group_Description":"Predetermined Management Plan (6.4)","Symptom_Discriminator_Code":"4323","Symptom_Descriminator_Description":"CN Community Nurse","value":2},{"Symptom_Group_Code":"1143","Symptom_Group_Description":"Rectal Bleeding (6.4)","Symptom_Discriminator_Code":"4052","Symptom_Descriminator_Description":"ED full ED assessment and management capability","value":2},{"Symptom_Group_Code":"1172","Symptom_Group_Description":"Unwell; Under 1 Year Old (6.4)","Symptom_Discriminator_Code":"4052","Symptom_Descriminator_Description":"ED full ED assessment and management capability","value":1}],"supplyRead":[{"label":"","value":130}]},{"source":5,"target":11,"value":2,"fill":"#80B1D3","dx":"Speak to Primary care","supply":[{"label":"21 Hours","value":2}],"supplyDx":[{"label":"1159£Symptoms without specific Pathway (6.4)£4003£PC full Primary Care assessment and prescribing capability","value":1}],"supplySG":[{"Symptom_Group_Code":"1112","Symptom_Group_Description":"Headache (6.4)","Symptom_Discriminator_Code":"4052","Symptom_Descriminator_Description":"ED full ED assessment and management capability","value":1},{"Symptom_Group_Code":"NA","Symptom_Group_Description":"NA","Symptom_Discriminator_Code":"NA","Symptom_Descriminator_Description":"NA","value":1}],"supplyRead":[{"label":"","value":8},{"label":"G2z..","value":1},{"label":"R050.","value":1}]},{"source":5,"target":11,"value":5,"fill":"#FFFFB3","dx":"Contact Primary care","supply":[{"label":"00 Hours","value":1},{"label":"19 Hours","value":1},{"label":"20 Hours","value":1},{"label":"21 Hours","value":1},{"label":"23 Hours","value":1}],"supplyDx":[{"label":"1159£Symptoms without specific Pathway (6.4)£4003£PC full Primary Care assessment and prescribing capability","value":1}],"supplySG":[{"Symptom_Group_Code":"1004","Symptom_Group_Description":"Abdominal Pain (6.4)","Symptom_Discriminator_Code":"4052","Symptom_Descriminator_Description":"ED full ED assessment and management capability","value":1},{"Symptom_Group_Code":"1084","Symptom_Group_Description":"Fever (6.4)","Symptom_Discriminator_Code":"4052","Symptom_Descriminator_Description":"ED full ED assessment and management capability","value":1},{"Symptom_Group_Code":"1135","Symptom_Group_Description":"Pain and/or Frequency Passing Urine (6.4)","Symptom_Discriminator_Code":"4020","Symptom_Descriminator_Description":"PC assessment and management capability; minor condition","value":1},{"Symptom_Group_Code":"1174","Symptom_Group_Description":"Vaginal Bleeding (6.4)","Symptom_Discriminator_Code":"4052","Symptom_Descriminator_Description":"ED full ED assessment and management capability","value":1},{"Symptom_Group_Code":"1175","Symptom_Group_Description":"Vaginal Bleeding; Pregnant (6.4)","Symptom_Discriminator_Code":"4052","Symptom_Descriminator_Description":"ED full ED assessment and management capability","value":1}],"supplyRead":[{"label":"","value":15},{"label":"1738","value":1},{"label":"62...","value":1},{"label":"J20..","value":2},{"label":"K5...","value":1},{"label":"R0062","value":1},{"label":"R006z","value":1},{"label":"R090.","value":1},{"label":"ZV6..","value":2}]},{"source":6,"target":10,"value":15,"fill":"#8DD3C7","dx":"A&E","supply":[{"label":"01 Hours","value":1},{"label":"05 Hours","value":1},{"label":"07 Hours","value":1},{"label":"09 Hours","value":2},{"label":"10 Hours","value":1},{"label":"11 Hours","value":1},{"label":"13 Hours","value":2},{"label":"14 Hours","value":1},{"label":"16 Hours","value":2},{"label":"17 Hours","value":4},{"label":"19 Hours","value":1},{"label":"23 Hours","value":1}],"supplyDx":[{"label":"1159£Symptoms without specific Pathway (6.4)£4003£PC full Primary Care assessment and prescribing capability","value":1}],"supplySG":[{"Symptom_Group_Code":"1034","Symptom_Group_Description":"Breathing Problems; Breathlessness or Wheeze (6.4)","Symptom_Discriminator_Code":"4052","Symptom_Descriminator_Description":"ED full ED assessment and management capability","value":1},{"Symptom_Group_Code":"1039","Symptom_Group_Description":"Chest and Upper Back Pain (6.4)","Symptom_Discriminator_Code":"4052","Symptom_Descriminator_Description":"ED full ED assessment and management capability","value":4},{"Symptom_Group_Code":"1055","Symptom_Group_Description":"Diarrhoea and Vomiting (6.4)","Symptom_Discriminator_Code":"4052","Symptom_Descriminator_Description":"ED full ED assessment and management capability","value":1},{"Symptom_Group_Code":"1170","Symptom_Group_Description":"Toxic Ingestion/Inhalation/Overdose (6.4)","Symptom_Discriminator_Code":"4052","Symptom_Descriminator_Description":"ED full ED assessment and management capability","value":1},{"Symptom_Group_Code":"1179","Symptom_Group_Description":"Vomiting (6.4)","Symptom_Discriminator_Code":"4052","Symptom_Descriminator_Description":"ED full ED assessment and management capability","value":1},{"Symptom_Group_Code":"1206","Symptom_Group_Description":"NHS Pathways in House Clinician","Symptom_Discriminator_Code":"4312","Symptom_Descriminator_Description":"ED extended ophthalmic assessment and prescribing capability (PEARS)","value":10}],"supplyRead":[{"label":"","value":90}]},{"source":7,"target":11,"value":3,"fill":"#80B1D3","dx":"Speak to Primary care","supply":[{"label":"18 Hours","value":1},{"label":"20 Hours","value":1},{"label":"23 Hours","value":1}],"supplyDx":[{"label":"1159£Symptoms without specific Pathway (6.4)£4003£PC full Primary Care assessment and prescribing capability","value":1}],"supplySG":[{"Symptom_Group_Code":"1039","Symptom_Group_Description":"Chest and Upper Back Pain (6.4)","Symptom_Discriminator_Code":"4052","Symptom_Descriminator_Description":"ED full ED assessment and management capability","value":1},{"Symptom_Group_Code":"1084","Symptom_Group_Description":"Fever (6.4)","Symptom_Discriminator_Code":"4052","Symptom_Descriminator_Description":"ED full ED assessment and management capability","value":1},{"Symptom_Group_Code":"1172","Symptom_Group_Description":"Unwell; Under 1 Year Old (6.4)","Symptom_Discriminator_Code":"4052","Symptom_Descriminator_Description":"ED full ED assessment and management capability","value":1}],"supplyRead":[{"label":"","value":12},{"label":"1B1I0","value":1},{"label":"R0062","value":1},{"label":"R065.","value":1}]},{"source":7,"target":11,"value":7,"fill":"#BEBADA","dx":"Other Service","supply":[{"label":"14 Hours","value":1},{"label":"15 Hours","value":1},{"label":"16 Hours","value":4},{"label":"18 Hours","value":1}],"supplyDx":[{"label":"1159£Symptoms without specific Pathway (6.4)£4003£PC full Primary Care assessment and prescribing capability","value":1}],"supplySG":[{"Symptom_Group_Code":"1081","Symptom_Group_Description":"Falls or Faints Without Injury (6.4)","Symptom_Discriminator_Code":"4052","Symptom_Descriminator_Description":"ED full ED assessment and management capability","value":1},{"Symptom_Group_Code":"1110","Symptom_Group_Description":"Head; Facial or Neck Injury; Blunt (6.4)","Symptom_Discriminator_Code":"4052","Symptom_Descriminator_Description":"ED full ED assessment and management capability","value":1},{"Symptom_Group_Code":"1111","Symptom_Group_Description":"Head; Facial or Neck Injury; Penetrating (6.4)","Symptom_Discriminator_Code":"4052","Symptom_Descriminator_Description":"ED full ED assessment and management capability","value":1},{"Symptom_Group_Code":"1112","Symptom_Group_Description":"Headache (6.4)","Symptom_Discriminator_Code":"4052","Symptom_Descriminator_Description":"ED full ED assessment and management capability","value":3},{"Symptom_Group_Code":"1195","Symptom_Group_Description":"Non-trauma Emergency (6.5)","Symptom_Discriminator_Code":"4052","Symptom_Descriminator_Description":"ED full ED assessment and management capability","value":1}],"supplyRead":[{"label":"","value":26},{"label":"1B1G.","value":3},{"label":"H05z.","value":1},{"label":"L1...","value":1},{"label":"R050.","value":1},{"label":"R062.","value":1},{"label":"R090.","value":1},{"label":"S646.","value":1}]},{"source":7,"target":11,"value":1,"fill":"#FB8072","dx":"None","supply":[{"label":"15 Hours","value":1}],"supplyDx":[{"label":"1159£Symptoms without specific Pathway (6.4)£4003£PC full Primary Care assessment and prescribing capability","value":1}],"supplySG":[{"Symptom_Group_Code":"NA","Symptom_Group_Description":"NA","Symptom_Discriminator_Code":"NA","Symptom_Descriminator_Description":"NA","value":1}],"supplyRead":[{"label":"","value":4},{"label":"R065.","value":1}]},{"source":7,"target":11,"value":3,"fill":"#FFFFB3","dx":"Contact Primary care","supply":[{"label":"05 Hours","value":1},{"label":"22 Hours","value":2}],"supplyDx":[{"label":"1159£Symptoms without specific Pathway (6.4)£4003£PC full Primary Care assessment and prescribing capability","value":1}],"supplySG":[{"Symptom_Group_Code":"1039","Symptom_Group_Description":"Chest and Upper Back Pain (6.4)","Symptom_Discriminator_Code":"4052","Symptom_Descriminator_Description":"ED full ED assessment and management capability","value":1},{"Symptom_Group_Code":"1143","Symptom_Group_Description":"Rectal Bleeding (6.4)","Symptom_Discriminator_Code":"4052","Symptom_Descriminator_Description":"ED full ED assessment and management capability","value":1},{"Symptom_Group_Code":"NA","Symptom_Group_Description":"NA","Symptom_Discriminator_Code":"NA","Symptom_Descriminator_Description":"NA","value":1}],"supplyRead":[{"label":"","value":11},{"label":"1C92.","value":1},{"label":"J573.","value":1},{"label":"R065.","value":2}]},{"source":8,"target":11,"value":1,"fill":"#80B1D3","dx":"Speak to Primary care","supply":[{"label":"23 Hours","value":1}],"supplyDx":[{"label":"1159£Symptoms without specific Pathway (6.4)£4003£PC full Primary Care assessment and prescribing capability","value":1}],"supplySG":[{"Symptom_Group_Code":"1084","Symptom_Group_Description":"Fever (6.4)","Symptom_Discriminator_Code":"4052","Symptom_Descriminator_Description":"ED full ED assessment and management capability","value":1}],"supplyRead":[{"label":"","value":5}]},{"source":8,"target":11,"value":1,"fill":"#BEBADA","dx":"Other Service","supply":[{"label":"05 Hours","value":1}],"supplyDx":[{"label":"1159£Symptoms without specific Pathway (6.4)£4003£PC full Primary Care assessment and prescribing capability","value":1}],"supplySG":[{"Symptom_Group_Code":"1195","Symptom_Group_Description":"Non-trauma Emergency (6.5)","Symptom_Discriminator_Code":"4052","Symptom_Descriminator_Description":"ED full ED assessment and management capability","value":1}],"supplyRead":[{"label":"","value":5}]},{"source":8,"target":11,"value":1,"fill":"#FFFFB3","dx":"Contact Primary care","supply":[{"label":"22 Hours","value":1}],"supplyDx":[{"label":"1159£Symptoms without specific Pathway (6.4)£4003£PC full Primary Care assessment and prescribing capability","value":1}],"supplySG":[{"Symptom_Group_Code":"NA","Symptom_Group_Description":"NA","Symptom_Discriminator_Code":"NA","Symptom_Descriminator_Description":"NA","value":1}],"supplyRead":[{"label":"","value":5}]},{"source":9,"target":10,"value":1,"fill":"#8DD3C7","dx":"A&E","supply":[{"label":"14 Hours","value":1}],"supplyDx":[{"label":"1159£Symptoms without specific Pathway (6.4)£4003£PC full Primary Care assessment and prescribing capability","value":1}],"supplySG":[{"Symptom_Group_Code":"1084","Symptom_Group_Description":"Fever (6.4)","Symptom_Discriminator_Code":"4052","Symptom_Descriminator_Description":"ED full ED assessment and management capability","value":1}],"supplyRead":[{"label":"","value":3},{"label":"1738","value":1},{"label":"R0062","value":1}]}]}