{"nodes":[{"layer":1,"name":"Pathways Non-Clinician","fill":"#9E0142","label":"Initial Skillset"},{"layer":1,"name":"OLC Clinician (Advice)","fill":"#9E0142","label":"Initial Skillset"},{"layer":2,"name":"Pathways Non-Clinician","fill":"#F46D43","label":"Final Skillset"},{"layer":2,"name":"Pathways Clinician","fill":"#F46D43","label":"Final Skillset"},{"layer":2,"name":"OLC Clinician (Advice)","fill":"#F46D43","label":"Final Skillset"},{"layer":2,"name":"Pathways GP","fill":"#F46D43","label":"Final Skillset"},{"layer":2,"name":"TAS Clinician","fill":"#F46D43","label":"Final Skillset"},{"layer":2,"name":"OLC Clinician (F2F)","fill":"#F46D43","label":"Final Skillset"},{"layer":3,"name":"Emergency Department (ED)","fill":"#FEE08B","label":"Service Type"},{"layer":3,"name":"","fill":"#FEE08B","label":"Service Type"},{"layer":3,"name":"Eye Casualty","fill":"#FEE08B","label":"Service Type"},{"layer":3,"name":"Emergency Department-Speciality","fill":"#FEE08B","label":"Service Type"}],"links":[{"source":0,"target":3,"value":28,"fill":"#FFFFB3","dx":"5.26 (Other Service)","supply":[{"label":"00 Hours","value":1},{"label":"01 Hours","value":1},{"label":"02 Hours","value":1},{"label":"07 Hours","value":1},{"label":"08 Hours","value":1},{"label":"09 Hours","value":1},{"label":"11 Hours","value":1},{"label":"12 Hours","value":2},{"label":"13 Hours","value":3},{"label":"14 Hours","value":5},{"label":"15 Hours","value":2},{"label":"16 Hours","value":1},{"label":"17 Hours","value":1},{"label":"18 Hours","value":2},{"label":"19 Hours","value":2},{"label":"20 Hours","value":1},{"label":"21 Hours","value":1},{"label":"22 Hours","value":1}],"supplyDx":[{"label":"Dx02: 5.24 (A&E)","value":24},{"label":"Dx03: 5.24 (A&E)","value":3},{"label":"Dx118: 5.25d (Dental)","value":1}],"supplySG":[{"Symptom_Group_Code":"1011","Symptom_Group_Description":"Ankle or Foot Injury; Blunt (6.4)","Symptom_Discriminator_Code":"4052","Symptom_Descriminator_Description":"ED full ED assessment and management capability","value":1},{"Symptom_Group_Code":"1034","Symptom_Group_Description":"Breathing Problems; Breathlessness or Wheeze (6.4)","Symptom_Discriminator_Code":"4052","Symptom_Descriminator_Description":"ED full ED assessment and management capability","value":1},{"Symptom_Group_Code":"1038","Symptom_Group_Description":"Burn; Thermal (6.4)","Symptom_Discriminator_Code":"4052","Symptom_Descriminator_Description":"ED full ED assessment and management capability","value":1},{"Symptom_Group_Code":"1039","Symptom_Group_Description":"Chest and Upper Back Pain (6.4)","Symptom_Discriminator_Code":"4052","Symptom_Descriminator_Description":"ED full ED assessment and management capability","value":4},{"Symptom_Group_Code":"1047","Symptom_Group_Description":"Cough (6.4)","Symptom_Discriminator_Code":"4052","Symptom_Descriminator_Description":"ED full ED assessment and management capability","value":1},{"Symptom_Group_Code":"1057","Symptom_Group_Description":"Difficulty Passing Urine (6.4)","Symptom_Discriminator_Code":"4003","Symptom_Descriminator_Description":"PC full Primary Care assessment and prescribing capability","value":1},{"Symptom_Group_Code":"1135","Symptom_Group_Description":"Pain and/or Frequency Passing Urine (6.4)","Symptom_Discriminator_Code":"4020","Symptom_Descriminator_Description":"PC assessment and management capability; minor condition","value":1},{"Symptom_Group_Code":"1162","Symptom_Group_Description":"Tiredness (Fatigue) (6.4)","Symptom_Discriminator_Code":"4179","Symptom_Descriminator_Description":"PC anxiety/panic","value":1},{"Symptom_Group_Code":"1169","Symptom_Group_Description":"Toothache Without Dental Injury (6.4)","Symptom_Discriminator_Code":"4052","Symptom_Descriminator_Description":"ED full ED assessment and management capability","value":1},{"Symptom_Group_Code":"1172","Symptom_Group_Description":"Unwell; Under 1 Year Old (6.4)","Symptom_Discriminator_Code":"4052","Symptom_Descriminator_Description":"ED full ED assessment and management capability","value":1},{"Symptom_Group_Code":"1191","Symptom_Group_Description":"Health and Social Information (6.5)","Symptom_Discriminator_Code":"4323","Symptom_Descriminator_Description":"CN Community Nurse","value":1},{"Symptom_Group_Code":"1193","Symptom_Group_Description":"Immediate threats to life (6.5)","Symptom_Discriminator_Code":"4052","Symptom_Descriminator_Description":"ED full ED assessment and management capability","value":1},{"Symptom_Group_Code":"1206","Symptom_Group_Description":"NHS Pathways in House Clinician","Symptom_Discriminator_Code":"4312","Symptom_Descriminator_Description":"ED extended ophthalmic assessment and prescribing capability (PEARS)","value":13}],"supplyRead":[{"label":"","value":41},{"label":"1738","value":1},{"label":"L100.","value":1},{"label":"N145.","value":1},{"label":"R090.","value":1}]},{"source":0,"target":4,"value":3,"fill":"#80B1D3","dx":"5.25b (Speak to Primary care)","supply":[{"label":"18 Hours","value":1},{"label":"19 Hours","value":1},{"label":"20 Hours","value":1}],"supplyDx":[{"label":"Dx11: 5.25b (Speak to Primary care)","value":2},{"label":"Dx13: 5.25b (Speak to Primary care)","value":1}],"supplySG":[{"Symptom_Group_Code":"1059","Symptom_Group_Description":"Dizziness or Vertigo (6.4)","Symptom_Discriminator_Code":"4052","Symptom_Descriminator_Description":"ED full ED assessment and management capability","value":1},{"Symptom_Group_Code":"1112","Symptom_Group_Description":"Headache (6.4)","Symptom_Discriminator_Code":"4052","Symptom_Descriminator_Description":"ED full ED assessment and management capability","value":1},{"Symptom_Group_Code":"1141","Symptom_Group_Description":"Probable Stroke (6.4)","Symptom_Discriminator_Code":"4052","Symptom_Descriminator_Description":"ED full ED assessment and management capability","value":1}],"supplyRead":[]},{"source":0,"target":4,"value":4,"fill":"#BEBADA","dx":"5.25a (Contact Primary care)","supply":[{"label":"01 Hours","value":1},{"label":"18 Hours","value":1},{"label":"22 Hours","value":1},{"label":"23 Hours","value":1}],"supplyDx":[{"label":"Dx05: 5.25a (Contact Primary care)","value":4}],"supplySG":[{"Symptom_Group_Code":"1047","Symptom_Group_Description":"Cough (6.4)","Symptom_Discriminator_Code":"4052","Symptom_Descriminator_Description":"ED full ED assessment and management capability","value":1},{"Symptom_Group_Code":"1054","Symptom_Group_Description":"Diarrhoea (6.4)","Symptom_Discriminator_Code":"4052","Symptom_Descriminator_Description":"ED full ED assessment and management capability","value":1},{"Symptom_Group_Code":"1174","Symptom_Group_Description":"Vaginal Bleeding (6.4)","Symptom_Discriminator_Code":"4052","Symptom_Descriminator_Description":"ED full ED assessment and management capability","value":1},{"Symptom_Group_Code":"1176","Symptom_Group_Description":"Vaginal Discharge (6.4)","Symptom_Discriminator_Code":"4052","Symptom_Descriminator_Description":"ED full ED assessment and management capability","value":1}],"supplyRead":[]},{"source":0,"target":4,"value":11,"fill":"#FFFFB3","dx":"5.26 (Other Service)","supply":[{"label":"01 Hours","value":1},{"label":"04 Hours","value":1},{"label":"10 Hours","value":1},{"label":"14 Hours","value":1},{"label":"15 Hours","value":1},{"label":"18 Hours","value":1},{"label":"19 Hours","value":1},{"label":"20 Hours","value":3},{"label":"21 Hours","value":1}],"supplyDx":[{"label":"Dx02: 5.24 (A&E)","value":1},{"label":"Dx05: 5.25a (Contact Primary care)","value":1},{"label":"Dx06: 5.25a (Contact Primary care)","value":1},{"label":"Dx11: 5.25b (Speak to Primary care)","value":3},{"label":"Dx32: 5.26 (Other Service)","value":1},{"label":"Dx333: 5.26 (Other Service)","value":4}],"supplySG":[{"Symptom_Group_Code":"1000","Symptom_Group_Description":"Abdominal or Flank Injury; Blunt (6.4)","Symptom_Discriminator_Code":"4052","Symptom_Descriminator_Description":"ED full ED assessment and management capability","value":1},{"Symptom_Group_Code":"1088","Symptom_Group_Description":"Fits Within the Last 12 Hours (6.4)","Symptom_Discriminator_Code":"4052","Symptom_Descriminator_Description":"ED full ED assessment and management capability","value":1},{"Symptom_Group_Code":"1089","Symptom_Group_Description":"Flank or Side Pain (6.4)","Symptom_Discriminator_Code":"4052","Symptom_Descriminator_Description":"ED full ED assessment and management capability","value":1},{"Symptom_Group_Code":"1110","Symptom_Group_Description":"Head; Facial or Neck Injury; Blunt (6.4)","Symptom_Discriminator_Code":"4052","Symptom_Descriminator_Description":"ED full ED assessment and management capability","value":1},{"Symptom_Group_Code":"1143","Symptom_Group_Description":"Rectal Bleeding (6.4)","Symptom_Discriminator_Code":"4052","Symptom_Descriminator_Description":"ED full ED assessment and management capability","value":1},{"Symptom_Group_Code":"1170","Symptom_Group_Description":"Toxic Ingestion/Inhalation/Overdose (6.4)","Symptom_Discriminator_Code":"4052","Symptom_Descriminator_Description":"ED full ED assessment and management capability","value":1},{"Symptom_Group_Code":"1195","Symptom_Group_Description":"Non-trauma Emergency (6.5)","Symptom_Discriminator_Code":"4052","Symptom_Descriminator_Description":"ED full ED assessment and management capability","value":1},{"Symptom_Group_Code":"1206","Symptom_Group_Description":"NHS Pathways in House Clinician","Symptom_Discriminator_Code":"4312","Symptom_Descriminator_Description":"ED extended ophthalmic assessment and prescribing capability (PEARS)","value":2},{"Symptom_Group_Code":"NA","Symptom_Group_Description":"NA","Symptom_Discriminator_Code":"NA","Symptom_Descriminator_Description":"NA","value":2}],"supplyRead":[{"label":"","value":41},{"label":"1738","value":1},{"label":"L100.","value":1},{"label":"N145.","value":1},{"label":"R090.","value":1}]},{"source":0,"target":5,"value":1,"fill":"#FFFFB3","dx":"5.26 (Other Service)","supply":[{"label":"14 Hours","value":1}],"supplyDx":[{"label":"Dx02: 5.24 (A&E)","value":1}],"supplySG":[{"Symptom_Group_Code":"1174","Symptom_Group_Description":"Vaginal Bleeding (6.4)","Symptom_Discriminator_Code":"4052","Symptom_Descriminator_Description":"ED full ED assessment and management capability","value":1}],"supplyRead":[{"label":"","value":41},{"label":"1738","value":1},{"label":"L100.","value":1},{"label":"N145.","value":1},{"label":"R090.","value":1}]},{"source":0,"target":6,"value":1,"fill":"#80B1D3","dx":"5.25b (Speak to Primary care)","supply":[{"label":"18 Hours","value":1}],"supplyDx":[{"label":"Dx11: 5.25b (Speak to Primary care)","value":1}],"supplySG":[{"Symptom_Group_Code":"1047","Symptom_Group_Description":"Cough (6.4)","Symptom_Discriminator_Code":"4052","Symptom_Descriminator_Description":"ED full ED assessment and management capability","value":1}],"supplyRead":[]},{"source":0,"target":6,"value":1,"fill":"#BEBADA","dx":"5.25a (Contact Primary care)","supply":[{"label":"21 Hours","value":1}],"supplyDx":[{"label":"Dx05: 5.25a (Contact Primary care)","value":1}],"supplySG":[{"Symptom_Group_Code":"NA","Symptom_Group_Description":"NA","Symptom_Discriminator_Code":"NA","Symptom_Descriminator_Description":"NA","value":1}],"supplyRead":[]},{"source":0,"target":6,"value":4,"fill":"#FFFFB3","dx":"5.26 (Other Service)","supply":[{"label":"20 Hours","value":1},{"label":"22 Hours","value":3}],"supplyDx":[{"label":"Dx32: 5.26 (Other Service)","value":2},{"label":"Dx323: 5.26 (Other Service)","value":1},{"label":"Dx77: 5.26 (Other Service)","value":1}],"supplySG":[{"Symptom_Group_Code":"1054","Symptom_Group_Description":"Diarrhoea (6.4)","Symptom_Discriminator_Code":"4052","Symptom_Descriminator_Description":"ED full ED assessment and management capability","value":1},{"Symptom_Group_Code":"1195","Symptom_Group_Description":"Non-trauma Emergency (6.5)","Symptom_Discriminator_Code":"4052","Symptom_Descriminator_Description":"ED full ED assessment and management capability","value":2},{"Symptom_Group_Code":"NA","Symptom_Group_Description":"NA","Symptom_Discriminator_Code":"NA","Symptom_Descriminator_Description":"NA","value":1}],"supplyRead":[{"label":"","value":41},{"label":"1738","value":1},{"label":"L100.","value":1},{"label":"N145.","value":1},{"label":"R090.","value":1}]},{"source":0,"target":7,"value":2,"fill":"#BEBADA","dx":"5.25a (Contact Primary care)","supply":[{"label":"20 Hours","value":2}],"supplyDx":[{"label":"Dx05: 5.25a (Contact Primary care)","value":1},{"label":"Dx08: 5.25a (Contact Primary care)","value":1}],"supplySG":[{"Symptom_Group_Code":"1103","Symptom_Group_Description":"Groin Pain or Groin Swelling (6.4)","Symptom_Discriminator_Code":"4052","Symptom_Descriminator_Description":"ED full ED assessment and management capability","value":1},{"Symptom_Group_Code":"1141","Symptom_Group_Description":"Probable Stroke (6.4)","Symptom_Discriminator_Code":"4052","Symptom_Descriminator_Description":"ED full ED assessment and management capability","value":1}],"supplyRead":[]},{"source":0,"target":7,"value":1,"fill":"#FFFFB3","dx":"5.26 (Other Service)","supply":[{"label":"19 Hours","value":1}],"supplyDx":[{"label":"Dx05: 5.25a (Contact Primary care)","value":1}],"supplySG":[{"Symptom_Group_Code":"1004","Symptom_Group_Description":"Abdominal Pain (6.4)","Symptom_Discriminator_Code":"4052","Symptom_Descriminator_Description":"ED full ED assessment and management capability","value":1}],"supplyRead":[{"label":"","value":41},{"label":"1738","value":1},{"label":"L100.","value":1},{"label":"N145.","value":1},{"label":"R090.","value":1}]},{"source":0,"target":8,"value":44,"fill":"#8DD3C7","dx":"5.24 (A&E)","supply":[{"label":"00 Hours","value":2},{"label":"01 Hours","value":1},{"label":"06 Hours","value":1},{"label":"07 Hours","value":2},{"label":"08 Hours","value":2},{"label":"09 Hours","value":4},{"label":"10 Hours","value":1},{"label":"11 Hours","value":4},{"label":"12 Hours","value":4},{"label":"13 Hours","value":4},{"label":"14 Hours","value":2},{"label":"15 Hours","value":2},{"label":"17 Hours","value":2},{"label":"18 Hours","value":5},{"label":"19 Hours","value":2},{"label":"20 Hours","value":2},{"label":"22 Hours","value":2},{"label":"23 Hours","value":2}],"supplyDx":[{"label":"Dx02: 5.24 (A&E)","value":35},{"label":"Dx03: 5.24 (A&E)","value":8},{"label":"Dx92: 5.24 (A&E)","value":1}],"supplySG":[{"Symptom_Group_Code":"1011","Symptom_Group_Description":"Ankle or Foot Injury; Blunt (6.4)","Symptom_Discriminator_Code":"4052","Symptom_Descriminator_Description":"ED full ED assessment and management capability","value":4},{"Symptom_Group_Code":"1013","Symptom_Group_Description":"Ankle or Foot Pain or Swelling (6.4)","Symptom_Discriminator_Code":"4052","Symptom_Descriminator_Description":"ED full ED assessment and management capability","value":1},{"Symptom_Group_Code":"1021","Symptom_Group_Description":"Bites; Animal (6.4)","Symptom_Discriminator_Code":"4052","Symptom_Descriminator_Description":"ED full ED assessment and management capability","value":1},{"Symptom_Group_Code":"1038","Symptom_Group_Description":"Burn; Thermal (6.4)","Symptom_Discriminator_Code":"4052","Symptom_Descriminator_Description":"ED full ED assessment and management capability","value":2},{"Symptom_Group_Code":"1039","Symptom_Group_Description":"Chest and Upper Back Pain (6.4)","Symptom_Discriminator_Code":"4052","Symptom_Descriminator_Description":"ED full ED assessment and management capability","value":7},{"Symptom_Group_Code":"1040","Symptom_Group_Description":"Chest or Upper Back Injury; Blunt (6.4)","Symptom_Discriminator_Code":"4052","Symptom_Descriminator_Description":"ED full ED assessment and management capability","value":1},{"Symptom_Group_Code":"1057","Symptom_Group_Description":"Difficulty Passing Urine (6.4)","Symptom_Discriminator_Code":"4003","Symptom_Descriminator_Description":"PC full Primary Care assessment and prescribing capability","value":1},{"Symptom_Group_Code":"1059","Symptom_Group_Description":"Dizziness or Vertigo (6.4)","Symptom_Discriminator_Code":"4052","Symptom_Descriminator_Description":"ED full ED assessment and management capability","value":3},{"Symptom_Group_Code":"1071","Symptom_Group_Description":"Eye Splash Injury or Minor Foreign Body (6.4)","Symptom_Discriminator_Code":"4312","Symptom_Descriminator_Description":"ED extended ophthalmic assessment and prescribing capability (PEARS)","value":1},{"Symptom_Group_Code":"1086","Symptom_Group_Description":"Finger or Thumb Injury; Penetrating (6.4)","Symptom_Discriminator_Code":"4009","Symptom_Descriminator_Description":"ED amputation; digit","value":3},{"Symptom_Group_Code":"1092","Symptom_Group_Description":"Foreign Body; Ingested or Inhaled (6.4)","Symptom_Discriminator_Code":"4052","Symptom_Descriminator_Description":"ED full ED assessment and management capability","value":1},{"Symptom_Group_Code":"1108","Symptom_Group_Description":"Hand or Wrist Injury; Penetrating (6.4)","Symptom_Discriminator_Code":"4014","Symptom_Descriminator_Description":"ED constricting object; removal required","value":1},{"Symptom_Group_Code":"1110","Symptom_Group_Description":"Head; Facial or Neck Injury; Blunt (6.4)","Symptom_Discriminator_Code":"4052","Symptom_Descriminator_Description":"ED full ED assessment and management capability","value":4},{"Symptom_Group_Code":"1112","Symptom_Group_Description":"Headache (6.4)","Symptom_Discriminator_Code":"4052","Symptom_Descriminator_Description":"ED full ED assessment and management capability","value":1},{"Symptom_Group_Code":"1117","Symptom_Group_Description":"Knee or Lower Leg Pain or Swelling (6.4)","Symptom_Discriminator_Code":"4052","Symptom_Descriminator_Description":"ED full ED assessment and management capability","value":1},{"Symptom_Group_Code":"1119","Symptom_Group_Description":"Leg Injury; Blunt (6.4)","Symptom_Discriminator_Code":"4052","Symptom_Descriminator_Description":"ED full ED assessment and management capability","value":3},{"Symptom_Group_Code":"1140","Symptom_Group_Description":"Predetermined Management Plan (6.4)","Symptom_Discriminator_Code":"4323","Symptom_Descriminator_Description":"CN Community Nurse","value":3},{"Symptom_Group_Code":"1152","Symptom_Group_Description":"Skin; Rash (6.4)","Symptom_Discriminator_Code":"4052","Symptom_Descriminator_Description":"ED full ED assessment and management capability","value":2},{"Symptom_Group_Code":"1174","Symptom_Group_Description":"Vaginal Bleeding (6.4)","Symptom_Discriminator_Code":"4052","Symptom_Descriminator_Description":"ED full ED assessment and management capability","value":1},{"Symptom_Group_Code":"1179","Symptom_Group_Description":"Vomiting (6.4)","Symptom_Discriminator_Code":"4052","Symptom_Descriminator_Description":"ED full ED assessment and management capability","value":1},{"Symptom_Group_Code":"1181","Symptom_Group_Description":"Wound Problems (6.4)","Symptom_Discriminator_Code":"4052","Symptom_Descriminator_Description":"ED full ED assessment and management capability","value":1},{"Symptom_Group_Code":"1186","Symptom_Group_Description":"Worsening known Mental health problem (6.5)","Symptom_Discriminator_Code":"4208","Symptom_Descriminator_Description":"ED mania/hypomania","value":1}],"supplyRead":[{"label":"","value":220}]},{"source":0,"target":8,"value":1,"fill":"#FB8072","dx":"5.27c (Non Clinical)","supply":[{"label":"18 Hours","value":1}],"supplyDx":[{"label":"Dx78: 5.27c (Non Clinical)","value":1}],"supplySG":[{"Symptom_Group_Code":"1191","Symptom_Group_Description":"Health and Social Information (6.5)","Symptom_Discriminator_Code":"4323","Symptom_Descriminator_Description":"CN Community Nurse","value":1}],"supplyRead":[{"label":"","value":5}]},{"source":0,"target":10,"value":3,"fill":"#8DD3C7","dx":"5.24 (A&E)","supply":[{"label":"07 Hours","value":1},{"label":"19 Hours","value":1},{"label":"21 Hours","value":1}],"supplyDx":[{"label":"Dx02: 5.24 (A&E)","value":3}],"supplySG":[{"Symptom_Group_Code":"1072","Symptom_Group_Description":"Eye; Painful (6.4)","Symptom_Discriminator_Code":"4312","Symptom_Descriminator_Description":"ED extended ophthalmic assessment and prescribing capability (PEARS)","value":2},{"Symptom_Group_Code":"1076","Symptom_Group_Description":"Eye; Visual Loss or Disturbance (6.4)","Symptom_Discriminator_Code":"4312","Symptom_Descriminator_Description":"ED extended ophthalmic assessment and prescribing capability (PEARS)","value":1}],"supplyRead":[{"label":"","value":15}]},{"source":0,"target":11,"value":1,"fill":"#8DD3C7","dx":"5.24 (A&E)","supply":[{"label":"10 Hours","value":1}],"supplyDx":[{"label":"Dx02: 5.24 (A&E)","value":1}],"supplySG":[{"Symptom_Group_Code":"1119","Symptom_Group_Description":"Leg Injury; Blunt (6.4)","Symptom_Discriminator_Code":"4052","Symptom_Descriminator_Description":"ED full ED assessment and management capability","value":1}],"supplyRead":[{"label":"","value":5}]},{"source":1,"target":9,"value":1,"fill":"#FDB462","dx":"None","supply":[{"label":"19 Hours","value":1}],"supplyDx":[{"label":": None","value":1}],"supplySG":[{"Symptom_Group_Code":"NA","Symptom_Group_Description":"NA","Symptom_Discriminator_Code":"NA","Symptom_Descriminator_Description":"NA","value":1}],"supplyRead":[{"label":"","value":4},{"label":"R0000","value":1}]},{"source":3,"target":8,"value":26,"fill":"#8DD3C7","dx":"5.24 (A&E)","supply":[{"label":"00 Hours","value":1},{"label":"01 Hours","value":1},{"label":"02 Hours","value":1},{"label":"07 Hours","value":1},{"label":"08 Hours","value":1},{"label":"09 Hours","value":1},{"label":"11 Hours","value":1},{"label":"12 Hours","value":2},{"label":"13 Hours","value":3},{"label":"14 Hours","value":4},{"label":"15 Hours","value":2},{"label":"16 Hours","value":1},{"label":"17 Hours","value":1},{"label":"18 Hours","value":2},{"label":"19 Hours","value":1},{"label":"20 Hours","value":1},{"label":"21 Hours","value":1},{"label":"22 Hours","value":1}],"supplyDx":[{"label":"1159£Symptoms without specific Pathway (6.4)£4003£PC full Primary Care assessment and prescribing capability","value":1}],"supplySG":[{"Symptom_Group_Code":"1011","Symptom_Group_Description":"Ankle or Foot Injury; Blunt (6.4)","Symptom_Discriminator_Code":"4052","Symptom_Descriminator_Description":"ED full ED assessment and management capability","value":1},{"Symptom_Group_Code":"1034","Symptom_Group_Description":"Breathing Problems; Breathlessness or Wheeze (6.4)","Symptom_Discriminator_Code":"4052","Symptom_Descriminator_Description":"ED full ED assessment and management capability","value":1},{"Symptom_Group_Code":"1038","Symptom_Group_Description":"Burn; Thermal (6.4)","Symptom_Discriminator_Code":"4052","Symptom_Descriminator_Description":"ED full ED assessment and management capability","value":1},{"Symptom_Group_Code":"1039","Symptom_Group_Description":"Chest and Upper Back Pain (6.4)","Symptom_Discriminator_Code":"4052","Symptom_Descriminator_Description":"ED full ED assessment and management capability","value":4},{"Symptom_Group_Code":"1047","Symptom_Group_Description":"Cough (6.4)","Symptom_Discriminator_Code":"4052","Symptom_Descriminator_Description":"ED full ED assessment and management capability","value":1},{"Symptom_Group_Code":"1057","Symptom_Group_Description":"Difficulty Passing Urine (6.4)","Symptom_Discriminator_Code":"4003","Symptom_Descriminator_Description":"PC full Primary Care assessment and prescribing capability","value":1},{"Symptom_Group_Code":"1162","Symptom_Group_Description":"Tiredness (Fatigue) (6.4)","Symptom_Discriminator_Code":"4179","Symptom_Descriminator_Description":"PC anxiety/panic","value":1},{"Symptom_Group_Code":"1169","Symptom_Group_Description":"Toothache Without Dental Injury (6.4)","Symptom_Discriminator_Code":"4052","Symptom_Descriminator_Description":"ED full ED assessment and management capability","value":1},{"Symptom_Group_Code":"1172","Symptom_Group_Description":"Unwell; Under 1 Year Old (6.4)","Symptom_Discriminator_Code":"4052","Symptom_Descriminator_Description":"ED full ED assessment and management capability","value":1},{"Symptom_Group_Code":"1193","Symptom_Group_Description":"Immediate threats to life (6.5)","Symptom_Discriminator_Code":"4052","Symptom_Descriminator_Description":"ED full ED assessment and management capability","value":1},{"Symptom_Group_Code":"1206","Symptom_Group_Description":"NHS Pathways in House Clinician","Symptom_Discriminator_Code":"4312","Symptom_Descriminator_Description":"ED extended ophthalmic assessment and prescribing capability (PEARS)","value":13}],"supplyRead":[{"label":"","value":130}]},{"source":3,"target":8,"value":1,"fill":"#B3DE69","dx":"5.25d (Dental)","supply":[{"label":"14 Hours","value":1}],"supplyDx":[{"label":"1159£Symptoms without specific Pathway (6.4)£4003£PC full Primary Care assessment and prescribing capability","value":1}],"supplySG":[{"Symptom_Group_Code":"1191","Symptom_Group_Description":"Health and Social Information (6.5)","Symptom_Discriminator_Code":"4323","Symptom_Descriminator_Description":"CN Community Nurse","value":1}],"supplyRead":[{"label":"","value":5}]},{"source":3,"target":11,"value":1,"fill":"#8DD3C7","dx":"5.24 (A&E)","supply":[{"label":"19 Hours","value":1}],"supplyDx":[{"label":"1159£Symptoms without specific Pathway (6.4)£4003£PC full Primary Care assessment and prescribing capability","value":1}],"supplySG":[{"Symptom_Group_Code":"1135","Symptom_Group_Description":"Pain and/or Frequency Passing Urine (6.4)","Symptom_Discriminator_Code":"4020","Symptom_Descriminator_Description":"PC assessment and management capability; minor condition","value":1}],"supplyRead":[{"label":"","value":5}]},{"source":4,"target":9,"value":6,"fill":"#80B1D3","dx":"5.25b (Speak to Primary care)","supply":[{"label":"01 Hours","value":1},{"label":"04 Hours","value":1},{"label":"18 Hours","value":1},{"label":"19 Hours","value":1},{"label":"20 Hours","value":1},{"label":"21 Hours","value":1}],"supplyDx":[{"label":"1159£Symptoms without specific Pathway (6.4)£4003£PC full Primary Care assessment and prescribing capability","value":1}],"supplySG":[{"Symptom_Group_Code":"1059","Symptom_Group_Description":"Dizziness or Vertigo (6.4)","Symptom_Discriminator_Code":"4052","Symptom_Descriminator_Description":"ED full ED assessment and management capability","value":1},{"Symptom_Group_Code":"1089","Symptom_Group_Description":"Flank or Side Pain (6.4)","Symptom_Discriminator_Code":"4052","Symptom_Descriminator_Description":"ED full ED assessment and management capability","value":1},{"Symptom_Group_Code":"1112","Symptom_Group_Description":"Headache (6.4)","Symptom_Discriminator_Code":"4052","Symptom_Descriminator_Description":"ED full ED assessment and management capability","value":1},{"Symptom_Group_Code":"1141","Symptom_Group_Description":"Probable Stroke (6.4)","Symptom_Discriminator_Code":"4052","Symptom_Descriminator_Description":"ED full ED assessment and management capability","value":1},{"Symptom_Group_Code":"1170","Symptom_Group_Description":"Toxic Ingestion/Inhalation/Overdose (6.4)","Symptom_Discriminator_Code":"4052","Symptom_Descriminator_Description":"ED full ED assessment and management capability","value":1},{"Symptom_Group_Code":"1206","Symptom_Group_Description":"NHS Pathways in House Clinician","Symptom_Discriminator_Code":"4312","Symptom_Descriminator_Description":"ED extended ophthalmic assessment and prescribing capability (PEARS)","value":1}],"supplyRead":[{"label":"","value":24},{"label":"16D..","value":1},{"label":"R004.","value":1},{"label":"R0070","value":1},{"label":"R065.","value":2},{"label":"R080.","value":1}]},{"source":4,"target":9,"value":1,"fill":"#8DD3C7","dx":"5.24 (A&E)","supply":[{"label":"14 Hours","value":1}],"supplyDx":[{"label":"1159£Symptoms without specific Pathway (6.4)£4003£PC full Primary Care assessment and prescribing capability","value":1}],"supplySG":[{"Symptom_Group_Code":"1206","Symptom_Group_Description":"NHS Pathways in House Clinician","Symptom_Discriminator_Code":"4312","Symptom_Descriminator_Description":"ED extended ophthalmic assessment and prescribing capability (PEARS)","value":1}],"supplyRead":[{"label":"","value":4},{"label":"1738","value":1}]},{"source":4,"target":9,"value":6,"fill":"#BEBADA","dx":"5.25a (Contact Primary care)","supply":[{"label":"01 Hours","value":1},{"label":"18 Hours","value":1},{"label":"20 Hours","value":2},{"label":"22 Hours","value":1},{"label":"23 Hours","value":1}],"supplyDx":[{"label":"1159£Symptoms without specific Pathway (6.4)£4003£PC full Primary Care assessment and prescribing capability","value":1}],"supplySG":[{"Symptom_Group_Code":"1047","Symptom_Group_Description":"Cough (6.4)","Symptom_Discriminator_Code":"4052","Symptom_Descriminator_Description":"ED full ED assessment and management capability","value":1},{"Symptom_Group_Code":"1054","Symptom_Group_Description":"Diarrhoea (6.4)","Symptom_Discriminator_Code":"4052","Symptom_Descriminator_Description":"ED full ED assessment and management capability","value":1},{"Symptom_Group_Code":"1174","Symptom_Group_Description":"Vaginal Bleeding (6.4)","Symptom_Discriminator_Code":"4052","Symptom_Descriminator_Description":"ED full ED assessment and management capability","value":1},{"Symptom_Group_Code":"1176","Symptom_Group_Description":"Vaginal Discharge (6.4)","Symptom_Discriminator_Code":"4052","Symptom_Descriminator_Description":"ED full ED assessment and management capability","value":1},{"Symptom_Group_Code":"NA","Symptom_Group_Description":"NA","Symptom_Discriminator_Code":"NA","Symptom_Descriminator_Description":"NA","value":2}],"supplyRead":[{"label":"","value":24},{"label":"H06z1","value":1},{"label":"K421.","value":1},{"label":"K5...","value":1},{"label":"N245.","value":1},{"label":"R090.","value":2}]},{"source":4,"target":9,"value":5,"fill":"#FFFFB3","dx":"5.26 (Other Service)","supply":[{"label":"10 Hours","value":1},{"label":"15 Hours","value":1},{"label":"18 Hours","value":1},{"label":"19 Hours","value":1},{"label":"20 Hours","value":1}],"supplyDx":[{"label":"1159£Symptoms without specific Pathway (6.4)£4003£PC full Primary Care assessment and prescribing capability","value":1}],"supplySG":[{"Symptom_Group_Code":"1000","Symptom_Group_Description":"Abdominal or Flank Injury; Blunt (6.4)","Symptom_Discriminator_Code":"4052","Symptom_Descriminator_Description":"ED full ED assessment and management capability","value":1},{"Symptom_Group_Code":"1088","Symptom_Group_Description":"Fits Within the Last 12 Hours (6.4)","Symptom_Discriminator_Code":"4052","Symptom_Descriminator_Description":"ED full ED assessment and management capability","value":1},{"Symptom_Group_Code":"1110","Symptom_Group_Description":"Head; Facial or Neck Injury; Blunt (6.4)","Symptom_Discriminator_Code":"4052","Symptom_Descriminator_Description":"ED full ED assessment and management capability","value":1},{"Symptom_Group_Code":"1143","Symptom_Group_Description":"Rectal Bleeding (6.4)","Symptom_Discriminator_Code":"4052","Symptom_Descriminator_Description":"ED full ED assessment and management capability","value":1},{"Symptom_Group_Code":"1195","Symptom_Group_Description":"Non-trauma Emergency (6.5)","Symptom_Discriminator_Code":"4052","Symptom_Descriminator_Description":"ED full ED assessment and management capability","value":1}],"supplyRead":[{"label":"","value":20},{"label":"1738","value":1},{"label":"R090.","value":2},{"label":"S646.","value":1},{"label":"ZV6..","value":1}]},{"source":5,"target":8,"value":1,"fill":"#8DD3C7","dx":"5.24 (A&E)","supply":[{"label":"14 Hours","value":1}],"supplyDx":[{"label":"1159£Symptoms without specific Pathway (6.4)£4003£PC full Primary Care assessment and prescribing capability","value":1}],"supplySG":[{"Symptom_Group_Code":"1174","Symptom_Group_Description":"Vaginal Bleeding (6.4)","Symptom_Discriminator_Code":"4052","Symptom_Descriminator_Description":"ED full ED assessment and management capability","value":1}],"supplyRead":[{"label":"","value":3},{"label":"L100.","value":1},{"label":"N145.","value":1}]},{"source":6,"target":9,"value":1,"fill":"#80B1D3","dx":"5.25b (Speak to Primary care)","supply":[{"label":"18 Hours","value":1}],"supplyDx":[{"label":"1159£Symptoms without specific Pathway (6.4)£4003£PC full Primary Care assessment and prescribing capability","value":1}],"supplySG":[{"Symptom_Group_Code":"1047","Symptom_Group_Description":"Cough (6.4)","Symptom_Discriminator_Code":"4052","Symptom_Descriminator_Description":"ED full ED assessment and management capability","value":1}],"supplyRead":[{"label":"","value":5}]},{"source":6,"target":9,"value":1,"fill":"#BEBADA","dx":"5.25a (Contact Primary care)","supply":[{"label":"21 Hours","value":1}],"supplyDx":[{"label":"1159£Symptoms without specific Pathway (6.4)£4003£PC full Primary Care assessment and prescribing capability","value":1}],"supplySG":[{"Symptom_Group_Code":"NA","Symptom_Group_Description":"NA","Symptom_Discriminator_Code":"NA","Symptom_Descriminator_Description":"NA","value":1}],"supplyRead":[{"label":"","value":5}]},{"source":6,"target":9,"value":4,"fill":"#FFFFB3","dx":"5.26 (Other Service)","supply":[{"label":"20 Hours","value":1},{"label":"22 Hours","value":3}],"supplyDx":[{"label":"1159£Symptoms without specific Pathway (6.4)£4003£PC full Primary Care assessment and prescribing capability","value":1}],"supplySG":[{"Symptom_Group_Code":"1054","Symptom_Group_Description":"Diarrhoea (6.4)","Symptom_Discriminator_Code":"4052","Symptom_Descriminator_Description":"ED full ED assessment and management capability","value":1},{"Symptom_Group_Code":"1195","Symptom_Group_Description":"Non-trauma Emergency (6.5)","Symptom_Discriminator_Code":"4052","Symptom_Descriminator_Description":"ED full ED assessment and management capability","value":2},{"Symptom_Group_Code":"NA","Symptom_Group_Description":"NA","Symptom_Discriminator_Code":"NA","Symptom_Descriminator_Description":"NA","value":1}],"supplyRead":[{"label":"","value":20}]},{"source":7,"target":9,"value":3,"fill":"#BEBADA","dx":"5.25a (Contact Primary care)","supply":[{"label":"19 Hours","value":1},{"label":"20 Hours","value":2}],"supplyDx":[{"label":"1159£Symptoms without specific Pathway (6.4)£4003£PC full Primary Care assessment and prescribing capability","value":1}],"supplySG":[{"Symptom_Group_Code":"1004","Symptom_Group_Description":"Abdominal Pain (6.4)","Symptom_Discriminator_Code":"4052","Symptom_Descriminator_Description":"ED full ED assessment and management capability","value":1},{"Symptom_Group_Code":"1103","Symptom_Group_Description":"Groin Pain or Groin Swelling (6.4)","Symptom_Discriminator_Code":"4052","Symptom_Descriminator_Description":"ED full ED assessment and management capability","value":1},{"Symptom_Group_Code":"1141","Symptom_Group_Description":"Probable Stroke (6.4)","Symptom_Discriminator_Code":"4052","Symptom_Descriminator_Description":"ED full ED assessment and management capability","value":1}],"supplyRead":[{"label":"","value":10},{"label":"9N4..","value":1},{"label":"G2z..","value":1},{"label":"R080.","value":1},{"label":"R090.","value":1},{"label":"ZV6..","value":1}]}]}