{"nodes":[{"layer":1,"name":"Pathways Non-Clinician","fill":"#9E0142","label":"Initial Skillset"},{"layer":1,"name":"OLC Clinician (Advice)","fill":"#9E0142","label":"Initial Skillset"},{"layer":1,"name":"Service Advisor","fill":"#9E0142","label":"Initial Skillset"},{"layer":2,"name":"Pathways Non-Clinician","fill":"#F46D43","label":"Final Skillset"},{"layer":2,"name":"TAS Clinician","fill":"#F46D43","label":"Final Skillset"},{"layer":2,"name":"OLC Clinician (Advice)","fill":"#F46D43","label":"Final Skillset"},{"layer":2,"name":"Pathways Clinician","fill":"#F46D43","label":"Final Skillset"},{"layer":2,"name":"OLC Clinician (F2F)","fill":"#F46D43","label":"Final Skillset"},{"layer":2,"name":"OLC Clinician (F2F HV)","fill":"#F46D43","label":"Final Skillset"},{"layer":3,"name":"Emergency Department (ED)","fill":"#FEE08B","label":"Service Type"},{"layer":3,"name":"","fill":"#FEE08B","label":"Service Type"},{"layer":3,"name":"Emergency Department (ED) Specialist","fill":"#FEE08B","label":"Service Type"}],"links":[{"source":0,"target":4,"value":1,"fill":"#FFFFB3","dx":"Speak to Primary care","supply":[{"label":"00 Hours","value":1}],"supplyDx":[{"label":"Dx11: 5.25b (Speak to Primary care)","value":1}],"supplySG":[{"Symptom_Group_Code":"1172","Symptom_Group_Description":"Unwell; Under 1 Year Old (6.4)","Symptom_Discriminator_Code":"4052","Symptom_Descriminator_Description":"ED full ED assessment and management capability","value":1}],"supplyRead":[{"label":"","value":8},{"label":"C....","value":1},{"label":"N245.","value":1}]},{"source":0,"target":5,"value":2,"fill":"#80B1D3","dx":"Contact Primary care","supply":[{"label":"18 Hours","value":1},{"label":"23 Hours","value":1}],"supplyDx":[{"label":"Dx05: 5.25a (Contact Primary care)","value":2}],"supplySG":[{"Symptom_Group_Code":"1143","Symptom_Group_Description":"Rectal Bleeding (6.4)","Symptom_Discriminator_Code":"4052","Symptom_Descriminator_Description":"ED full ED assessment and management capability","value":1},{"Symptom_Group_Code":"NA","Symptom_Group_Description":"NA","Symptom_Discriminator_Code":"NA","Symptom_Descriminator_Description":"NA","value":1}],"supplyRead":[]},{"source":0,"target":5,"value":3,"fill":"#FB8072","dx":"Other Service","supply":[{"label":"03 Hours","value":1},{"label":"22 Hours","value":1},{"label":"23 Hours","value":1}],"supplyDx":[{"label":"Dx05: 5.25a (Contact Primary care)","value":1},{"label":"Dx11: 5.25b (Speak to Primary care)","value":2}],"supplySG":[{"Symptom_Group_Code":"1047","Symptom_Group_Description":"Cough (6.4)","Symptom_Discriminator_Code":"4052","Symptom_Descriminator_Description":"ED full ED assessment and management capability","value":1},{"Symptom_Group_Code":"1206","Symptom_Group_Description":"NHS Pathways in House Clinician","Symptom_Discriminator_Code":"4312","Symptom_Descriminator_Description":"ED extended ophthalmic assessment and prescribing capability (PEARS)","value":1},{"Symptom_Group_Code":"NA","Symptom_Group_Description":"NA","Symptom_Discriminator_Code":"NA","Symptom_Descriminator_Description":"NA","value":1}],"supplyRead":[{"label":"","value":20},{"label":"7....","value":1},{"label":"Mz...","value":1},{"label":"R0062","value":1},{"label":"R090.","value":1},{"label":"S646.","value":1}]},{"source":0,"target":5,"value":5,"fill":"#FFFFB3","dx":"Speak to Primary care","supply":[{"label":"18 Hours","value":2},{"label":"21 Hours","value":3}],"supplyDx":[{"label":"Dx11: 5.25b (Speak to Primary care)","value":3},{"label":"Dx12: 5.25b (Speak to Primary care)","value":2}],"supplySG":[{"Symptom_Group_Code":"1034","Symptom_Group_Description":"Breathing Problems; Breathlessness or Wheeze (6.4)","Symptom_Discriminator_Code":"4052","Symptom_Descriminator_Description":"ED full ED assessment and management capability","value":2},{"Symptom_Group_Code":"1179","Symptom_Group_Description":"Vomiting (6.4)","Symptom_Discriminator_Code":"4052","Symptom_Descriminator_Description":"ED full ED assessment and management capability","value":1},{"Symptom_Group_Code":"1187","Symptom_Group_Description":"Diabetes; Blood Sugar Problem (6.5)","Symptom_Discriminator_Code":"4052","Symptom_Descriminator_Description":"ED full ED assessment and management capability","value":1},{"Symptom_Group_Code":"NA","Symptom_Group_Description":"NA","Symptom_Discriminator_Code":"NA","Symptom_Descriminator_Description":"NA","value":1}],"supplyRead":[{"label":"","value":8},{"label":"C....","value":1},{"label":"N245.","value":1}]},{"source":0,"target":6,"value":2,"fill":"#FB8072","dx":"Other Service","supply":[{"label":"04 Hours","value":1},{"label":"20 Hours","value":1}],"supplyDx":[{"label":"Dx02: 5.24 (A&E)","value":2}],"supplySG":[{"Symptom_Group_Code":"1115","Symptom_Group_Description":"Hip; Thigh or Buttock Pain or Swelling (6.4)","Symptom_Discriminator_Code":"4052","Symptom_Descriminator_Description":"ED full ED assessment and management capability","value":1},{"Symptom_Group_Code":"1206","Symptom_Group_Description":"NHS Pathways in House Clinician","Symptom_Discriminator_Code":"4312","Symptom_Descriminator_Description":"ED extended ophthalmic assessment and prescribing capability (PEARS)","value":1}],"supplyRead":[{"label":"","value":20},{"label":"7....","value":1},{"label":"Mz...","value":1},{"label":"R0062","value":1},{"label":"R090.","value":1},{"label":"S646.","value":1}]},{"source":0,"target":7,"value":1,"fill":"#FFFFB3","dx":"Speak to Primary care","supply":[{"label":"21 Hours","value":1}],"supplyDx":[{"label":"Dx11: 5.25b (Speak to Primary care)","value":1}],"supplySG":[{"Symptom_Group_Code":"NA","Symptom_Group_Description":"NA","Symptom_Discriminator_Code":"NA","Symptom_Descriminator_Description":"NA","value":1}],"supplyRead":[{"label":"","value":8},{"label":"C....","value":1},{"label":"N245.","value":1}]},{"source":0,"target":8,"value":1,"fill":"#FDB462","dx":"Non Clinical","supply":[{"label":"23 Hours","value":1}],"supplyDx":[{"label":"Dx78: 5.27c (Non Clinical)","value":1}],"supplySG":[{"Symptom_Group_Code":"NA","Symptom_Group_Description":"NA","Symptom_Discriminator_Code":"NA","Symptom_Descriminator_Description":"NA","value":1}],"supplyRead":[{"label":"","value":3},{"label":"H06z1","value":1},{"label":"H21..","value":1}]},{"source":0,"target":9,"value":19,"fill":"#8DD3C7","dx":"A&E","supply":[{"label":"00 Hours","value":2},{"label":"02 Hours","value":1},{"label":"03 Hours","value":1},{"label":"04 Hours","value":2},{"label":"07 Hours","value":1},{"label":"08 Hours","value":1},{"label":"09 Hours","value":1},{"label":"11 Hours","value":1},{"label":"12 Hours","value":1},{"label":"15 Hours","value":1},{"label":"16 Hours","value":1},{"label":"17 Hours","value":2},{"label":"18 Hours","value":1},{"label":"19 Hours","value":1},{"label":"23 Hours","value":2}],"supplyDx":[{"label":"Dx02: 5.24 (A&E)","value":19}],"supplySG":[{"Symptom_Group_Code":"1014","Symptom_Group_Description":"Arm Injury; Blunt (6.4)","Symptom_Discriminator_Code":"4052","Symptom_Descriminator_Description":"ED full ED assessment and management capability","value":1},{"Symptom_Group_Code":"1034","Symptom_Group_Description":"Breathing Problems; Breathlessness or Wheeze (6.4)","Symptom_Discriminator_Code":"4052","Symptom_Descriminator_Description":"ED full ED assessment and management capability","value":1},{"Symptom_Group_Code":"1039","Symptom_Group_Description":"Chest and Upper Back Pain (6.4)","Symptom_Discriminator_Code":"4052","Symptom_Descriminator_Description":"ED full ED assessment and management capability","value":8},{"Symptom_Group_Code":"1076","Symptom_Group_Description":"Eye; Visual Loss or Disturbance (6.4)","Symptom_Discriminator_Code":"4312","Symptom_Descriminator_Description":"ED extended ophthalmic assessment and prescribing capability (PEARS)","value":1},{"Symptom_Group_Code":"1086","Symptom_Group_Description":"Finger or Thumb Injury; Penetrating (6.4)","Symptom_Discriminator_Code":"4009","Symptom_Descriminator_Description":"ED amputation; digit","value":1},{"Symptom_Group_Code":"1092","Symptom_Group_Description":"Foreign Body; Ingested or Inhaled (6.4)","Symptom_Discriminator_Code":"4052","Symptom_Descriminator_Description":"ED full ED assessment and management capability","value":1},{"Symptom_Group_Code":"1110","Symptom_Group_Description":"Head; Facial or Neck Injury; Blunt (6.4)","Symptom_Discriminator_Code":"4052","Symptom_Descriminator_Description":"ED full ED assessment and management capability","value":1},{"Symptom_Group_Code":"1119","Symptom_Group_Description":"Leg Injury; Blunt (6.4)","Symptom_Discriminator_Code":"4052","Symptom_Descriminator_Description":"ED full ED assessment and management capability","value":1},{"Symptom_Group_Code":"1137","Symptom_Group_Description":"Palpitations (6.4)","Symptom_Discriminator_Code":"4052","Symptom_Descriminator_Description":"ED full ED assessment and management capability","value":1},{"Symptom_Group_Code":"1140","Symptom_Group_Description":"Predetermined Management Plan (6.4)","Symptom_Discriminator_Code":"4323","Symptom_Descriminator_Description":"CN Community Nurse","value":2},{"Symptom_Group_Code":"1141","Symptom_Group_Description":"Probable Stroke (6.4)","Symptom_Discriminator_Code":"4052","Symptom_Descriminator_Description":"ED full ED assessment and management capability","value":1}],"supplyRead":[{"label":"","value":95}]},{"source":0,"target":11,"value":1,"fill":"#8DD3C7","dx":"A&E","supply":[{"label":"12 Hours","value":1}],"supplyDx":[{"label":"Dx02: 5.24 (A&E)","value":1}],"supplySG":[{"Symptom_Group_Code":"1039","Symptom_Group_Description":"Chest and Upper Back Pain (6.4)","Symptom_Discriminator_Code":"4052","Symptom_Descriminator_Description":"ED full ED assessment and management capability","value":1}],"supplyRead":[{"label":"","value":5}]},{"source":1,"target":10,"value":2,"fill":"#BEBADA","dx":"None","supply":[{"label":"01 Hours","value":1},{"label":"18 Hours","value":1}],"supplyDx":[{"label":"Unknown: (None)","value":2}],"supplySG":[{"Symptom_Group_Code":"NA","Symptom_Group_Description":"NA","Symptom_Discriminator_Code":"NA","Symptom_Descriminator_Description":"NA","value":2}],"supplyRead":[{"label":"","value":8},{"label":"J573.","value":1},{"label":"K190.","value":1}]},{"source":2,"target":3,"value":3,"fill":"#8DD3C7","dx":"A&E","supply":[{"label":"09 Hours","value":1},{"label":"14 Hours","value":2}],"supplyDx":[{"label":"Dx02: 5.24 (A&E)","value":3}],"supplySG":[{"Symptom_Group_Code":"1039","Symptom_Group_Description":"Chest and Upper Back Pain (6.4)","Symptom_Discriminator_Code":"4052","Symptom_Descriminator_Description":"ED full ED assessment and management capability","value":3}],"supplyRead":[{"label":"","value":5}]},{"source":2,"target":5,"value":4,"fill":"#BEBADA","dx":"None","supply":[{"label":"08 Hours","value":1},{"label":"11 Hours","value":1},{"label":"16 Hours","value":1},{"label":"22 Hours","value":1}],"supplyDx":[{"label":"Unknown: (None)","value":4}],"supplySG":[{"Symptom_Group_Code":"NA","Symptom_Group_Description":"NA","Symptom_Discriminator_Code":"NA","Symptom_Descriminator_Description":"NA","value":4}],"supplyRead":[{"label":"","value":7},{"label":"A79z.","value":1},{"label":"R065.","value":1},{"label":"SP2z.","value":1}]},{"source":3,"target":9,"value":3,"fill":"#8DD3C7","dx":"A&E","supply":[{"label":"00 Hours","value":2},{"label":"02 Hours","value":1},{"label":"03 Hours","value":1},{"label":"04 Hours","value":2},{"label":"07 Hours","value":1},{"label":"08 Hours","value":1},{"label":"09 Hours","value":2},{"label":"11 Hours","value":1},{"label":"12 Hours","value":1},{"label":"14 Hours","value":2},{"label":"15 Hours","value":1},{"label":"16 Hours","value":1},{"label":"17 Hours","value":2},{"label":"18 Hours","value":1},{"label":"19 Hours","value":1},{"label":"23 Hours","value":2}],"supplyDx":[{"label":"1159£Symptoms without specific Pathway (6.4)£4003£PC full Primary Care assessment and prescribing capability","value":1}],"supplySG":[{"Symptom_Group_Code":"1014","Symptom_Group_Description":"Arm Injury; Blunt (6.4)","Symptom_Discriminator_Code":"4052","Symptom_Descriminator_Description":"ED full ED assessment and management capability","value":1},{"Symptom_Group_Code":"1034","Symptom_Group_Description":"Breathing Problems; Breathlessness or Wheeze (6.4)","Symptom_Discriminator_Code":"4052","Symptom_Descriminator_Description":"ED full ED assessment and management capability","value":1},{"Symptom_Group_Code":"1039","Symptom_Group_Description":"Chest and Upper Back Pain (6.4)","Symptom_Discriminator_Code":"4052","Symptom_Descriminator_Description":"ED full ED assessment and management capability","value":11},{"Symptom_Group_Code":"1076","Symptom_Group_Description":"Eye; Visual Loss or Disturbance (6.4)","Symptom_Discriminator_Code":"4312","Symptom_Descriminator_Description":"ED extended ophthalmic assessment and prescribing capability (PEARS)","value":1},{"Symptom_Group_Code":"1086","Symptom_Group_Description":"Finger or Thumb Injury; Penetrating (6.4)","Symptom_Discriminator_Code":"4009","Symptom_Descriminator_Description":"ED amputation; digit","value":1},{"Symptom_Group_Code":"1092","Symptom_Group_Description":"Foreign Body; Ingested or Inhaled (6.4)","Symptom_Discriminator_Code":"4052","Symptom_Descriminator_Description":"ED full ED assessment and management capability","value":1},{"Symptom_Group_Code":"1110","Symptom_Group_Description":"Head; Facial or Neck Injury; Blunt (6.4)","Symptom_Discriminator_Code":"4052","Symptom_Descriminator_Description":"ED full ED assessment and management capability","value":1},{"Symptom_Group_Code":"1119","Symptom_Group_Description":"Leg Injury; Blunt (6.4)","Symptom_Discriminator_Code":"4052","Symptom_Descriminator_Description":"ED full ED assessment and management capability","value":1},{"Symptom_Group_Code":"1137","Symptom_Group_Description":"Palpitations (6.4)","Symptom_Discriminator_Code":"4052","Symptom_Descriminator_Description":"ED full ED assessment and management capability","value":1},{"Symptom_Group_Code":"1140","Symptom_Group_Description":"Predetermined Management Plan (6.4)","Symptom_Discriminator_Code":"4323","Symptom_Descriminator_Description":"CN Community Nurse","value":2},{"Symptom_Group_Code":"1141","Symptom_Group_Description":"Probable Stroke (6.4)","Symptom_Discriminator_Code":"4052","Symptom_Descriminator_Description":"ED full ED assessment and management capability","value":1}],"supplyRead":[{"label":"","value":110}]},{"source":4,"target":10,"value":1,"fill":"#FFFFB3","dx":"Speak to Primary care","supply":[{"label":"00 Hours","value":1}],"supplyDx":[{"label":"1159£Symptoms without specific Pathway (6.4)£4003£PC full Primary Care assessment and prescribing capability","value":1}],"supplySG":[{"Symptom_Group_Code":"1172","Symptom_Group_Description":"Unwell; Under 1 Year Old (6.4)","Symptom_Discriminator_Code":"4052","Symptom_Descriminator_Description":"ED full ED assessment and management capability","value":1}],"supplyRead":[{"label":"","value":5}]},{"source":5,"target":10,"value":3,"fill":"#80B1D3","dx":"Contact Primary care","supply":[{"label":"18 Hours","value":1},{"label":"23 Hours","value":2}],"supplyDx":[{"label":"1159£Symptoms without specific Pathway (6.4)£4003£PC full Primary Care assessment and prescribing capability","value":1}],"supplySG":[{"Symptom_Group_Code":"1143","Symptom_Group_Description":"Rectal Bleeding (6.4)","Symptom_Discriminator_Code":"4052","Symptom_Descriminator_Description":"ED full ED assessment and management capability","value":1},{"Symptom_Group_Code":"NA","Symptom_Group_Description":"NA","Symptom_Discriminator_Code":"NA","Symptom_Descriminator_Description":"NA","value":2}],"supplyRead":[{"label":"","value":12},{"label":"1C92.","value":1},{"label":"R090.","value":1},{"label":"SN52.","value":1}]},{"source":5,"target":10,"value":4,"fill":"#BEBADA","dx":"None","supply":[{"label":"01 Hours","value":1},{"label":"08 Hours","value":1},{"label":"11 Hours","value":1},{"label":"16 Hours","value":1},{"label":"18 Hours","value":1},{"label":"22 Hours","value":1}],"supplyDx":[{"label":"1159£Symptoms without specific Pathway (6.4)£4003£PC full Primary Care assessment and prescribing capability","value":1}],"supplySG":[{"Symptom_Group_Code":"NA","Symptom_Group_Description":"NA","Symptom_Discriminator_Code":"NA","Symptom_Descriminator_Description":"NA","value":6}],"supplyRead":[{"label":"","value":23},{"label":"1C92.","value":1},{"label":"A79z.","value":1},{"label":"J573.","value":1},{"label":"K190.","value":1},{"label":"R062.","value":1},{"label":"R065.","value":1},{"label":"SP2z.","value":1}]},{"source":5,"target":10,"value":7,"fill":"#FFFFB3","dx":"Speak to Primary care","supply":[{"label":"03 Hours","value":1},{"label":"18 Hours","value":2},{"label":"21 Hours","value":3},{"label":"22 Hours","value":1}],"supplyDx":[{"label":"1159£Symptoms without specific Pathway (6.4)£4003£PC full Primary Care assessment and prescribing capability","value":1}],"supplySG":[{"Symptom_Group_Code":"1034","Symptom_Group_Description":"Breathing Problems; Breathlessness or Wheeze (6.4)","Symptom_Discriminator_Code":"4052","Symptom_Descriminator_Description":"ED full ED assessment and management capability","value":2},{"Symptom_Group_Code":"1047","Symptom_Group_Description":"Cough (6.4)","Symptom_Discriminator_Code":"4052","Symptom_Descriminator_Description":"ED full ED assessment and management capability","value":1},{"Symptom_Group_Code":"1179","Symptom_Group_Description":"Vomiting (6.4)","Symptom_Discriminator_Code":"4052","Symptom_Descriminator_Description":"ED full ED assessment and management capability","value":1},{"Symptom_Group_Code":"1187","Symptom_Group_Description":"Diabetes; Blood Sugar Problem (6.5)","Symptom_Discriminator_Code":"4052","Symptom_Descriminator_Description":"ED full ED assessment and management capability","value":1},{"Symptom_Group_Code":"1206","Symptom_Group_Description":"NHS Pathways in House Clinician","Symptom_Discriminator_Code":"4312","Symptom_Descriminator_Description":"ED extended ophthalmic assessment and prescribing capability (PEARS)","value":1},{"Symptom_Group_Code":"NA","Symptom_Group_Description":"NA","Symptom_Discriminator_Code":"NA","Symptom_Descriminator_Description":"NA","value":1}],"supplyRead":[{"label":"","value":26},{"label":"1738","value":1},{"label":"7....","value":1},{"label":"C....","value":1},{"label":"Mz...","value":1},{"label":"N245.","value":1},{"label":"R0062","value":2},{"label":"S646.","value":1},{"label":"ZV6..","value":1}]},{"source":6,"target":9,"value":2,"fill":"#8DD3C7","dx":"A&E","supply":[{"label":"04 Hours","value":1},{"label":"20 Hours","value":1}],"supplyDx":[{"label":"1159£Symptoms without specific Pathway (6.4)£4003£PC full Primary Care assessment and prescribing capability","value":1}],"supplySG":[{"Symptom_Group_Code":"1115","Symptom_Group_Description":"Hip; Thigh or Buttock Pain or Swelling (6.4)","Symptom_Discriminator_Code":"4052","Symptom_Descriminator_Description":"ED full ED assessment and management capability","value":1},{"Symptom_Group_Code":"1206","Symptom_Group_Description":"NHS Pathways in House Clinician","Symptom_Discriminator_Code":"4312","Symptom_Descriminator_Description":"ED extended ophthalmic assessment and prescribing capability (PEARS)","value":1}],"supplyRead":[{"label":"","value":10}]},{"source":7,"target":10,"value":1,"fill":"#FFFFB3","dx":"Speak to Primary care","supply":[{"label":"21 Hours","value":1}],"supplyDx":[{"label":"1159£Symptoms without specific Pathway (6.4)£4003£PC full Primary Care assessment and prescribing capability","value":1}],"supplySG":[{"Symptom_Group_Code":"NA","Symptom_Group_Description":"NA","Symptom_Discriminator_Code":"NA","Symptom_Descriminator_Description":"NA","value":1}],"supplyRead":[{"label":"","value":4},{"label":"9N4..","value":1}]},{"source":8,"target":10,"value":1,"fill":"#FDB462","dx":"Non Clinical","supply":[{"label":"23 Hours","value":1}],"supplyDx":[{"label":"1159£Symptoms without specific Pathway (6.4)£4003£PC full Primary Care assessment and prescribing capability","value":1}],"supplySG":[{"Symptom_Group_Code":"NA","Symptom_Group_Description":"NA","Symptom_Discriminator_Code":"NA","Symptom_Descriminator_Description":"NA","value":1}],"supplyRead":[{"label":"","value":3},{"label":"H06z1","value":1},{"label":"H21..","value":1}]}]}