{"nodes":[{"layer":1,"name":"Pathways Non-Clinician","fill":"#9E0142","label":"Initial Skillset"},{"layer":1,"name":"Service Advisor","fill":"#9E0142","label":"Initial Skillset"},{"layer":1,"name":"Pathways Clinician","fill":"#9E0142","label":"Initial Skillset"},{"layer":1,"name":"OLC Clinician (Advice)","fill":"#9E0142","label":"Initial Skillset"},{"layer":2,"name":"Pathways Non-Clinician","fill":"#F46D43","label":"Final Skillset"},{"layer":2,"name":"Pathways Clinician","fill":"#F46D43","label":"Final Skillset"},{"layer":2,"name":"OLC Clinician (Advice)","fill":"#F46D43","label":"Final Skillset"},{"layer":2,"name":"TAS Clinician","fill":"#F46D43","label":"Final Skillset"},{"layer":2,"name":"Pathways GP","fill":"#F46D43","label":"Final Skillset"},{"layer":2,"name":"OLC Clinician (F2F HV)","fill":"#F46D43","label":"Final Skillset"},{"layer":3,"name":"Emergency Department (ED)","fill":"#FEE08B","label":"Service Type"},{"layer":3,"name":"","fill":"#FEE08B","label":"Service Type"},{"layer":3,"name":"Urgent Treatment Centre (UTC)","fill":"#FEE08B","label":"Service Type"},{"layer":3,"name":"Emergency Department (ED) Eye Casualty","fill":"#FEE08B","label":"Service Type"}],"links":[{"source":0,"target":5,"value":12,"fill":"#FFFFB3","dx":"5.26 (Other Service)","supply":[{"label":"02 Hours","value":1},{"label":"03 Hours","value":1},{"label":"04 Hours","value":2},{"label":"11 Hours","value":1},{"label":"12 Hours","value":1},{"label":"13 Hours","value":1},{"label":"17 Hours","value":2},{"label":"19 Hours","value":1},{"label":"21 Hours","value":1},{"label":"22 Hours","value":1}],"supplyDx":[{"label":"Dx02: 5.24 (A&E)","value":11},{"label":"Dx03: 5.24 (A&E)","value":1}],"supplySG":[{"Symptom_Group_Code":"1039","Symptom_Group_Description":"Chest and Upper Back Pain (6.4)","Symptom_Discriminator_Code":"4052","Symptom_Descriminator_Description":"ED full ED assessment and management capability","value":5},{"Symptom_Group_Code":"1137","Symptom_Group_Description":"Palpitations (6.4)","Symptom_Discriminator_Code":"4052","Symptom_Descriminator_Description":"ED full ED assessment and management capability","value":3},{"Symptom_Group_Code":"1152","Symptom_Group_Description":"Skin; Rash (6.4)","Symptom_Discriminator_Code":"4052","Symptom_Descriminator_Description":"ED full ED assessment and management capability","value":1},{"Symptom_Group_Code":"1164","Symptom_Group_Description":"Toe Injury; Blunt (6.4)","Symptom_Discriminator_Code":"4014","Symptom_Descriminator_Description":"ED constricting object; removal required","value":1},{"Symptom_Group_Code":"1206","Symptom_Group_Description":"NHS Pathways in House Clinician","Symptom_Discriminator_Code":"4312","Symptom_Descriminator_Description":"ED extended ophthalmic assessment and prescribing capability (PEARS)","value":2}],"supplyRead":[{"label":"","value":49},{"label":"16D..","value":1},{"label":"1737","value":1},{"label":"1738","value":1},{"label":"A79z.","value":1},{"label":"G57..","value":1},{"label":"H33z.","value":1},{"label":"H5...","value":1},{"label":"M2z..","value":1},{"label":"R051.","value":1},{"label":"R062.","value":2}]},{"source":0,"target":6,"value":5,"fill":"#80B1D3","dx":"5.25b (Speak to Primary care)","supply":[{"label":"09 Hours","value":1},{"label":"11 Hours","value":1},{"label":"13 Hours","value":2},{"label":"21 Hours","value":1}],"supplyDx":[{"label":"Dx11: 5.25b (Speak to Primary care)","value":5}],"supplySG":[{"Symptom_Group_Code":"1004","Symptom_Group_Description":"Abdominal Pain (6.4)","Symptom_Discriminator_Code":"4052","Symptom_Descriminator_Description":"ED full ED assessment and management capability","value":1},{"Symptom_Group_Code":"1034","Symptom_Group_Description":"Breathing Problems; Breathlessness or Wheeze (6.4)","Symptom_Discriminator_Code":"4052","Symptom_Descriminator_Description":"ED full ED assessment and management capability","value":2},{"Symptom_Group_Code":"1039","Symptom_Group_Description":"Chest and Upper Back Pain (6.4)","Symptom_Discriminator_Code":"4052","Symptom_Descriminator_Description":"ED full ED assessment and management capability","value":2}],"supplyRead":[{"label":"","value":9},{"label":"1737","value":1},{"label":"1738","value":1},{"label":"R0062","value":1},{"label":"R062.","value":1},{"label":"R065.","value":1},{"label":"R090.","value":1}]},{"source":0,"target":6,"value":4,"fill":"#BEBADA","dx":"5.25a (Contact Primary care)","supply":[{"label":"02 Hours","value":1},{"label":"10 Hours","value":1},{"label":"11 Hours","value":1},{"label":"15 Hours","value":1}],"supplyDx":[{"label":"Dx05: 5.25a (Contact Primary care)","value":3},{"label":"Dx06: 5.25a (Contact Primary care)","value":1}],"supplySG":[{"Symptom_Group_Code":"1055","Symptom_Group_Description":"Diarrhoea and Vomiting (6.4)","Symptom_Discriminator_Code":"4052","Symptom_Descriminator_Description":"ED full ED assessment and management capability","value":2},{"Symptom_Group_Code":"1103","Symptom_Group_Description":"Groin Pain or Groin Swelling (6.4)","Symptom_Discriminator_Code":"4052","Symptom_Descriminator_Description":"ED full ED assessment and management capability","value":1},{"Symptom_Group_Code":"1156","Symptom_Group_Description":"Sore Throat (6.4)","Symptom_Discriminator_Code":"4389","Symptom_Descriminator_Description":"ED post tonsillectomy bleeding","value":1}],"supplyRead":[{"label":"","value":9},{"label":"M0...","value":1}]},{"source":0,"target":6,"value":26,"fill":"#FFFFB3","dx":"5.26 (Other Service)","supply":[{"label":"06 Hours","value":2},{"label":"11 Hours","value":2},{"label":"12 Hours","value":1},{"label":"13 Hours","value":2},{"label":"15 Hours","value":1},{"label":"17 Hours","value":1},{"label":"18 Hours","value":1},{"label":"19 Hours","value":2},{"label":"20 Hours","value":3},{"label":"21 Hours","value":5},{"label":"22 Hours","value":5},{"label":"23 Hours","value":1}],"supplyDx":[{"label":"Dx11: 5.25b (Speak to Primary care)","value":1},{"label":"Dx1113: 5.26 (Other Service)","value":7},{"label":"Dx1115: 5.26 (Other Service)","value":7},{"label":"Dx1116: 5.26 (Other Service)","value":2},{"label":"Dx12: 5.25b (Speak to Primary care)","value":1},{"label":"Dx32: 5.26 (Other Service)","value":3},{"label":"Dx333: 5.26 (Other Service)","value":2},{"label":"Dx35: 5.26 (Other Service)","value":1},{"label":"Dx77: 5.26 (Other Service)","value":2}],"supplySG":[{"Symptom_Group_Code":"1054","Symptom_Group_Description":"Diarrhoea (6.4)","Symptom_Discriminator_Code":"4052","Symptom_Descriminator_Description":"ED full ED assessment and management capability","value":1},{"Symptom_Group_Code":"1117","Symptom_Group_Description":"Knee or Lower Leg Pain or Swelling (6.4)","Symptom_Discriminator_Code":"4052","Symptom_Descriminator_Description":"ED full ED assessment and management capability","value":1},{"Symptom_Group_Code":"1152","Symptom_Group_Description":"Skin; Rash (6.4)","Symptom_Discriminator_Code":"4052","Symptom_Descriminator_Description":"ED full ED assessment and management capability","value":1},{"Symptom_Group_Code":"1170","Symptom_Group_Description":"Toxic Ingestion/Inhalation/Overdose (6.4)","Symptom_Discriminator_Code":"4052","Symptom_Descriminator_Description":"ED full ED assessment and management capability","value":1},{"Symptom_Group_Code":"1195","Symptom_Group_Description":"Non-trauma Emergency (6.5)","Symptom_Discriminator_Code":"4052","Symptom_Descriminator_Description":"ED full ED assessment and management capability","value":2},{"Symptom_Group_Code":"NA","Symptom_Group_Description":"NA","Symptom_Discriminator_Code":"NA","Symptom_Descriminator_Description":"NA","value":20}],"supplyRead":[{"label":"","value":49},{"label":"16D..","value":1},{"label":"1737","value":1},{"label":"1738","value":1},{"label":"A79z.","value":1},{"label":"G57..","value":1},{"label":"H33z.","value":1},{"label":"H5...","value":1},{"label":"M2z..","value":1},{"label":"R051.","value":1},{"label":"R062.","value":2}]},{"source":0,"target":7,"value":2,"fill":"#BEBADA","dx":"5.25a (Contact Primary care)","supply":[{"label":"13 Hours","value":1},{"label":"19 Hours","value":1}],"supplyDx":[{"label":"Dx05: 5.25a (Contact Primary care)","value":1},{"label":"Dx06: 5.25a (Contact Primary care)","value":1}],"supplySG":[{"Symptom_Group_Code":"1039","Symptom_Group_Description":"Chest and Upper Back Pain (6.4)","Symptom_Discriminator_Code":"4052","Symptom_Descriminator_Description":"ED full ED assessment and management capability","value":1},{"Symptom_Group_Code":"1080","Symptom_Group_Description":"Face; Neck Pain or Swelling (6.4)","Symptom_Discriminator_Code":"4134","Symptom_Descriminator_Description":"ED full ophthalmic ED assessment and management capability","value":1}],"supplyRead":[{"label":"","value":9},{"label":"M0...","value":1}]},{"source":0,"target":7,"value":3,"fill":"#FFFFB3","dx":"5.26 (Other Service)","supply":[{"label":"07 Hours","value":1},{"label":"10 Hours","value":1},{"label":"22 Hours","value":1}],"supplyDx":[{"label":"Dx11: 5.25b (Speak to Primary care)","value":1},{"label":"Dx12: 5.25b (Speak to Primary care)","value":1},{"label":"Dx323: 5.26 (Other Service)","value":1}],"supplySG":[{"Symptom_Group_Code":"1055","Symptom_Group_Description":"Diarrhoea and Vomiting (6.4)","Symptom_Discriminator_Code":"4052","Symptom_Descriminator_Description":"ED full ED assessment and management capability","value":1},{"Symptom_Group_Code":"1076","Symptom_Group_Description":"Eye; Visual Loss or Disturbance (6.4)","Symptom_Discriminator_Code":"4312","Symptom_Descriminator_Description":"ED extended ophthalmic assessment and prescribing capability (PEARS)","value":1},{"Symptom_Group_Code":"1206","Symptom_Group_Description":"NHS Pathways in House Clinician","Symptom_Discriminator_Code":"4312","Symptom_Descriminator_Description":"ED extended ophthalmic assessment and prescribing capability (PEARS)","value":1}],"supplyRead":[{"label":"","value":49},{"label":"16D..","value":1},{"label":"1737","value":1},{"label":"1738","value":1},{"label":"A79z.","value":1},{"label":"G57..","value":1},{"label":"H33z.","value":1},{"label":"H5...","value":1},{"label":"M2z..","value":1},{"label":"R051.","value":1},{"label":"R062.","value":2}]},{"source":0,"target":8,"value":4,"fill":"#FFFFB3","dx":"5.26 (Other Service)","supply":[{"label":"08 Hours","value":1},{"label":"09 Hours","value":1},{"label":"10 Hours","value":2}],"supplyDx":[{"label":"Dx02: 5.24 (A&E)","value":1},{"label":"Dx06: 5.25a (Contact Primary care)","value":1},{"label":"Dx108: 5.27c (Non Clinical)","value":2}],"supplySG":[{"Symptom_Group_Code":"1047","Symptom_Group_Description":"Cough (6.4)","Symptom_Discriminator_Code":"4052","Symptom_Descriminator_Description":"ED full ED assessment and management capability","value":1},{"Symptom_Group_Code":"1128","Symptom_Group_Description":"Lower Limb Pain or Swelling (6.4)","Symptom_Discriminator_Code":"4052","Symptom_Descriminator_Description":"ED full ED assessment and management capability","value":1},{"Symptom_Group_Code":"1206","Symptom_Group_Description":"NHS Pathways in House Clinician","Symptom_Discriminator_Code":"4312","Symptom_Descriminator_Description":"ED extended ophthalmic assessment and prescribing capability (PEARS)","value":2}],"supplyRead":[{"label":"","value":49},{"label":"16D..","value":1},{"label":"1737","value":1},{"label":"1738","value":1},{"label":"A79z.","value":1},{"label":"G57..","value":1},{"label":"H33z.","value":1},{"label":"H5...","value":1},{"label":"M2z..","value":1},{"label":"R051.","value":1},{"label":"R062.","value":2}]},{"source":0,"target":9,"value":1,"fill":"#BEBADA","dx":"5.25a (Contact Primary care)","supply":[{"label":"20 Hours","value":1}],"supplyDx":[{"label":"Dx05: 5.25a (Contact Primary care)","value":1}],"supplySG":[{"Symptom_Group_Code":"1103","Symptom_Group_Description":"Groin Pain or Groin Swelling (6.4)","Symptom_Discriminator_Code":"4052","Symptom_Descriminator_Description":"ED full ED assessment and management capability","value":1}],"supplyRead":[{"label":"","value":9},{"label":"M0...","value":1}]},{"source":0,"target":9,"value":2,"fill":"#FFFFB3","dx":"5.26 (Other Service)","supply":[{"label":"11 Hours","value":1},{"label":"15 Hours","value":1}],"supplyDx":[{"label":"Dx12: 5.25b (Speak to Primary care)","value":1},{"label":"Dx76: 5.26 (Other Service)","value":1}],"supplySG":[{"Symptom_Group_Code":"1191","Symptom_Group_Description":"Health and Social Information (6.5)","Symptom_Discriminator_Code":"4323","Symptom_Descriminator_Description":"CN Community Nurse","value":1},{"Symptom_Group_Code":"NA","Symptom_Group_Description":"NA","Symptom_Discriminator_Code":"NA","Symptom_Descriminator_Description":"NA","value":1}],"supplyRead":[{"label":"","value":49},{"label":"16D..","value":1},{"label":"1737","value":1},{"label":"1738","value":1},{"label":"A79z.","value":1},{"label":"G57..","value":1},{"label":"H33z.","value":1},{"label":"H5...","value":1},{"label":"M2z..","value":1},{"label":"R051.","value":1},{"label":"R062.","value":2}]},{"source":0,"target":10,"value":17,"fill":"#8DD3C7","dx":"5.24 (A&E)","supply":[{"label":"00 Hours","value":1},{"label":"01 Hours","value":1},{"label":"03 Hours","value":1},{"label":"05 Hours","value":1},{"label":"09 Hours","value":1},{"label":"10 Hours","value":1},{"label":"13 Hours","value":1},{"label":"14 Hours","value":1},{"label":"15 Hours","value":1},{"label":"18 Hours","value":1},{"label":"20 Hours","value":3},{"label":"21 Hours","value":1},{"label":"22 Hours","value":2},{"label":"23 Hours","value":1}],"supplyDx":[{"label":"Dx02: 5.24 (A&E)","value":15},{"label":"Dx03: 5.24 (A&E)","value":2}],"supplySG":[{"Symptom_Group_Code":"1034","Symptom_Group_Description":"Breathing Problems; Breathlessness or Wheeze (6.4)","Symptom_Discriminator_Code":"4052","Symptom_Descriminator_Description":"ED full ED assessment and management capability","value":1},{"Symptom_Group_Code":"1038","Symptom_Group_Description":"Burn; Thermal (6.4)","Symptom_Discriminator_Code":"4052","Symptom_Descriminator_Description":"ED full ED assessment and management capability","value":1},{"Symptom_Group_Code":"1039","Symptom_Group_Description":"Chest and Upper Back Pain (6.4)","Symptom_Discriminator_Code":"4052","Symptom_Descriminator_Description":"ED full ED assessment and management capability","value":6},{"Symptom_Group_Code":"1040","Symptom_Group_Description":"Chest or Upper Back Injury; Blunt (6.4)","Symptom_Discriminator_Code":"4052","Symptom_Descriminator_Description":"ED full ED assessment and management capability","value":1},{"Symptom_Group_Code":"1064","Symptom_Group_Description":"Earache (6.4)","Symptom_Discriminator_Code":"4022","Symptom_Descriminator_Description":"ED foreign body; removal required","value":1},{"Symptom_Group_Code":"1101","Symptom_Group_Description":"Genital Problems (6.4)","Symptom_Discriminator_Code":"4052","Symptom_Descriminator_Description":"ED full ED assessment and management capability","value":1},{"Symptom_Group_Code":"1107","Symptom_Group_Description":"Hand or Wrist Injury; Blunt (6.4)","Symptom_Discriminator_Code":"4052","Symptom_Descriminator_Description":"ED full ED assessment and management capability","value":2},{"Symptom_Group_Code":"1112","Symptom_Group_Description":"Headache (6.4)","Symptom_Discriminator_Code":"4052","Symptom_Descriminator_Description":"ED full ED assessment and management capability","value":1},{"Symptom_Group_Code":"1126","Symptom_Group_Description":"Lower Back Pain (6.4)","Symptom_Discriminator_Code":"4052","Symptom_Descriminator_Description":"ED full ED assessment and management capability","value":1},{"Symptom_Group_Code":"1137","Symptom_Group_Description":"Palpitations (6.4)","Symptom_Discriminator_Code":"4052","Symptom_Descriminator_Description":"ED full ED assessment and management capability","value":1},{"Symptom_Group_Code":"1140","Symptom_Group_Description":"Predetermined Management Plan (6.4)","Symptom_Discriminator_Code":"4323","Symptom_Descriminator_Description":"CN Community Nurse","value":1}],"supplyRead":[{"label":"","value":85}]},{"source":0,"target":10,"value":1,"fill":"#FFFFB3","dx":"5.26 (Other Service)","supply":[{"label":"02 Hours","value":1},{"label":"03 Hours","value":1},{"label":"04 Hours","value":2},{"label":"09 Hours","value":1},{"label":"11 Hours","value":1},{"label":"12 Hours","value":1},{"label":"13 Hours","value":1},{"label":"16 Hours","value":1},{"label":"17 Hours","value":2},{"label":"19 Hours","value":1},{"label":"21 Hours","value":1},{"label":"22 Hours","value":1}],"supplyDx":[{"label":"Dx02: 5.24 (A&E)","value":12},{"label":"Dx03: 5.24 (A&E)","value":1},{"label":"Dx334: 5.26 (Other Service)","value":1}],"supplySG":[{"Symptom_Group_Code":"1039","Symptom_Group_Description":"Chest and Upper Back Pain (6.4)","Symptom_Discriminator_Code":"4052","Symptom_Descriminator_Description":"ED full ED assessment and management capability","value":5},{"Symptom_Group_Code":"1107","Symptom_Group_Description":"Hand or Wrist Injury; Blunt (6.4)","Symptom_Discriminator_Code":"4052","Symptom_Descriminator_Description":"ED full ED assessment and management capability","value":1},{"Symptom_Group_Code":"1128","Symptom_Group_Description":"Lower Limb Pain or Swelling (6.4)","Symptom_Discriminator_Code":"4052","Symptom_Descriminator_Description":"ED full ED assessment and management capability","value":1},{"Symptom_Group_Code":"1137","Symptom_Group_Description":"Palpitations (6.4)","Symptom_Discriminator_Code":"4052","Symptom_Descriminator_Description":"ED full ED assessment and management capability","value":3},{"Symptom_Group_Code":"1152","Symptom_Group_Description":"Skin; Rash (6.4)","Symptom_Discriminator_Code":"4052","Symptom_Descriminator_Description":"ED full ED assessment and management capability","value":1},{"Symptom_Group_Code":"1164","Symptom_Group_Description":"Toe Injury; Blunt (6.4)","Symptom_Discriminator_Code":"4014","Symptom_Descriminator_Description":"ED constricting object; removal required","value":1},{"Symptom_Group_Code":"1206","Symptom_Group_Description":"NHS Pathways in House Clinician","Symptom_Discriminator_Code":"4312","Symptom_Descriminator_Description":"ED extended ophthalmic assessment and prescribing capability (PEARS)","value":2}],"supplyRead":[{"label":"","value":68},{"label":"1B1G.","value":1},{"label":"N245.","value":1}]},{"source":0,"target":13,"value":1,"fill":"#8DD3C7","dx":"5.24 (A&E)","supply":[{"label":"10 Hours","value":1}],"supplyDx":[{"label":"Dx02: 5.24 (A&E)","value":1}],"supplySG":[{"Symptom_Group_Code":"1076","Symptom_Group_Description":"Eye; Visual Loss or Disturbance (6.4)","Symptom_Discriminator_Code":"4312","Symptom_Descriminator_Description":"ED extended ophthalmic assessment and prescribing capability (PEARS)","value":1}],"supplyRead":[{"label":"","value":5}]},{"source":1,"target":4,"value":3,"fill":"#8DD3C7","dx":"5.24 (A&E)","supply":[{"label":"03 Hours","value":1},{"label":"15 Hours","value":2}],"supplyDx":[{"label":"Dx02: 5.24 (A&E)","value":3}],"supplySG":[{"Symptom_Group_Code":"1101","Symptom_Group_Description":"Genital Problems (6.4)","Symptom_Discriminator_Code":"4052","Symptom_Descriminator_Description":"ED full ED assessment and management capability","value":1},{"Symptom_Group_Code":"1140","Symptom_Group_Description":"Predetermined Management Plan (6.4)","Symptom_Discriminator_Code":"4323","Symptom_Descriminator_Description":"CN Community Nurse","value":2}],"supplyRead":[]},{"source":1,"target":5,"value":1,"fill":"#FFFFB3","dx":"5.26 (Other Service)","supply":[{"label":"07 Hours","value":1}],"supplyDx":[{"label":"Dx02: 5.24 (A&E)","value":1}],"supplySG":[{"Symptom_Group_Code":"NA","Symptom_Group_Description":"NA","Symptom_Discriminator_Code":"NA","Symptom_Descriminator_Description":"NA","value":1}],"supplyRead":[]},{"source":1,"target":6,"value":2,"fill":"#80B1D3","dx":"5.25b (Speak to Primary care)","supply":[{"label":"17 Hours","value":1},{"label":"22 Hours","value":1}],"supplyDx":[{"label":"Dx11: 5.25b (Speak to Primary care)","value":2}],"supplySG":[{"Symptom_Group_Code":"1034","Symptom_Group_Description":"Breathing Problems; Breathlessness or Wheeze (6.4)","Symptom_Discriminator_Code":"4052","Symptom_Descriminator_Description":"ED full ED assessment and management capability","value":2}],"supplyRead":[]},{"source":1,"target":6,"value":3,"fill":"#FB8072","dx":"None","supply":[{"label":"02 Hours","value":1},{"label":"18 Hours","value":1},{"label":"20 Hours","value":1}],"supplyDx":[{"label":": None","value":3}],"supplySG":[{"Symptom_Group_Code":"NA","Symptom_Group_Description":"NA","Symptom_Discriminator_Code":"NA","Symptom_Descriminator_Description":"NA","value":3}],"supplyRead":[]},{"source":1,"target":6,"value":2,"fill":"#FFFFB3","dx":"5.26 (Other Service)","supply":[{"label":"19 Hours","value":1},{"label":"21 Hours","value":1}],"supplyDx":[{"label":"Dx1115: 5.26 (Other Service)","value":1},{"label":"Dx32: 5.26 (Other Service)","value":1}],"supplySG":[{"Symptom_Group_Code":"1195","Symptom_Group_Description":"Non-trauma Emergency (6.5)","Symptom_Discriminator_Code":"4052","Symptom_Descriminator_Description":"ED full ED assessment and management capability","value":1},{"Symptom_Group_Code":"NA","Symptom_Group_Description":"NA","Symptom_Discriminator_Code":"NA","Symptom_Descriminator_Description":"NA","value":1}],"supplyRead":[]},{"source":2,"target":6,"value":4,"fill":"#FB8072","dx":"None","supply":[{"label":"07 Hours","value":1},{"label":"10 Hours","value":1},{"label":"12 Hours","value":1},{"label":"19 Hours","value":1}],"supplyDx":[{"label":"Dx11: 5.25b (Speak to Primary care)","value":2},{"label":"Dx12: 5.25b (Speak to Primary care)","value":2}],"supplySG":[{"Symptom_Group_Code":"1047","Symptom_Group_Description":"Cough (6.4)","Symptom_Discriminator_Code":"4052","Symptom_Descriminator_Description":"ED full ED assessment and management capability","value":1},{"Symptom_Group_Code":"1084","Symptom_Group_Description":"Fever (6.4)","Symptom_Discriminator_Code":"4052","Symptom_Descriminator_Description":"ED full ED assessment and management capability","value":1},{"Symptom_Group_Code":"NA","Symptom_Group_Description":"NA","Symptom_Discriminator_Code":"NA","Symptom_Descriminator_Description":"NA","value":2}],"supplyRead":[]},{"source":2,"target":10,"value":2,"fill":"#FB8072","dx":"None","supply":[{"label":"12 Hours","value":1},{"label":"20 Hours","value":1}],"supplyDx":[{"label":"Dx02: 5.24 (A&E)","value":1},{"label":"Dx03: 5.24 (A&E)","value":1}],"supplySG":[{"Symptom_Group_Code":"1115","Symptom_Group_Description":"Hip; Thigh or Buttock Pain or Swelling (6.4)","Symptom_Discriminator_Code":"4052","Symptom_Descriminator_Description":"ED full ED assessment and management capability","value":1},{"Symptom_Group_Code":"1170","Symptom_Group_Description":"Toxic Ingestion/Inhalation/Overdose (6.4)","Symptom_Discriminator_Code":"4052","Symptom_Descriminator_Description":"ED full ED assessment and management capability","value":1}],"supplyRead":[{"label":"","value":10}]},{"source":3,"target":11,"value":4,"fill":"#FB8072","dx":"None","supply":[{"label":"14 Hours","value":2},{"label":"22 Hours","value":1},{"label":"23 Hours","value":1}],"supplyDx":[{"label":": None","value":4}],"supplySG":[{"Symptom_Group_Code":"NA","Symptom_Group_Description":"NA","Symptom_Discriminator_Code":"NA","Symptom_Descriminator_Description":"NA","value":4}],"supplyRead":[{"label":"","value":15},{"label":"1738","value":1},{"label":"677B.","value":1},{"label":"A79z.","value":1},{"label":"R0062","value":1},{"label":"R065.","value":1}]},{"source":4,"target":10,"value":3,"fill":"#8DD3C7","dx":"5.24 (A&E)","supply":[{"label":"00 Hours","value":1},{"label":"01 Hours","value":1},{"label":"03 Hours","value":2},{"label":"05 Hours","value":1},{"label":"09 Hours","value":1},{"label":"10 Hours","value":1},{"label":"13 Hours","value":1},{"label":"14 Hours","value":1},{"label":"15 Hours","value":3},{"label":"18 Hours","value":1},{"label":"20 Hours","value":3},{"label":"21 Hours","value":1},{"label":"22 Hours","value":2},{"label":"23 Hours","value":1}],"supplyDx":[{"label":"1159£Symptoms without specific Pathway (6.4)£4003£PC full Primary Care assessment and prescribing capability","value":1}],"supplySG":[{"Symptom_Group_Code":"1034","Symptom_Group_Description":"Breathing Problems; Breathlessness or Wheeze (6.4)","Symptom_Discriminator_Code":"4052","Symptom_Descriminator_Description":"ED full ED assessment and management capability","value":1},{"Symptom_Group_Code":"1038","Symptom_Group_Description":"Burn; Thermal (6.4)","Symptom_Discriminator_Code":"4052","Symptom_Descriminator_Description":"ED full ED assessment and management capability","value":1},{"Symptom_Group_Code":"1039","Symptom_Group_Description":"Chest and Upper Back Pain (6.4)","Symptom_Discriminator_Code":"4052","Symptom_Descriminator_Description":"ED full ED assessment and management capability","value":6},{"Symptom_Group_Code":"1040","Symptom_Group_Description":"Chest or Upper Back Injury; Blunt (6.4)","Symptom_Discriminator_Code":"4052","Symptom_Descriminator_Description":"ED full ED assessment and management capability","value":1},{"Symptom_Group_Code":"1064","Symptom_Group_Description":"Earache (6.4)","Symptom_Discriminator_Code":"4022","Symptom_Descriminator_Description":"ED foreign body; removal required","value":1},{"Symptom_Group_Code":"1101","Symptom_Group_Description":"Genital Problems (6.4)","Symptom_Discriminator_Code":"4052","Symptom_Descriminator_Description":"ED full ED assessment and management capability","value":2},{"Symptom_Group_Code":"1107","Symptom_Group_Description":"Hand or Wrist Injury; Blunt (6.4)","Symptom_Discriminator_Code":"4052","Symptom_Descriminator_Description":"ED full ED assessment and management capability","value":2},{"Symptom_Group_Code":"1112","Symptom_Group_Description":"Headache (6.4)","Symptom_Discriminator_Code":"4052","Symptom_Descriminator_Description":"ED full ED assessment and management capability","value":1},{"Symptom_Group_Code":"1126","Symptom_Group_Description":"Lower Back Pain (6.4)","Symptom_Discriminator_Code":"4052","Symptom_Descriminator_Description":"ED full ED assessment and management capability","value":1},{"Symptom_Group_Code":"1137","Symptom_Group_Description":"Palpitations (6.4)","Symptom_Discriminator_Code":"4052","Symptom_Descriminator_Description":"ED full ED assessment and management capability","value":1},{"Symptom_Group_Code":"1140","Symptom_Group_Description":"Predetermined Management Plan (6.4)","Symptom_Discriminator_Code":"4323","Symptom_Descriminator_Description":"CN Community Nurse","value":3}],"supplyRead":[{"label":"","value":100}]},{"source":5,"target":10,"value":13,"fill":"#8DD3C7","dx":"5.24 (A&E)","supply":[{"label":"02 Hours","value":1},{"label":"03 Hours","value":1},{"label":"04 Hours","value":2},{"label":"07 Hours","value":1},{"label":"11 Hours","value":1},{"label":"12 Hours","value":2},{"label":"13 Hours","value":1},{"label":"17 Hours","value":2},{"label":"19 Hours","value":1},{"label":"20 Hours","value":1},{"label":"21 Hours","value":1},{"label":"22 Hours","value":1}],"supplyDx":[{"label":"1159£Symptoms without specific Pathway (6.4)£4003£PC full Primary Care assessment and prescribing capability","value":1}],"supplySG":[{"Symptom_Group_Code":"1039","Symptom_Group_Description":"Chest and Upper Back Pain (6.4)","Symptom_Discriminator_Code":"4052","Symptom_Descriminator_Description":"ED full ED assessment and management capability","value":5},{"Symptom_Group_Code":"1115","Symptom_Group_Description":"Hip; Thigh or Buttock Pain or Swelling (6.4)","Symptom_Discriminator_Code":"4052","Symptom_Descriminator_Description":"ED full ED assessment and management capability","value":1},{"Symptom_Group_Code":"1137","Symptom_Group_Description":"Palpitations (6.4)","Symptom_Discriminator_Code":"4052","Symptom_Descriminator_Description":"ED full ED assessment and management capability","value":3},{"Symptom_Group_Code":"1152","Symptom_Group_Description":"Skin; Rash (6.4)","Symptom_Discriminator_Code":"4052","Symptom_Descriminator_Description":"ED full ED assessment and management capability","value":1},{"Symptom_Group_Code":"1164","Symptom_Group_Description":"Toe Injury; Blunt (6.4)","Symptom_Discriminator_Code":"4014","Symptom_Descriminator_Description":"ED constricting object; removal required","value":1},{"Symptom_Group_Code":"1170","Symptom_Group_Description":"Toxic Ingestion/Inhalation/Overdose (6.4)","Symptom_Discriminator_Code":"4052","Symptom_Descriminator_Description":"ED full ED assessment and management capability","value":1},{"Symptom_Group_Code":"1206","Symptom_Group_Description":"NHS Pathways in House Clinician","Symptom_Discriminator_Code":"4312","Symptom_Descriminator_Description":"ED extended ophthalmic assessment and prescribing capability (PEARS)","value":2},{"Symptom_Group_Code":"NA","Symptom_Group_Description":"NA","Symptom_Discriminator_Code":"NA","Symptom_Descriminator_Description":"NA","value":1}],"supplyRead":[{"label":"","value":75}]},{"source":6,"target":11,"value":13,"fill":"#80B1D3","dx":"5.25b (Speak to Primary care)","supply":[{"label":"07 Hours","value":1},{"label":"09 Hours","value":1},{"label":"10 Hours","value":1},{"label":"11 Hours","value":1},{"label":"12 Hours","value":2},{"label":"13 Hours","value":3},{"label":"17 Hours","value":1},{"label":"19 Hours","value":1},{"label":"21 Hours","value":1},{"label":"22 Hours","value":1}],"supplyDx":[{"label":"1159£Symptoms without specific Pathway (6.4)£4003£PC full Primary Care assessment and prescribing capability","value":1}],"supplySG":[{"Symptom_Group_Code":"1004","Symptom_Group_Description":"Abdominal Pain (6.4)","Symptom_Discriminator_Code":"4052","Symptom_Descriminator_Description":"ED full ED assessment and management capability","value":1},{"Symptom_Group_Code":"1034","Symptom_Group_Description":"Breathing Problems; Breathlessness or Wheeze (6.4)","Symptom_Discriminator_Code":"4052","Symptom_Descriminator_Description":"ED full ED assessment and management capability","value":4},{"Symptom_Group_Code":"1039","Symptom_Group_Description":"Chest and Upper Back Pain (6.4)","Symptom_Discriminator_Code":"4052","Symptom_Descriminator_Description":"ED full ED assessment and management capability","value":2},{"Symptom_Group_Code":"1047","Symptom_Group_Description":"Cough (6.4)","Symptom_Discriminator_Code":"4052","Symptom_Descriminator_Description":"ED full ED assessment and management capability","value":1},{"Symptom_Group_Code":"1084","Symptom_Group_Description":"Fever (6.4)","Symptom_Discriminator_Code":"4052","Symptom_Descriminator_Description":"ED full ED assessment and management capability","value":1},{"Symptom_Group_Code":"NA","Symptom_Group_Description":"NA","Symptom_Discriminator_Code":"NA","Symptom_Descriminator_Description":"NA","value":4}],"supplyRead":[{"label":"","value":44},{"label":"1737","value":2},{"label":"1738","value":6},{"label":"A79z.","value":1},{"label":"H33z.","value":1},{"label":"R0062","value":3},{"label":"R0330","value":1},{"label":"R051.","value":1},{"label":"R062.","value":4},{"label":"R065.","value":1},{"label":"R090.","value":1}]},{"source":6,"target":11,"value":4,"fill":"#BEBADA","dx":"5.25a (Contact Primary care)","supply":[{"label":"02 Hours","value":1},{"label":"10 Hours","value":1},{"label":"11 Hours","value":1},{"label":"15 Hours","value":1}],"supplyDx":[{"label":"1159£Symptoms without specific Pathway (6.4)£4003£PC full Primary Care assessment and prescribing capability","value":1}],"supplySG":[{"Symptom_Group_Code":"1055","Symptom_Group_Description":"Diarrhoea and Vomiting (6.4)","Symptom_Discriminator_Code":"4052","Symptom_Descriminator_Description":"ED full ED assessment and management capability","value":2},{"Symptom_Group_Code":"1103","Symptom_Group_Description":"Groin Pain or Groin Swelling (6.4)","Symptom_Discriminator_Code":"4052","Symptom_Descriminator_Description":"ED full ED assessment and management capability","value":1},{"Symptom_Group_Code":"1156","Symptom_Group_Description":"Sore Throat (6.4)","Symptom_Discriminator_Code":"4389","Symptom_Descriminator_Description":"ED post tonsillectomy bleeding","value":1}],"supplyRead":[{"label":"","value":14},{"label":"19F2.","value":1},{"label":"1C3..","value":1},{"label":"677B.","value":1},{"label":"A79z.","value":1},{"label":"M0...","value":1},{"label":"R0062","value":1}]},{"source":6,"target":11,"value":3,"fill":"#FB8072","dx":"None","supply":[{"label":"02 Hours","value":1},{"label":"14 Hours","value":2},{"label":"18 Hours","value":1},{"label":"20 Hours","value":1},{"label":"22 Hours","value":1},{"label":"23 Hours","value":1}],"supplyDx":[{"label":"1159£Symptoms without specific Pathway (6.4)£4003£PC full Primary Care assessment and prescribing capability","value":1}],"supplySG":[{"Symptom_Group_Code":"NA","Symptom_Group_Description":"NA","Symptom_Discriminator_Code":"NA","Symptom_Descriminator_Description":"NA","value":7}],"supplyRead":[{"label":"","value":26},{"label":"1738","value":2},{"label":"677B.","value":1},{"label":"A79z.","value":1},{"label":"N143.","value":1},{"label":"N145.","value":1},{"label":"R0062","value":1},{"label":"R051.","value":1},{"label":"R065.","value":1}]},{"source":6,"target":11,"value":26,"fill":"#FFFFB3","dx":"5.26 (Other Service)","supply":[{"label":"06 Hours","value":2},{"label":"11 Hours","value":2},{"label":"13 Hours","value":1},{"label":"15 Hours","value":1},{"label":"17 Hours","value":1},{"label":"18 Hours","value":1},{"label":"19 Hours","value":3},{"label":"20 Hours","value":3},{"label":"21 Hours","value":6},{"label":"22 Hours","value":5},{"label":"23 Hours","value":1}],"supplyDx":[{"label":"1159£Symptoms without specific Pathway (6.4)£4003£PC full Primary Care assessment and prescribing capability","value":1}],"supplySG":[{"Symptom_Group_Code":"1054","Symptom_Group_Description":"Diarrhoea (6.4)","Symptom_Discriminator_Code":"4052","Symptom_Descriminator_Description":"ED full ED assessment and management capability","value":1},{"Symptom_Group_Code":"1117","Symptom_Group_Description":"Knee or Lower Leg Pain or Swelling (6.4)","Symptom_Discriminator_Code":"4052","Symptom_Descriminator_Description":"ED full ED assessment and management capability","value":1},{"Symptom_Group_Code":"1152","Symptom_Group_Description":"Skin; Rash (6.4)","Symptom_Discriminator_Code":"4052","Symptom_Descriminator_Description":"ED full ED assessment and management capability","value":1},{"Symptom_Group_Code":"1170","Symptom_Group_Description":"Toxic Ingestion/Inhalation/Overdose (6.4)","Symptom_Discriminator_Code":"4052","Symptom_Descriminator_Description":"ED full ED assessment and management capability","value":1},{"Symptom_Group_Code":"1195","Symptom_Group_Description":"Non-trauma Emergency (6.5)","Symptom_Discriminator_Code":"4052","Symptom_Descriminator_Description":"ED full ED assessment and management capability","value":3},{"Symptom_Group_Code":"NA","Symptom_Group_Description":"NA","Symptom_Discriminator_Code":"NA","Symptom_Descriminator_Description":"NA","value":19}],"supplyRead":[{"label":"","value":93},{"label":"16D..","value":1},{"label":"1738","value":3},{"label":"1B1G.","value":1},{"label":"A79z.","value":6},{"label":"F4...","value":1},{"label":"G57..","value":1},{"label":"H05z.","value":1},{"label":"H06z1","value":1},{"label":"H17..","value":1},{"label":"H33z.","value":3},{"label":"H5...","value":3},{"label":"J20..","value":1},{"label":"M0...","value":1},{"label":"M2z..","value":1},{"label":"N094.","value":1},{"label":"R0062","value":3},{"label":"R021z","value":1},{"label":"R062.","value":1},{"label":"R063.","value":1},{"label":"R065.","value":2},{"label":"R090.","value":2},{"label":"SH...","value":1}]},{"source":7,"target":11,"value":2,"fill":"#80B1D3","dx":"5.25b (Speak to Primary care)","supply":[{"label":"10 Hours","value":1},{"label":"22 Hours","value":1}],"supplyDx":[{"label":"1159£Symptoms without specific Pathway (6.4)£4003£PC full Primary Care assessment and prescribing capability","value":1}],"supplySG":[{"Symptom_Group_Code":"1076","Symptom_Group_Description":"Eye; Visual Loss or Disturbance (6.4)","Symptom_Discriminator_Code":"4312","Symptom_Descriminator_Description":"ED extended ophthalmic assessment and prescribing capability (PEARS)","value":1},{"Symptom_Group_Code":"1206","Symptom_Group_Description":"NHS Pathways in House Clinician","Symptom_Discriminator_Code":"4312","Symptom_Descriminator_Description":"ED extended ophthalmic assessment and prescribing capability (PEARS)","value":1}],"supplyRead":[{"label":"","value":10}]},{"source":7,"target":11,"value":2,"fill":"#BEBADA","dx":"5.25a (Contact Primary care)","supply":[{"label":"13 Hours","value":1},{"label":"19 Hours","value":1}],"supplyDx":[{"label":"1159£Symptoms without specific Pathway (6.4)£4003£PC full Primary Care assessment and prescribing capability","value":1}],"supplySG":[{"Symptom_Group_Code":"1039","Symptom_Group_Description":"Chest and Upper Back Pain (6.4)","Symptom_Discriminator_Code":"4052","Symptom_Descriminator_Description":"ED full ED assessment and management capability","value":1},{"Symptom_Group_Code":"1080","Symptom_Group_Description":"Face; Neck Pain or Swelling (6.4)","Symptom_Discriminator_Code":"4134","Symptom_Descriminator_Description":"ED full ophthalmic ED assessment and management capability","value":1}],"supplyRead":[{"label":"","value":10}]},{"source":7,"target":11,"value":1,"fill":"#FFFFB3","dx":"5.26 (Other Service)","supply":[{"label":"07 Hours","value":1}],"supplyDx":[{"label":"1159£Symptoms without specific Pathway (6.4)£4003£PC full Primary Care assessment and prescribing capability","value":1}],"supplySG":[{"Symptom_Group_Code":"1055","Symptom_Group_Description":"Diarrhoea and Vomiting (6.4)","Symptom_Discriminator_Code":"4052","Symptom_Descriminator_Description":"ED full ED assessment and management capability","value":1}],"supplyRead":[{"label":"","value":5}]},{"source":8,"target":10,"value":1,"fill":"#8DD3C7","dx":"5.24 (A&E)","supply":[{"label":"09 Hours","value":1}],"supplyDx":[{"label":"1159£Symptoms without specific Pathway (6.4)£4003£PC full Primary Care assessment and prescribing capability","value":1}],"supplySG":[{"Symptom_Group_Code":"1128","Symptom_Group_Description":"Lower Limb Pain or Swelling (6.4)","Symptom_Discriminator_Code":"4052","Symptom_Descriminator_Description":"ED full ED assessment and management capability","value":1}],"supplyRead":[{"label":"","value":3},{"label":"1B1G.","value":1},{"label":"N245.","value":1}]},{"source":8,"target":11,"value":2,"fill":"#FDB462","dx":"5.27c (Non Clinical)","supply":[{"label":"08 Hours","value":1},{"label":"10 Hours","value":1}],"supplyDx":[{"label":"1159£Symptoms without specific Pathway (6.4)£4003£PC full Primary Care assessment and prescribing capability","value":1}],"supplySG":[{"Symptom_Group_Code":"1206","Symptom_Group_Description":"NHS Pathways in House Clinician","Symptom_Discriminator_Code":"4312","Symptom_Descriminator_Description":"ED extended ophthalmic assessment and prescribing capability (PEARS)","value":2}],"supplyRead":[{"label":"1738","value":2},{"label":"A79z.","value":1},{"label":"H33z.","value":2},{"label":"R0062","value":1},{"label":"R062.","value":1},{"label":"R063.","value":1},{"label":"R065.","value":2}]},{"source":8,"target":12,"value":1,"fill":"#BEBADA","dx":"5.25a (Contact Primary care)","supply":[{"label":"10 Hours","value":1}],"supplyDx":[{"label":"1159£Symptoms without specific Pathway (6.4)£4003£PC full Primary Care assessment and prescribing capability","value":1}],"supplySG":[{"Symptom_Group_Code":"1047","Symptom_Group_Description":"Cough (6.4)","Symptom_Discriminator_Code":"4052","Symptom_Descriminator_Description":"ED full ED assessment and management capability","value":1}],"supplyRead":[{"label":"","value":5}]},{"source":9,"target":11,"value":1,"fill":"#80B1D3","dx":"5.25b (Speak to Primary care)","supply":[{"label":"15 Hours","value":1}],"supplyDx":[{"label":"1159£Symptoms without specific Pathway (6.4)£4003£PC full Primary Care assessment and prescribing capability","value":1}],"supplySG":[{"Symptom_Group_Code":"NA","Symptom_Group_Description":"NA","Symptom_Discriminator_Code":"NA","Symptom_Descriminator_Description":"NA","value":1}],"supplyRead":[{"label":"","value":2},{"label":"8....","value":1},{"label":"A79z.","value":1},{"label":"R009.","value":1}]},{"source":9,"target":11,"value":1,"fill":"#BEBADA","dx":"5.25a (Contact Primary care)","supply":[{"label":"20 Hours","value":1}],"supplyDx":[{"label":"1159£Symptoms without specific Pathway (6.4)£4003£PC full Primary Care assessment and prescribing capability","value":1}],"supplySG":[{"Symptom_Group_Code":"1103","Symptom_Group_Description":"Groin Pain or Groin Swelling (6.4)","Symptom_Discriminator_Code":"4052","Symptom_Descriminator_Description":"ED full ED assessment and management capability","value":1}],"supplyRead":[{"label":"","value":4},{"label":"R082.","value":1}]},{"source":9,"target":11,"value":1,"fill":"#FFFFB3","dx":"5.26 (Other Service)","supply":[{"label":"11 Hours","value":1}],"supplyDx":[{"label":"1159£Symptoms without specific Pathway (6.4)£4003£PC full Primary Care assessment and prescribing capability","value":1}],"supplySG":[{"Symptom_Group_Code":"1191","Symptom_Group_Description":"Health and Social Information (6.5)","Symptom_Discriminator_Code":"4323","Symptom_Descriminator_Description":"CN Community Nurse","value":1}],"supplyRead":[{"label":"","value":4},{"label":"H5...","value":1}]}]}