{"nodes":[{"layer":1,"name":"Pathways Non-Clinician","fill":"#9E0142","label":"Initial Skillset"},{"layer":1,"name":"Service Advisor","fill":"#9E0142","label":"Initial Skillset"},{"layer":1,"name":"OLC Clinician (Advice)","fill":"#9E0142","label":"Initial Skillset"},{"layer":1,"name":"Pathways Clinician","fill":"#9E0142","label":"Initial Skillset"},{"layer":2,"name":"Pathways Clinician","fill":"#F46D43","label":"Final Skillset"},{"layer":2,"name":"Pathways Non-Clinician","fill":"#F46D43","label":"Final Skillset"},{"layer":2,"name":"TAS Clinician","fill":"#F46D43","label":"Final Skillset"},{"layer":2,"name":"OLC Clinician (Advice)","fill":"#F46D43","label":"Final Skillset"},{"layer":2,"name":"OLC Clinician (F2F HV)","fill":"#F46D43","label":"Final Skillset"},{"layer":2,"name":"OLC Clinician (F2F)","fill":"#F46D43","label":"Final Skillset"},{"layer":3,"name":"Emergency Department (ED)","fill":"#FEE08B","label":"Service Type"},{"layer":3,"name":"","fill":"#FEE08B","label":"Service Type"}],"links":[{"source":0,"target":4,"value":12,"fill":"#8DD3C7","dx":"Other Service","supply":[{"label":"00 Hours","value":2},{"label":"02 Hours","value":1},{"label":"05 Hours","value":1},{"label":"07 Hours","value":3},{"label":"09 Hours","value":1},{"label":"15 Hours","value":1},{"label":"16 Hours","value":1},{"label":"17 Hours","value":1},{"label":"23 Hours","value":1}],"supplyDx":[{"label":"Dx02: 5.24 (A&E)","value":11},{"label":"Dx1114: 5.26 (Other Service)","value":1}],"supplySG":[{"Symptom_Group_Code":"1004","Symptom_Group_Description":"Abdominal Pain (6.4)","Symptom_Discriminator_Code":"4052","Symptom_Descriminator_Description":"ED full ED assessment and management capability","value":1},{"Symptom_Group_Code":"1084","Symptom_Group_Description":"Fever (6.4)","Symptom_Discriminator_Code":"4052","Symptom_Descriminator_Description":"ED full ED assessment and management capability","value":1},{"Symptom_Group_Code":"1169","Symptom_Group_Description":"Toothache Without Dental Injury (6.4)","Symptom_Discriminator_Code":"4052","Symptom_Descriminator_Description":"ED full ED assessment and management capability","value":1},{"Symptom_Group_Code":"1206","Symptom_Group_Description":"NHS Pathways in House Clinician","Symptom_Discriminator_Code":"4312","Symptom_Descriminator_Description":"ED extended ophthalmic assessment and prescribing capability (PEARS)","value":8},{"Symptom_Group_Code":"NA","Symptom_Group_Description":"NA","Symptom_Discriminator_Code":"NA","Symptom_Descriminator_Description":"NA","value":1}],"supplyRead":[{"label":"","value":39},{"label":"1737","value":1},{"label":"1738","value":1},{"label":"A79z.","value":1},{"label":"R0062","value":1},{"label":"R0070","value":1},{"label":"R062.","value":1}]},{"source":0,"target":6,"value":1,"fill":"#80B1D3","dx":"Speak to Primary care","supply":[{"label":"10 Hours","value":1}],"supplyDx":[{"label":"Dx11: 5.25b (Speak to Primary care)","value":1}],"supplySG":[{"Symptom_Group_Code":"NA","Symptom_Group_Description":"NA","Symptom_Discriminator_Code":"NA","Symptom_Descriminator_Description":"NA","value":1}],"supplyRead":[{"label":"","value":4},{"label":"R0701","value":1}]},{"source":0,"target":6,"value":4,"fill":"#8DD3C7","dx":"Other Service","supply":[{"label":"00 Hours","value":1},{"label":"17 Hours","value":1},{"label":"19 Hours","value":1},{"label":"23 Hours","value":1}],"supplyDx":[{"label":"Dx11: 5.25b (Speak to Primary care)","value":1},{"label":"Dx12: 5.25b (Speak to Primary care)","value":1},{"label":"Dx35: 5.26 (Other Service)","value":1},{"label":"Dx77: 5.26 (Other Service)","value":1}],"supplySG":[{"Symptom_Group_Code":"1089","Symptom_Group_Description":"Flank or Side Pain (6.4)","Symptom_Discriminator_Code":"4052","Symptom_Descriminator_Description":"ED full ED assessment and management capability","value":1},{"Symptom_Group_Code":"1179","Symptom_Group_Description":"Vomiting (6.4)","Symptom_Discriminator_Code":"4052","Symptom_Descriminator_Description":"ED full ED assessment and management capability","value":1},{"Symptom_Group_Code":"NA","Symptom_Group_Description":"NA","Symptom_Discriminator_Code":"NA","Symptom_Descriminator_Description":"NA","value":2}],"supplyRead":[{"label":"","value":39},{"label":"1737","value":1},{"label":"1738","value":1},{"label":"A79z.","value":1},{"label":"R0062","value":1},{"label":"R0070","value":1},{"label":"R062.","value":1}]},{"source":0,"target":6,"value":3,"fill":"#BEBADA","dx":"Contact Primary care","supply":[{"label":"01 Hours","value":1},{"label":"11 Hours","value":1},{"label":"21 Hours","value":1}],"supplyDx":[{"label":"Dx05: 5.25a (Contact Primary care)","value":1},{"label":"Dx06: 5.25a (Contact Primary care)","value":1},{"label":"Dx08: 5.25a (Contact Primary care)","value":1}],"supplySG":[{"Symptom_Group_Code":"1039","Symptom_Group_Description":"Chest and Upper Back Pain (6.4)","Symptom_Discriminator_Code":"4052","Symptom_Descriminator_Description":"ED full ED assessment and management capability","value":1},{"Symptom_Group_Code":"1072","Symptom_Group_Description":"Eye; Painful (6.4)","Symptom_Discriminator_Code":"4312","Symptom_Descriminator_Description":"ED extended ophthalmic assessment and prescribing capability (PEARS)","value":1},{"Symptom_Group_Code":"1084","Symptom_Group_Description":"Fever (6.4)","Symptom_Discriminator_Code":"4052","Symptom_Descriminator_Description":"ED full ED assessment and management capability","value":1}],"supplyRead":[{"label":"","value":5}]},{"source":0,"target":7,"value":1,"fill":"#80B1D3","dx":"Speak to Primary care","supply":[{"label":"14 Hours","value":1}],"supplyDx":[{"label":"Dx11: 5.25b (Speak to Primary care)","value":1}],"supplySG":[{"Symptom_Group_Code":"1179","Symptom_Group_Description":"Vomiting (6.4)","Symptom_Discriminator_Code":"4052","Symptom_Descriminator_Description":"ED full ED assessment and management capability","value":1}],"supplyRead":[{"label":"","value":4},{"label":"R0701","value":1}]},{"source":0,"target":7,"value":20,"fill":"#8DD3C7","dx":"Other Service","supply":[{"label":"07 Hours","value":1},{"label":"09 Hours","value":1},{"label":"10 Hours","value":1},{"label":"11 Hours","value":1},{"label":"12 Hours","value":3},{"label":"13 Hours","value":1},{"label":"14 Hours","value":1},{"label":"15 Hours","value":1},{"label":"17 Hours","value":1},{"label":"18 Hours","value":4},{"label":"19 Hours","value":1},{"label":"20 Hours","value":2},{"label":"22 Hours","value":2}],"supplyDx":[{"label":"Dx11: 5.25b (Speak to Primary care)","value":2},{"label":"Dx1112: 5.26 (Other Service)","value":1},{"label":"Dx1113: 5.26 (Other Service)","value":4},{"label":"Dx1114: 5.26 (Other Service)","value":4},{"label":"Dx1115: 5.26 (Other Service)","value":3},{"label":"Dx1116: 5.26 (Other Service)","value":2},{"label":"Dx32: 5.26 (Other Service)","value":2},{"label":"Dx339: 5.26 (Other Service)","value":1},{"label":"Dx76: 5.26 (Other Service)","value":1}],"supplySG":[{"Symptom_Group_Code":"1195","Symptom_Group_Description":"Non-trauma Emergency (6.5)","Symptom_Discriminator_Code":"4052","Symptom_Descriminator_Description":"ED full ED assessment and management capability","value":1},{"Symptom_Group_Code":"1205","Symptom_Group_Description":"Hearing Problems or Blocked Ear","Symptom_Discriminator_Code":"4022","Symptom_Descriminator_Description":"ED foreign body; removal required","value":1},{"Symptom_Group_Code":"1206","Symptom_Group_Description":"NHS Pathways in House Clinician","Symptom_Discriminator_Code":"4312","Symptom_Descriminator_Description":"ED extended ophthalmic assessment and prescribing capability (PEARS)","value":1},{"Symptom_Group_Code":"NA","Symptom_Group_Description":"NA","Symptom_Discriminator_Code":"NA","Symptom_Descriminator_Description":"NA","value":17}],"supplyRead":[{"label":"","value":39},{"label":"1737","value":1},{"label":"1738","value":1},{"label":"A79z.","value":1},{"label":"R0062","value":1},{"label":"R0070","value":1},{"label":"R062.","value":1}]},{"source":0,"target":7,"value":3,"fill":"#BEBADA","dx":"Contact Primary care","supply":[{"label":"05 Hours","value":1},{"label":"11 Hours","value":1},{"label":"23 Hours","value":1}],"supplyDx":[{"label":"Dx05: 5.25a (Contact Primary care)","value":1},{"label":"Dx06: 5.25a (Contact Primary care)","value":2}],"supplySG":[{"Symptom_Group_Code":"1004","Symptom_Group_Description":"Abdominal Pain (6.4)","Symptom_Discriminator_Code":"4052","Symptom_Descriminator_Description":"ED full ED assessment and management capability","value":1},{"Symptom_Group_Code":"1034","Symptom_Group_Description":"Breathing Problems; Breathlessness or Wheeze (6.4)","Symptom_Discriminator_Code":"4052","Symptom_Descriminator_Description":"ED full ED assessment and management capability","value":1},{"Symptom_Group_Code":"1182","Symptom_Group_Description":"Wrist; Hand or Finger Pain or Swelling (6.4)","Symptom_Discriminator_Code":"4014","Symptom_Descriminator_Description":"ED constricting object; removal required","value":1}],"supplyRead":[{"label":"","value":5}]},{"source":0,"target":9,"value":1,"fill":"#BEBADA","dx":"Contact Primary care","supply":[{"label":"21 Hours","value":1}],"supplyDx":[{"label":"Dx05: 5.25a (Contact Primary care)","value":1}],"supplySG":[{"Symptom_Group_Code":"1112","Symptom_Group_Description":"Headache (6.4)","Symptom_Discriminator_Code":"4052","Symptom_Descriminator_Description":"ED full ED assessment and management capability","value":1}],"supplyRead":[{"label":"","value":5}]},{"source":0,"target":10,"value":17,"fill":"#FFFFB3","dx":"A&E","supply":[{"label":"00 Hours","value":2},{"label":"02 Hours","value":1},{"label":"06 Hours","value":1},{"label":"07 Hours","value":2},{"label":"09 Hours","value":2},{"label":"11 Hours","value":1},{"label":"12 Hours","value":2},{"label":"20 Hours","value":1},{"label":"21 Hours","value":2},{"label":"22 Hours","value":2},{"label":"23 Hours","value":1}],"supplyDx":[{"label":"Dx02: 5.24 (A&E)","value":16},{"label":"Dx03: 5.24 (A&E)","value":1}],"supplySG":[{"Symptom_Group_Code":"1014","Symptom_Group_Description":"Arm Injury; Blunt (6.4)","Symptom_Discriminator_Code":"4052","Symptom_Descriminator_Description":"ED full ED assessment and management capability","value":1},{"Symptom_Group_Code":"1034","Symptom_Group_Description":"Breathing Problems; Breathlessness or Wheeze (6.4)","Symptom_Discriminator_Code":"4052","Symptom_Descriminator_Description":"ED full ED assessment and management capability","value":2},{"Symptom_Group_Code":"1039","Symptom_Group_Description":"Chest and Upper Back Pain (6.4)","Symptom_Discriminator_Code":"4052","Symptom_Descriminator_Description":"ED full ED assessment and management capability","value":6},{"Symptom_Group_Code":"1101","Symptom_Group_Description":"Genital Problems (6.4)","Symptom_Discriminator_Code":"4052","Symptom_Descriminator_Description":"ED full ED assessment and management capability","value":1},{"Symptom_Group_Code":"1108","Symptom_Group_Description":"Hand or Wrist Injury; Penetrating (6.4)","Symptom_Discriminator_Code":"4014","Symptom_Descriminator_Description":"ED constricting object; removal required","value":2},{"Symptom_Group_Code":"1137","Symptom_Group_Description":"Palpitations (6.4)","Symptom_Discriminator_Code":"4052","Symptom_Descriminator_Description":"ED full ED assessment and management capability","value":2},{"Symptom_Group_Code":"1140","Symptom_Group_Description":"Predetermined Management Plan (6.4)","Symptom_Discriminator_Code":"4323","Symptom_Descriminator_Description":"CN Community Nurse","value":1},{"Symptom_Group_Code":"1143","Symptom_Group_Description":"Rectal Bleeding (6.4)","Symptom_Discriminator_Code":"4052","Symptom_Descriminator_Description":"ED full ED assessment and management capability","value":1},{"Symptom_Group_Code":"1172","Symptom_Group_Description":"Unwell; Under 1 Year Old (6.4)","Symptom_Discriminator_Code":"4052","Symptom_Descriminator_Description":"ED full ED assessment and management capability","value":1}],"supplyRead":[{"label":"","value":85}]},{"source":1,"target":4,"value":3,"fill":"#8DD3C7","dx":"Other Service","supply":[{"label":"14 Hours","value":1},{"label":"16 Hours","value":1},{"label":"18 Hours","value":1}],"supplyDx":[{"label":"Dx02: 5.24 (A&E)","value":3}],"supplySG":[{"Symptom_Group_Code":"1039","Symptom_Group_Description":"Chest and Upper Back Pain (6.4)","Symptom_Discriminator_Code":"4052","Symptom_Descriminator_Description":"ED full ED assessment and management capability","value":1},{"Symptom_Group_Code":"1101","Symptom_Group_Description":"Genital Problems (6.4)","Symptom_Discriminator_Code":"4052","Symptom_Descriminator_Description":"ED full ED assessment and management capability","value":1},{"Symptom_Group_Code":"1152","Symptom_Group_Description":"Skin; Rash (6.4)","Symptom_Discriminator_Code":"4052","Symptom_Descriminator_Description":"ED full ED assessment and management capability","value":1}],"supplyRead":[{"label":"","value":5}]},{"source":1,"target":4,"value":2,"fill":"#FB8072","dx":"None","supply":[{"label":"15 Hours","value":1},{"label":"17 Hours","value":1}],"supplyDx":[{"label":"Dx02: 5.24 (A&E)","value":2}],"supplySG":[{"Symptom_Group_Code":"1206","Symptom_Group_Description":"NHS Pathways in House Clinician","Symptom_Discriminator_Code":"4312","Symptom_Descriminator_Description":"ED extended ophthalmic assessment and prescribing capability (PEARS)","value":1},{"Symptom_Group_Code":"NA","Symptom_Group_Description":"NA","Symptom_Discriminator_Code":"NA","Symptom_Descriminator_Description":"NA","value":1}],"supplyRead":[{"label":"","value":9},{"label":"8B3H.","value":1}]},{"source":1,"target":6,"value":2,"fill":"#FB8072","dx":"None","supply":[{"label":"13 Hours","value":1},{"label":"17 Hours","value":1}],"supplyDx":[{"label":"Unknown: (None)","value":2}],"supplySG":[{"Symptom_Group_Code":"NA","Symptom_Group_Description":"NA","Symptom_Discriminator_Code":"NA","Symptom_Descriminator_Description":"NA","value":2}],"supplyRead":[{"label":"","value":9},{"label":"8B3H.","value":1}]},{"source":1,"target":7,"value":1,"fill":"#8DD3C7","dx":"Other Service","supply":[{"label":"12 Hours","value":1}],"supplyDx":[{"label":"Dx333: 5.26 (Other Service)","value":1}],"supplySG":[{"Symptom_Group_Code":"1039","Symptom_Group_Description":"Chest and Upper Back Pain (6.4)","Symptom_Discriminator_Code":"4052","Symptom_Descriminator_Description":"ED full ED assessment and management capability","value":1}],"supplyRead":[{"label":"","value":5}]},{"source":1,"target":7,"value":6,"fill":"#FB8072","dx":"None","supply":[{"label":"07 Hours","value":1},{"label":"16 Hours","value":3},{"label":"18 Hours","value":1},{"label":"20 Hours","value":1}],"supplyDx":[{"label":"Unknown: (None)","value":6}],"supplySG":[{"Symptom_Group_Code":"NA","Symptom_Group_Description":"NA","Symptom_Discriminator_Code":"NA","Symptom_Descriminator_Description":"NA","value":6}],"supplyRead":[{"label":"","value":9},{"label":"8B3H.","value":1}]},{"source":1,"target":8,"value":1,"fill":"#FB8072","dx":"None","supply":[{"label":"13 Hours","value":1}],"supplyDx":[{"label":"Unknown: (None)","value":1}],"supplySG":[{"Symptom_Group_Code":"NA","Symptom_Group_Description":"NA","Symptom_Discriminator_Code":"NA","Symptom_Descriminator_Description":"NA","value":1}],"supplyRead":[{"label":"","value":9},{"label":"8B3H.","value":1}]},{"source":2,"target":8,"value":2,"fill":"#FB8072","dx":"None","supply":[{"label":"16 Hours","value":1},{"label":"17 Hours","value":1}],"supplyDx":[{"label":"Unknown: (None)","value":2}],"supplySG":[{"Symptom_Group_Code":"NA","Symptom_Group_Description":"NA","Symptom_Discriminator_Code":"NA","Symptom_Descriminator_Description":"NA","value":2}],"supplyRead":[{"label":"","value":6},{"label":"8....","value":1},{"label":"A79z.","value":1},{"label":"N245.","value":1},{"label":"S2...","value":1}]},{"source":2,"target":11,"value":6,"fill":"#FB8072","dx":"None","supply":[{"label":"08 Hours","value":1},{"label":"11 Hours","value":1},{"label":"12 Hours","value":1},{"label":"16 Hours","value":2},{"label":"17 Hours","value":1},{"label":"18 Hours","value":1},{"label":"22 Hours","value":1}],"supplyDx":[{"label":"Unknown: (None)","value":8}],"supplySG":[{"Symptom_Group_Code":"NA","Symptom_Group_Description":"NA","Symptom_Discriminator_Code":"NA","Symptom_Descriminator_Description":"NA","value":8}],"supplyRead":[{"label":"","value":28},{"label":"1737","value":1},{"label":"1738","value":2},{"label":"1B1G.","value":1},{"label":"8....","value":1},{"label":"A79z.","value":1},{"label":"H05z.","value":1},{"label":"N245.","value":1},{"label":"R0062","value":1},{"label":"R062.","value":1},{"label":"S2...","value":1},{"label":"ZV6..","value":1}]},{"source":3,"target":7,"value":3,"fill":"#FB8072","dx":"None","supply":[{"label":"13 Hours","value":1},{"label":"14 Hours","value":1},{"label":"18 Hours","value":1}],"supplyDx":[{"label":"Dx11: 5.25b (Speak to Primary care)","value":2},{"label":"Dx14: 5.25b (Speak to Primary care)","value":1}],"supplySG":[{"Symptom_Group_Code":"1034","Symptom_Group_Description":"Breathing Problems; Breathlessness or Wheeze (6.4)","Symptom_Discriminator_Code":"4052","Symptom_Descriminator_Description":"ED full ED assessment and management capability","value":1},{"Symptom_Group_Code":"1039","Symptom_Group_Description":"Chest and Upper Back Pain (6.4)","Symptom_Discriminator_Code":"4052","Symptom_Descriminator_Description":"ED full ED assessment and management capability","value":1},{"Symptom_Group_Code":"NA","Symptom_Group_Description":"NA","Symptom_Discriminator_Code":"NA","Symptom_Descriminator_Description":"NA","value":1}],"supplyRead":[{"label":"","value":11},{"label":"8....","value":1},{"label":"A79z.","value":1},{"label":"H33z.","value":1},{"label":"R062.","value":1}]},{"source":3,"target":8,"value":1,"fill":"#FB8072","dx":"None","supply":[{"label":"14 Hours","value":1}],"supplyDx":[{"label":"Dx11: 5.25b (Speak to Primary care)","value":1}],"supplySG":[{"Symptom_Group_Code":"NA","Symptom_Group_Description":"NA","Symptom_Discriminator_Code":"NA","Symptom_Descriminator_Description":"NA","value":1}],"supplyRead":[{"label":"","value":11},{"label":"8....","value":1},{"label":"A79z.","value":1},{"label":"H33z.","value":1},{"label":"R062.","value":1}]},{"source":3,"target":10,"value":1,"fill":"#FB8072","dx":"None","supply":[{"label":"13 Hours","value":1}],"supplyDx":[{"label":"Dx02: 5.24 (A&E)","value":1}],"supplySG":[{"Symptom_Group_Code":"1119","Symptom_Group_Description":"Leg Injury; Blunt (6.4)","Symptom_Discriminator_Code":"4052","Symptom_Descriminator_Description":"ED full ED assessment and management capability","value":1}],"supplyRead":[{"label":"","value":5}]},{"source":4,"target":10,"value":1,"fill":"#8DD3C7","dx":"Other Service","supply":[{"label":"09 Hours","value":1}],"supplyDx":[{"label":"1159£Symptoms without specific Pathway (6.4)£4003£PC full Primary Care assessment and prescribing capability","value":1}],"supplySG":[{"Symptom_Group_Code":"NA","Symptom_Group_Description":"NA","Symptom_Discriminator_Code":"NA","Symptom_Descriminator_Description":"NA","value":1}],"supplyRead":[{"label":"","value":5}]},{"source":4,"target":10,"value":16,"fill":"#FFFFB3","dx":"A&E","supply":[{"label":"00 Hours","value":2},{"label":"02 Hours","value":1},{"label":"05 Hours","value":1},{"label":"07 Hours","value":3},{"label":"13 Hours","value":1},{"label":"14 Hours","value":1},{"label":"15 Hours","value":2},{"label":"16 Hours","value":2},{"label":"17 Hours","value":2},{"label":"18 Hours","value":1},{"label":"23 Hours","value":1}],"supplyDx":[{"label":"1159£Symptoms without specific Pathway (6.4)£4003£PC full Primary Care assessment and prescribing capability","value":1}],"supplySG":[{"Symptom_Group_Code":"1004","Symptom_Group_Description":"Abdominal Pain (6.4)","Symptom_Discriminator_Code":"4052","Symptom_Descriminator_Description":"ED full ED assessment and management capability","value":1},{"Symptom_Group_Code":"1039","Symptom_Group_Description":"Chest and Upper Back Pain (6.4)","Symptom_Discriminator_Code":"4052","Symptom_Descriminator_Description":"ED full ED assessment and management capability","value":1},{"Symptom_Group_Code":"1084","Symptom_Group_Description":"Fever (6.4)","Symptom_Discriminator_Code":"4052","Symptom_Descriminator_Description":"ED full ED assessment and management capability","value":1},{"Symptom_Group_Code":"1101","Symptom_Group_Description":"Genital Problems (6.4)","Symptom_Discriminator_Code":"4052","Symptom_Descriminator_Description":"ED full ED assessment and management capability","value":1},{"Symptom_Group_Code":"1119","Symptom_Group_Description":"Leg Injury; Blunt (6.4)","Symptom_Discriminator_Code":"4052","Symptom_Descriminator_Description":"ED full ED assessment and management capability","value":1},{"Symptom_Group_Code":"1152","Symptom_Group_Description":"Skin; Rash (6.4)","Symptom_Discriminator_Code":"4052","Symptom_Descriminator_Description":"ED full ED assessment and management capability","value":1},{"Symptom_Group_Code":"1169","Symptom_Group_Description":"Toothache Without Dental Injury (6.4)","Symptom_Discriminator_Code":"4052","Symptom_Descriminator_Description":"ED full ED assessment and management capability","value":1},{"Symptom_Group_Code":"1206","Symptom_Group_Description":"NHS Pathways in House Clinician","Symptom_Discriminator_Code":"4312","Symptom_Descriminator_Description":"ED extended ophthalmic assessment and prescribing capability (PEARS)","value":9},{"Symptom_Group_Code":"NA","Symptom_Group_Description":"NA","Symptom_Discriminator_Code":"NA","Symptom_Descriminator_Description":"NA","value":1}],"supplyRead":[{"label":"","value":85}]},{"source":6,"target":11,"value":3,"fill":"#80B1D3","dx":"Speak to Primary care","supply":[{"label":"00 Hours","value":1},{"label":"10 Hours","value":1},{"label":"17 Hours","value":1}],"supplyDx":[{"label":"1159£Symptoms without specific Pathway (6.4)£4003£PC full Primary Care assessment and prescribing capability","value":1}],"supplySG":[{"Symptom_Group_Code":"1089","Symptom_Group_Description":"Flank or Side Pain (6.4)","Symptom_Discriminator_Code":"4052","Symptom_Descriminator_Description":"ED full ED assessment and management capability","value":1},{"Symptom_Group_Code":"NA","Symptom_Group_Description":"NA","Symptom_Discriminator_Code":"NA","Symptom_Descriminator_Description":"NA","value":2}],"supplyRead":[{"label":"","value":15}]},{"source":6,"target":11,"value":2,"fill":"#8DD3C7","dx":"Other Service","supply":[{"label":"19 Hours","value":1},{"label":"23 Hours","value":1}],"supplyDx":[{"label":"1159£Symptoms without specific Pathway (6.4)£4003£PC full Primary Care assessment and prescribing capability","value":1}],"supplySG":[{"Symptom_Group_Code":"1179","Symptom_Group_Description":"Vomiting (6.4)","Symptom_Discriminator_Code":"4052","Symptom_Descriminator_Description":"ED full ED assessment and management capability","value":1},{"Symptom_Group_Code":"NA","Symptom_Group_Description":"NA","Symptom_Discriminator_Code":"NA","Symptom_Descriminator_Description":"NA","value":1}],"supplyRead":[{"label":"","value":10}]},{"source":6,"target":11,"value":3,"fill":"#BEBADA","dx":"Contact Primary care","supply":[{"label":"01 Hours","value":1},{"label":"11 Hours","value":1},{"label":"21 Hours","value":1}],"supplyDx":[{"label":"1159£Symptoms without specific Pathway (6.4)£4003£PC full Primary Care assessment and prescribing capability","value":1}],"supplySG":[{"Symptom_Group_Code":"1039","Symptom_Group_Description":"Chest and Upper Back Pain (6.4)","Symptom_Discriminator_Code":"4052","Symptom_Descriminator_Description":"ED full ED assessment and management capability","value":1},{"Symptom_Group_Code":"1072","Symptom_Group_Description":"Eye; Painful (6.4)","Symptom_Discriminator_Code":"4312","Symptom_Descriminator_Description":"ED extended ophthalmic assessment and prescribing capability (PEARS)","value":1},{"Symptom_Group_Code":"1084","Symptom_Group_Description":"Fever (6.4)","Symptom_Discriminator_Code":"4052","Symptom_Descriminator_Description":"ED full ED assessment and management capability","value":1}],"supplyRead":[{"label":"","value":15}]},{"source":6,"target":11,"value":2,"fill":"#FB8072","dx":"None","supply":[{"label":"13 Hours","value":1},{"label":"17 Hours","value":1}],"supplyDx":[{"label":"1159£Symptoms without specific Pathway (6.4)£4003£PC full Primary Care assessment and prescribing capability","value":1}],"supplySG":[{"Symptom_Group_Code":"NA","Symptom_Group_Description":"NA","Symptom_Discriminator_Code":"NA","Symptom_Descriminator_Description":"NA","value":2}],"supplyRead":[{"label":"","value":10}]},{"source":7,"target":11,"value":6,"fill":"#80B1D3","dx":"Speak to Primary care","supply":[{"label":"09 Hours","value":1},{"label":"13 Hours","value":1},{"label":"14 Hours","value":3},{"label":"18 Hours","value":1}],"supplyDx":[{"label":"1159£Symptoms without specific Pathway (6.4)£4003£PC full Primary Care assessment and prescribing capability","value":1}],"supplySG":[{"Symptom_Group_Code":"1034","Symptom_Group_Description":"Breathing Problems; Breathlessness or Wheeze (6.4)","Symptom_Discriminator_Code":"4052","Symptom_Descriminator_Description":"ED full ED assessment and management capability","value":1},{"Symptom_Group_Code":"1039","Symptom_Group_Description":"Chest and Upper Back Pain (6.4)","Symptom_Discriminator_Code":"4052","Symptom_Descriminator_Description":"ED full ED assessment and management capability","value":1},{"Symptom_Group_Code":"1179","Symptom_Group_Description":"Vomiting (6.4)","Symptom_Discriminator_Code":"4052","Symptom_Descriminator_Description":"ED full ED assessment and management capability","value":1},{"Symptom_Group_Code":"1206","Symptom_Group_Description":"NHS Pathways in House Clinician","Symptom_Discriminator_Code":"4312","Symptom_Descriminator_Description":"ED extended ophthalmic assessment and prescribing capability (PEARS)","value":1},{"Symptom_Group_Code":"NA","Symptom_Group_Description":"NA","Symptom_Discriminator_Code":"NA","Symptom_Descriminator_Description":"NA","value":2}],"supplyRead":[{"label":"","value":23},{"label":"677B.","value":1},{"label":"H33z.","value":1},{"label":"R0070","value":1},{"label":"R062.","value":2},{"label":"R065.","value":1},{"label":"R0701","value":1}]},{"source":7,"target":11,"value":19,"fill":"#8DD3C7","dx":"Other Service","supply":[{"label":"07 Hours","value":1},{"label":"10 Hours","value":1},{"label":"11 Hours","value":1},{"label":"12 Hours","value":4},{"label":"13 Hours","value":1},{"label":"15 Hours","value":1},{"label":"17 Hours","value":1},{"label":"18 Hours","value":4},{"label":"19 Hours","value":1},{"label":"20 Hours","value":2},{"label":"22 Hours","value":2}],"supplyDx":[{"label":"1159£Symptoms without specific Pathway (6.4)£4003£PC full Primary Care assessment and prescribing capability","value":1}],"supplySG":[{"Symptom_Group_Code":"1039","Symptom_Group_Description":"Chest and Upper Back Pain (6.4)","Symptom_Discriminator_Code":"4052","Symptom_Descriminator_Description":"ED full ED assessment and management capability","value":1},{"Symptom_Group_Code":"1195","Symptom_Group_Description":"Non-trauma Emergency (6.5)","Symptom_Discriminator_Code":"4052","Symptom_Descriminator_Description":"ED full ED assessment and management capability","value":1},{"Symptom_Group_Code":"1205","Symptom_Group_Description":"Hearing Problems or Blocked Ear","Symptom_Discriminator_Code":"4022","Symptom_Descriminator_Description":"ED foreign body; removal required","value":1},{"Symptom_Group_Code":"NA","Symptom_Group_Description":"NA","Symptom_Discriminator_Code":"NA","Symptom_Descriminator_Description":"NA","value":16}],"supplyRead":[{"label":"","value":69},{"label":"1737","value":2},{"label":"1738","value":5},{"label":"19F2.","value":1},{"label":"1C3..","value":1},{"label":"1C92.","value":1},{"label":"A79z.","value":1},{"label":"H05z.","value":1},{"label":"H06z1","value":1},{"label":"J680.","value":1},{"label":"K190.","value":1},{"label":"R0062","value":5},{"label":"R007z","value":1},{"label":"R062.","value":3},{"label":"R065.","value":1},{"label":"R090.","value":1}]},{"source":7,"target":11,"value":3,"fill":"#BEBADA","dx":"Contact Primary care","supply":[{"label":"05 Hours","value":1},{"label":"11 Hours","value":1},{"label":"23 Hours","value":1}],"supplyDx":[{"label":"1159£Symptoms without specific Pathway (6.4)£4003£PC full Primary Care assessment and prescribing capability","value":1}],"supplySG":[{"Symptom_Group_Code":"1004","Symptom_Group_Description":"Abdominal Pain (6.4)","Symptom_Discriminator_Code":"4052","Symptom_Descriminator_Description":"ED full ED assessment and management capability","value":1},{"Symptom_Group_Code":"1034","Symptom_Group_Description":"Breathing Problems; Breathlessness or Wheeze (6.4)","Symptom_Discriminator_Code":"4052","Symptom_Descriminator_Description":"ED full ED assessment and management capability","value":1},{"Symptom_Group_Code":"1182","Symptom_Group_Description":"Wrist; Hand or Finger Pain or Swelling (6.4)","Symptom_Discriminator_Code":"4014","Symptom_Descriminator_Description":"ED constricting object; removal required","value":1}],"supplyRead":[{"label":"","value":11},{"label":"R0062","value":1},{"label":"R062.","value":1},{"label":"R090.","value":1},{"label":"SE...","value":1}]},{"source":7,"target":11,"value":6,"fill":"#FB8072","dx":"None","supply":[{"label":"07 Hours","value":1},{"label":"08 Hours","value":1},{"label":"11 Hours","value":1},{"label":"12 Hours","value":1},{"label":"16 Hours","value":4},{"label":"18 Hours","value":2},{"label":"20 Hours","value":1},{"label":"22 Hours","value":1}],"supplyDx":[{"label":"1159£Symptoms without specific Pathway (6.4)£4003£PC full Primary Care assessment and prescribing capability","value":1}],"supplySG":[{"Symptom_Group_Code":"NA","Symptom_Group_Description":"NA","Symptom_Discriminator_Code":"NA","Symptom_Descriminator_Description":"NA","value":12}],"supplyRead":[{"label":"","value":48},{"label":"1738","value":2},{"label":"1B1G.","value":1},{"label":"677B.","value":1},{"label":"8B3H.","value":1},{"label":"A79z.","value":1},{"label":"H05z.","value":1},{"label":"N245.","value":1},{"label":"R0062","value":1},{"label":"R007z","value":1},{"label":"R062.","value":1},{"label":"R065.","value":1}]},{"source":8,"target":11,"value":1,"fill":"#80B1D3","dx":"Speak to Primary care","supply":[{"label":"14 Hours","value":1}],"supplyDx":[{"label":"1159£Symptoms without specific Pathway (6.4)£4003£PC full Primary Care assessment and prescribing capability","value":1}],"supplySG":[{"Symptom_Group_Code":"NA","Symptom_Group_Description":"NA","Symptom_Discriminator_Code":"NA","Symptom_Descriminator_Description":"NA","value":1}],"supplyRead":[{"label":"","value":3},{"label":"8....","value":1},{"label":"A79z.","value":1}]},{"source":8,"target":11,"value":3,"fill":"#FB8072","dx":"None","supply":[{"label":"13 Hours","value":1},{"label":"16 Hours","value":1},{"label":"17 Hours","value":1}],"supplyDx":[{"label":"1159£Symptoms without specific Pathway (6.4)£4003£PC full Primary Care assessment and prescribing capability","value":1}],"supplySG":[{"Symptom_Group_Code":"NA","Symptom_Group_Description":"NA","Symptom_Discriminator_Code":"NA","Symptom_Descriminator_Description":"NA","value":3}],"supplyRead":[{"label":"","value":8},{"label":"1737","value":1},{"label":"1738","value":1},{"label":"8....","value":1},{"label":"H06z1","value":1},{"label":"N245.","value":1},{"label":"S2...","value":1},{"label":"ZV6..","value":1}]},{"source":9,"target":11,"value":1,"fill":"#BEBADA","dx":"Contact Primary care","supply":[{"label":"21 Hours","value":1}],"supplyDx":[{"label":"1159£Symptoms without specific Pathway (6.4)£4003£PC full Primary Care assessment and prescribing capability","value":1}],"supplySG":[{"Symptom_Group_Code":"1112","Symptom_Group_Description":"Headache (6.4)","Symptom_Discriminator_Code":"4052","Symptom_Descriminator_Description":"ED full ED assessment and management capability","value":1}],"supplyRead":[{"label":"","value":4},{"label":"ZV6..","value":1}]}]}