{"nodes":[{"layer":1,"name":"Pathways Non-Clinician","fill":"#9E0142","label":"Initial Skillset"},{"layer":1,"name":"Pathways Clinician","fill":"#9E0142","label":"Initial Skillset"},{"layer":2,"name":"Pathways Clinician","fill":"#F46D43","label":"Final Skillset"},{"layer":2,"name":"Pathways Non-Clinician","fill":"#F46D43","label":"Final Skillset"},{"layer":3,"name":"Emergency Department (ED)","fill":"#FEE08B","label":"Service Type"}],"links":[{"source":0,"target":2,"value":1,"fill":"#8DD3C7","dx":"Health Information","supply":[{"label":"00 Hours","value":1}],"supplyDx":[{"label":"Dx02: 5.24 (A&E)","value":1}],"supplySG":[{"Symptom_Group_Code":"1112","Symptom_Group_Description":"Headache (6.4)","Symptom_Discriminator_Code":"4052","Symptom_Descriminator_Description":"ED full ED assessment and management capability","value":1}],"supplyRead":[]},{"source":0,"target":2,"value":45,"fill":"#FFFFB3","dx":"Other Service","supply":[{"label":"01 Hours","value":6},{"label":"02 Hours","value":2},{"label":"03 Hours","value":1},{"label":"04 Hours","value":1},{"label":"05 Hours","value":2},{"label":"07 Hours","value":1},{"label":"09 Hours","value":2},{"label":"10 Hours","value":5},{"label":"11 Hours","value":3},{"label":"12 Hours","value":4},{"label":"13 Hours","value":2},{"label":"14 Hours","value":1},{"label":"15 Hours","value":2},{"label":"16 Hours","value":2},{"label":"17 Hours","value":2},{"label":"18 Hours","value":4},{"label":"22 Hours","value":2},{"label":"23 Hours","value":3}],"supplyDx":[{"label":"Dx02: 5.24 (A&E)","value":35},{"label":"Dx03: 5.24 (A&E)","value":8},{"label":"Dx92: 5.24 (A&E)","value":1},{"label":"Dx94: 5.24 (A&E)","value":1}],"supplySG":[{"Symptom_Group_Code":"1014","Symptom_Group_Description":"Arm Injury; Blunt (6.4)","Symptom_Discriminator_Code":"4052","Symptom_Descriminator_Description":"ED full ED assessment and management capability","value":1},{"Symptom_Group_Code":"1020","Symptom_Group_Description":"Bites or Stings; Insect or Spider (6.4)","Symptom_Discriminator_Code":"4052","Symptom_Descriminator_Description":"ED full ED assessment and management capability","value":1},{"Symptom_Group_Code":"1038","Symptom_Group_Description":"Burn; Thermal (6.4)","Symptom_Discriminator_Code":"4052","Symptom_Descriminator_Description":"ED full ED assessment and management capability","value":1},{"Symptom_Group_Code":"1039","Symptom_Group_Description":"Chest and Upper Back Pain (6.4)","Symptom_Discriminator_Code":"4052","Symptom_Descriminator_Description":"ED full ED assessment and management capability","value":2},{"Symptom_Group_Code":"1076","Symptom_Group_Description":"Eye; Visual Loss or Disturbance (6.4)","Symptom_Discriminator_Code":"4312","Symptom_Descriminator_Description":"ED extended ophthalmic assessment and prescribing capability (PEARS)","value":3},{"Symptom_Group_Code":"1085","Symptom_Group_Description":"Finger or Thumb Injury; Blunt (6.4)","Symptom_Discriminator_Code":"4014","Symptom_Descriminator_Description":"ED constricting object; removal required","value":1},{"Symptom_Group_Code":"1092","Symptom_Group_Description":"Foreign Body; Ingested or Inhaled (6.4)","Symptom_Discriminator_Code":"4052","Symptom_Descriminator_Description":"ED full ED assessment and management capability","value":2},{"Symptom_Group_Code":"1095","Symptom_Group_Description":"Foreign Body; Rectum (6.4)","Symptom_Discriminator_Code":"4052","Symptom_Descriminator_Description":"ED full ED assessment and management capability","value":1},{"Symptom_Group_Code":"1110","Symptom_Group_Description":"Head; Facial or Neck Injury; Blunt (6.4)","Symptom_Discriminator_Code":"4052","Symptom_Descriminator_Description":"ED full ED assessment and management capability","value":4},{"Symptom_Group_Code":"1111","Symptom_Group_Description":"Head; Facial or Neck Injury; Penetrating (6.4)","Symptom_Discriminator_Code":"4052","Symptom_Descriminator_Description":"ED full ED assessment and management capability","value":1},{"Symptom_Group_Code":"1119","Symptom_Group_Description":"Leg Injury; Blunt (6.4)","Symptom_Discriminator_Code":"4052","Symptom_Descriminator_Description":"ED full ED assessment and management capability","value":1},{"Symptom_Group_Code":"1137","Symptom_Group_Description":"Palpitations (6.4)","Symptom_Discriminator_Code":"4052","Symptom_Descriminator_Description":"ED full ED assessment and management capability","value":1},{"Symptom_Group_Code":"1143","Symptom_Group_Description":"Rectal Bleeding (6.4)","Symptom_Discriminator_Code":"4052","Symptom_Descriminator_Description":"ED full ED assessment and management capability","value":1},{"Symptom_Group_Code":"1145","Symptom_Group_Description":"Scratches and Grazes (6.4)","Symptom_Discriminator_Code":"4052","Symptom_Descriminator_Description":"ED full ED assessment and management capability","value":1},{"Symptom_Group_Code":"1170","Symptom_Group_Description":"Toxic Ingestion/Inhalation/Overdose (6.4)","Symptom_Discriminator_Code":"4052","Symptom_Descriminator_Description":"ED full ED assessment and management capability","value":3},{"Symptom_Group_Code":"1191","Symptom_Group_Description":"Health and Social Information (6.5)","Symptom_Discriminator_Code":"4323","Symptom_Descriminator_Description":"CN Community Nurse","value":1},{"Symptom_Group_Code":"1203","Symptom_Group_Description":"Mental Health Problem (7.0)","Symptom_Discriminator_Code":"4245","Symptom_Descriminator_Description":"ED suicidal; no means nor plan","value":2},{"Symptom_Group_Code":"1206","Symptom_Group_Description":"NHS Pathways in House Clinician","Symptom_Discriminator_Code":"4312","Symptom_Descriminator_Description":"ED extended ophthalmic assessment and prescribing capability (PEARS)","value":18}],"supplyRead":[{"label":"","value":85}]},{"source":0,"target":4,"value":14,"fill":"#FB8072","dx":"A&E","supply":[{"label":"10 Hours","value":1},{"label":"12 Hours","value":1},{"label":"17 Hours","value":2},{"label":"18 Hours","value":1},{"label":"19 Hours","value":1},{"label":"20 Hours","value":4},{"label":"21 Hours","value":1},{"label":"22 Hours","value":2},{"label":"23 Hours","value":1}],"supplyDx":[{"label":"Dx02: 5.24 (A&E)","value":13},{"label":"Dx03: 5.24 (A&E)","value":1}],"supplySG":[{"Symptom_Group_Code":"1011","Symptom_Group_Description":"Ankle or Foot Injury; Blunt (6.4)","Symptom_Discriminator_Code":"4052","Symptom_Descriminator_Description":"ED full ED assessment and management capability","value":2},{"Symptom_Group_Code":"1039","Symptom_Group_Description":"Chest and Upper Back Pain (6.4)","Symptom_Discriminator_Code":"4052","Symptom_Descriminator_Description":"ED full ED assessment and management capability","value":2},{"Symptom_Group_Code":"1071","Symptom_Group_Description":"Eye Splash Injury or Minor Foreign Body (6.4)","Symptom_Discriminator_Code":"4312","Symptom_Descriminator_Description":"ED extended ophthalmic assessment and prescribing capability (PEARS)","value":2},{"Symptom_Group_Code":"1072","Symptom_Group_Description":"Eye; Painful (6.4)","Symptom_Discriminator_Code":"4312","Symptom_Descriminator_Description":"ED extended ophthalmic assessment and prescribing capability (PEARS)","value":1},{"Symptom_Group_Code":"1076","Symptom_Group_Description":"Eye; Visual Loss or Disturbance (6.4)","Symptom_Discriminator_Code":"4312","Symptom_Descriminator_Description":"ED extended ophthalmic assessment and prescribing capability (PEARS)","value":1},{"Symptom_Group_Code":"1110","Symptom_Group_Description":"Head; Facial or Neck Injury; Blunt (6.4)","Symptom_Discriminator_Code":"4052","Symptom_Descriminator_Description":"ED full ED assessment and management capability","value":1},{"Symptom_Group_Code":"1126","Symptom_Group_Description":"Lower Back Pain (6.4)","Symptom_Discriminator_Code":"4052","Symptom_Descriminator_Description":"ED full ED assessment and management capability","value":1},{"Symptom_Group_Code":"1137","Symptom_Group_Description":"Palpitations (6.4)","Symptom_Discriminator_Code":"4052","Symptom_Descriminator_Description":"ED full ED assessment and management capability","value":2},{"Symptom_Group_Code":"1140","Symptom_Group_Description":"Predetermined Management Plan (6.4)","Symptom_Discriminator_Code":"4323","Symptom_Descriminator_Description":"CN Community Nurse","value":1},{"Symptom_Group_Code":"1181","Symptom_Group_Description":"Wound Problems (6.4)","Symptom_Discriminator_Code":"4052","Symptom_Descriminator_Description":"ED full ED assessment and management capability","value":1}],"supplyRead":[{"label":"","value":70}]},{"source":1,"target":4,"value":3,"fill":"#BEBADA","dx":"None","supply":[{"label":"06 Hours","value":1},{"label":"08 Hours","value":1},{"label":"09 Hours","value":1}],"supplyDx":[{"label":"Dx02: 5.24 (A&E)","value":3}],"supplySG":[{"Symptom_Group_Code":"1039","Symptom_Group_Description":"Chest and Upper Back Pain (6.4)","Symptom_Discriminator_Code":"4052","Symptom_Descriminator_Description":"ED full ED assessment and management capability","value":1},{"Symptom_Group_Code":"1170","Symptom_Group_Description":"Toxic Ingestion/Inhalation/Overdose (6.4)","Symptom_Discriminator_Code":"4052","Symptom_Descriminator_Description":"ED full ED assessment and management capability","value":1},{"Symptom_Group_Code":"1206","Symptom_Group_Description":"NHS Pathways in House Clinician","Symptom_Discriminator_Code":"4312","Symptom_Descriminator_Description":"ED extended ophthalmic assessment and prescribing capability (PEARS)","value":1}],"supplyRead":[{"label":"","value":15}]},{"source":2,"target":4,"value":46,"fill":"#FB8072","dx":"A&E","supply":[{"label":"00 Hours","value":1},{"label":"01 Hours","value":6},{"label":"02 Hours","value":2},{"label":"03 Hours","value":1},{"label":"04 Hours","value":1},{"label":"05 Hours","value":2},{"label":"06 Hours","value":1},{"label":"07 Hours","value":1},{"label":"08 Hours","value":1},{"label":"09 Hours","value":3},{"label":"10 Hours","value":5},{"label":"11 Hours","value":3},{"label":"12 Hours","value":4},{"label":"13 Hours","value":2},{"label":"14 Hours","value":1},{"label":"15 Hours","value":2},{"label":"16 Hours","value":2},{"label":"17 Hours","value":2},{"label":"18 Hours","value":4},{"label":"22 Hours","value":2},{"label":"23 Hours","value":3}],"supplyDx":[{"label":"1159£Symptoms without specific Pathway (6.4)£4003£PC full Primary Care assessment and prescribing capability","value":1}],"supplySG":[{"Symptom_Group_Code":"1014","Symptom_Group_Description":"Arm Injury; Blunt (6.4)","Symptom_Discriminator_Code":"4052","Symptom_Descriminator_Description":"ED full ED assessment and management capability","value":1},{"Symptom_Group_Code":"1020","Symptom_Group_Description":"Bites or Stings; Insect or Spider (6.4)","Symptom_Discriminator_Code":"4052","Symptom_Descriminator_Description":"ED full ED assessment and management capability","value":1},{"Symptom_Group_Code":"1038","Symptom_Group_Description":"Burn; Thermal (6.4)","Symptom_Discriminator_Code":"4052","Symptom_Descriminator_Description":"ED full ED assessment and management capability","value":1},{"Symptom_Group_Code":"1039","Symptom_Group_Description":"Chest and Upper Back Pain (6.4)","Symptom_Discriminator_Code":"4052","Symptom_Descriminator_Description":"ED full ED assessment and management capability","value":3},{"Symptom_Group_Code":"1076","Symptom_Group_Description":"Eye; Visual Loss or Disturbance (6.4)","Symptom_Discriminator_Code":"4312","Symptom_Descriminator_Description":"ED extended ophthalmic assessment and prescribing capability (PEARS)","value":3},{"Symptom_Group_Code":"1085","Symptom_Group_Description":"Finger or Thumb Injury; Blunt (6.4)","Symptom_Discriminator_Code":"4014","Symptom_Descriminator_Description":"ED constricting object; removal required","value":1},{"Symptom_Group_Code":"1092","Symptom_Group_Description":"Foreign Body; Ingested or Inhaled (6.4)","Symptom_Discriminator_Code":"4052","Symptom_Descriminator_Description":"ED full ED assessment and management capability","value":2},{"Symptom_Group_Code":"1095","Symptom_Group_Description":"Foreign Body; Rectum (6.4)","Symptom_Discriminator_Code":"4052","Symptom_Descriminator_Description":"ED full ED assessment and management capability","value":1},{"Symptom_Group_Code":"1110","Symptom_Group_Description":"Head; Facial or Neck Injury; Blunt (6.4)","Symptom_Discriminator_Code":"4052","Symptom_Descriminator_Description":"ED full ED assessment and management capability","value":4},{"Symptom_Group_Code":"1111","Symptom_Group_Description":"Head; Facial or Neck Injury; Penetrating (6.4)","Symptom_Discriminator_Code":"4052","Symptom_Descriminator_Description":"ED full ED assessment and management capability","value":1},{"Symptom_Group_Code":"1112","Symptom_Group_Description":"Headache (6.4)","Symptom_Discriminator_Code":"4052","Symptom_Descriminator_Description":"ED full ED assessment and management capability","value":1},{"Symptom_Group_Code":"1119","Symptom_Group_Description":"Leg Injury; Blunt (6.4)","Symptom_Discriminator_Code":"4052","Symptom_Descriminator_Description":"ED full ED assessment and management capability","value":1},{"Symptom_Group_Code":"1137","Symptom_Group_Description":"Palpitations (6.4)","Symptom_Discriminator_Code":"4052","Symptom_Descriminator_Description":"ED full ED assessment and management capability","value":1},{"Symptom_Group_Code":"1143","Symptom_Group_Description":"Rectal Bleeding (6.4)","Symptom_Discriminator_Code":"4052","Symptom_Descriminator_Description":"ED full ED assessment and management capability","value":1},{"Symptom_Group_Code":"1145","Symptom_Group_Description":"Scratches and Grazes (6.4)","Symptom_Discriminator_Code":"4052","Symptom_Descriminator_Description":"ED full ED assessment and management capability","value":1},{"Symptom_Group_Code":"1170","Symptom_Group_Description":"Toxic Ingestion/Inhalation/Overdose (6.4)","Symptom_Discriminator_Code":"4052","Symptom_Descriminator_Description":"ED full ED assessment and management capability","value":4},{"Symptom_Group_Code":"1191","Symptom_Group_Description":"Health and Social Information (6.5)","Symptom_Discriminator_Code":"4323","Symptom_Descriminator_Description":"CN Community Nurse","value":1},{"Symptom_Group_Code":"1203","Symptom_Group_Description":"Mental Health Problem (7.0)","Symptom_Discriminator_Code":"4245","Symptom_Descriminator_Description":"ED suicidal; no means nor plan","value":2},{"Symptom_Group_Code":"1206","Symptom_Group_Description":"NHS Pathways in House Clinician","Symptom_Discriminator_Code":"4312","Symptom_Descriminator_Description":"ED extended ophthalmic assessment and prescribing capability (PEARS)","value":19}],"supplyRead":[{"label":"","value":245}]}]}