{
  "labels": {
    "series": ["Clinical Advisor", "GP/ANP", "Health Advisor", "Service Advisor"],
    "axis": {
      "x": "Week starting",
      "y": "Call Volume"
    }
  },
  "series": [{
    "period": "2020-05-27",
    "values": [618.62, 1393.01, 3339.37, 0]
  }, {
    "period": "2020-06-03",
    "values": [1716.85, 3805.5, 9546.65, 0]
  }, {
    "period": "2020-06-10",
    "values": [1660.55, 3772.11, 9342.34, 0]
  }, {
    "period": "2020-06-17",
    "values": [1591.72, 4056.88, 9738.4, 0]
  }, {
    "period": "2020-06-24",
    "values": [1731.47, 3725.5, 9465.03, 0]
  }, {
    "period": "2020-07-01",
    "values": [1700.61, 3599.36, 9269.03, 0]
  }, {
    "period": "2020-07-08",
    "values": [1633.23, 3836.74, 9627.03, 0]
  }, {
    "period": "2020-07-15",
    "values": [1578.28, 3445.84, 8824.88, 0]
  }, {
    "period": "2020-07-22",
    "values": [1499.1, 3585.06, 8729.84, 0]
  }, {
    "period": "2020-07-29",
    "values": [1711.65, 3775.13, 9649.22, 0]
  }, {
    "period": "2020-08-05",
    "values": [1558.12, 3468.46, 8902.42, 0]
  }, {
    "period": "2020-08-12",
    "values": [1585.96, 3441.23, 8552.06, 176.75]
  }, {
    "period": "2020-08-19",
    "values": [1616.69, 3568.08, 8657.85, 265.38]
  }, {
    "period": "2020-08-26",
    "values": [1931.8, 4062.04, 10012.27, 308.89]
  }, {
    "period": "2020-09-02",
    "values": [2006.29, 3167.3, 8634.35, 262.06]
  }, {
    "period": "2020-09-09",
    "values": [2166.81, 3226.67, 9149.55, 200.97]
  }, {
    "period": "2020-09-16",
    "values": [2115.19, 3631.1, 9603.95, 276.76]
  }, {
    "period": "2020-09-23",
    "values": [2079.28, 3553.62, 9314.61, 231.49]
  }, {
    "period": "2020-09-30",
    "values": [307.94, 560, 1349.41, 40.65]
  }]
}