{
  "labels": {
    "series": ["Clinical Advisor", "GP/ANP", "Health Advisor", "Service Advisor"],
    "axis": {
      "x": "Week starting",
      "y": "Call Volume"
    }
  },
  "series": [{
    "period": "2020-05-27",
    "values": [550.99, 1241.29, 2982.72, 0]
  }, {
    "period": "2020-06-03",
    "values": [1534.64, 3393.89, 8520.47, 0]
  }, {
    "period": "2020-06-10",
    "values": [1471.81, 3358.06, 8357.13, 0]
  }, {
    "period": "2020-06-17",
    "values": [1421.37, 3628, 8683.63, 0]
  }, {
    "period": "2020-06-24",
    "values": [1552, 3320.01, 8445.99, 0]
  }, {
    "period": "2020-07-01",
    "values": [1514.75, 3210.59, 8276.66, 0]
  }, {
    "period": "2020-07-08",
    "values": [1465.2, 3422.57, 8586.23, 0]
  }, {
    "period": "2020-07-15",
    "values": [1400.6, 3073.01, 7886.39, 0]
  }, {
    "period": "2020-07-22",
    "values": [1337, 3201.13, 7789.87, 0]
  }, {
    "period": "2020-07-29",
    "values": [1530.92, 3373.18, 8604.9, 0]
  }, {
    "period": "2020-08-05",
    "values": [1399.6, 3101.94, 7929.46, 0]
  }, {
    "period": "2020-08-12",
    "values": [1416.03, 3064.53, 7638.85, 157.59]
  }, {
    "period": "2020-08-19",
    "values": [1445.5, 3187.38, 7719.44, 238.68]
  }, {
    "period": "2020-08-26",
    "values": [1721.7, 3617.83, 8946.58, 274.89]
  }, {
    "period": "2020-09-02",
    "values": [1791.39, 2821.02, 7707.05, 237.54]
  }, {
    "period": "2020-09-09",
    "values": [1934.85, 2876.82, 8167.21, 179.12]
  }, {
    "period": "2020-09-16",
    "values": [1888.57, 3239.33, 8575.8, 243.3]
  }, {
    "period": "2020-09-23",
    "values": [1854.88, 3174.19, 8310.74, 207.19]
  }, {
    "period": "2020-09-30",
    "values": [273.8, 497.64, 1207.54, 36.02]
  }]
}