{
  "labels": {
    "series": ["Clinical Advisor", "GP/ANP", "Health Advisor", "Service Advisor"],
    "axis": {
      "x": "Week starting",
      "y": "Call Volume"
    }
  },
  "series": [{
    "period": "2020-05-27",
    "values": [900.81, 893.35, 2741.84, 0]
  }, {
    "period": "2020-06-03",
    "values": [2593.69, 1466.38, 6149.93, 0]
  }, {
    "period": "2020-06-10",
    "values": [2489.29, 1479.31, 6359.4, 0]
  }, {
    "period": "2020-06-17",
    "values": [2694.41, 1491.18, 6945.41, 0]
  }, {
    "period": "2020-06-24",
    "values": [2811.79, 1441.73, 7311.48, 0]
  }, {
    "period": "2020-07-01",
    "values": [2906.07, 1553.7, 7907.23, 0]
  }, {
    "period": "2020-07-08",
    "values": [2763.98, 1543.57, 8005.45, 0]
  }, {
    "period": "2020-07-15",
    "values": [2780.65, 1511.23, 7806.12, 0]
  }, {
    "period": "2020-07-22",
    "values": [3169.8, 1596.51, 7988.69, 0]
  }, {
    "period": "2020-07-29",
    "values": [2452.92, 1392.92, 6446.16, 0]
  }, {
    "period": "2020-08-05",
    "values": [2677.91, 1430.79, 7452.3, 0]
  }, {
    "period": "2020-08-12",
    "values": [2895.11, 1344.08, 7097.81, 0]
  }, {
    "period": "2020-08-19",
    "values": [3075.92, 1005.12, 7506.96, 0]
  }, {
    "period": "2020-08-26",
    "values": [5202.8, 1168.49, 12361.71, 0]
  }, {
    "period": "2020-09-02",
    "values": [5839.88, 930, 13027.12, 0]
  }, {
    "period": "2020-09-09",
    "values": [3684.33, 970.73, 8564.94, 0]
  }, {
    "period": "2020-09-16",
    "values": [2727.1, 1057.09, 7566.81, 0]
  }, {
    "period": "2020-09-23",
    "values": [2896.84, 934.56, 7690.6, 0]
  }, {
    "period": "2020-09-30",
    "values": [391.29, 101.57, 992.14, 0]
  }]
}