{
  "labels": {
    "series": ["Clinical Advisor", "GP/ANP", "Health Advisor", "Service Advisor"],
    "axis": {
      "x": "Week starting",
      "y": "Call Volume"
    }
  },
  "series": [{
    "period": "2020-05-27",
    "values": [573.7, 566.13, 1756.17, 0]
  }, {
    "period": "2020-06-03",
    "values": [1658.1, 942.31, 3919.59, 0]
  }, {
    "period": "2020-06-10",
    "values": [1586.06, 943.64, 4065.3, 0]
  }, {
    "period": "2020-06-17",
    "values": [1715.04, 952.32, 4440.64, 0]
  }, {
    "period": "2020-06-24",
    "values": [1786.85, 921.45, 4676.7, 0]
  }, {
    "period": "2020-07-01",
    "values": [1852.77, 996.5, 5047.73, 0]
  }, {
    "period": "2020-07-08",
    "values": [1769.57, 988.99, 5104.44, 0]
  }, {
    "period": "2020-07-15",
    "values": [1774.17, 958.31, 4992.52, 0]
  }, {
    "period": "2020-07-22",
    "values": [2024.73, 1023.63, 5096.64, 0]
  }, {
    "period": "2020-07-29",
    "values": [1565.61, 888.78, 4117.61, 0]
  }, {
    "period": "2020-08-05",
    "values": [1709.8, 906.8, 4765.4, 0]
  }, {
    "period": "2020-08-12",
    "values": [1847.31, 862.68, 4529.01, 0]
  }, {
    "period": "2020-08-19",
    "values": [1969.15, 643.3, 4786.55, 0]
  }, {
    "period": "2020-08-26",
    "values": [3315.73, 744.84, 7901.43, 0]
  }, {
    "period": "2020-09-02",
    "values": [3721.2, 597.38, 8322.42, 0]
  }, {
    "period": "2020-09-09",
    "values": [2357.82, 615.61, 5467.57, 0]
  }, {
    "period": "2020-09-16",
    "values": [1739.61, 680.75, 4827.64, 0]
  }, {
    "period": "2020-09-23",
    "values": [1851.44, 598.69, 4906.87, 0]
  }, {
    "period": "2020-09-30",
    "values": [248.54, 67.07, 632.39, 0]
  }]
}