{"nodes":[{"layer":1,"name":"Pathways Non-Clinician","fill":"#9E0142","label":"Initial Skillset"},{"layer":1,"name":"Pathways GP","fill":"#9E0142","label":"Initial Skillset"},{"layer":2,"name":"Pathways Clinician","fill":"#F46D43","label":"Final Skillset"},{"layer":2,"name":"Pathways Non-Clinician","fill":"#F46D43","label":"Final Skillset"},{"layer":2,"name":"Pathways GP","fill":"#F46D43","label":"Final Skillset"},{"layer":2,"name":"OLC Clinician (Advice)","fill":"#F46D43","label":"Final Skillset"},{"layer":3,"name":"Emergency Department (ED)","fill":"#FEE08B","label":"Service Type"},{"layer":3,"name":"","fill":"#FEE08B","label":"Service Type"},{"layer":3,"name":"Emergency National Response","fill":"#FEE08B","label":"Service Type"}],"links":[{"source":0,"target":2,"value":8,"fill":"#8DD3C7","dx":"5.26 (Other Service)","supply":[{"label":"00 Hours","value":1},{"label":"07 Hours","value":1},{"label":"16 Hours","value":1},{"label":"18 Hours","value":2},{"label":"19 Hours","value":2},{"label":"22 Hours","value":1}],"supplyDx":[{"label":"Dx02: 5.24 (A&E)","value":7},{"label":"Dx03: 5.24 (A&E)","value":1}],"supplySG":[{"Symptom_Group_Code":"1039","Symptom_Group_Description":"Chest and Upper Back Pain (6.4)","Symptom_Discriminator_Code":"4052","Symptom_Descriminator_Description":"ED full ED assessment and management capability","value":3},{"Symptom_Group_Code":"1119","Symptom_Group_Description":"Leg Injury; Blunt (6.4)","Symptom_Discriminator_Code":"4052","Symptom_Descriminator_Description":"ED full ED assessment and management capability","value":1},{"Symptom_Group_Code":"1131","Symptom_Group_Description":"Nosebleeds without injury (6.4)","Symptom_Discriminator_Code":"4022","Symptom_Descriminator_Description":"ED foreign body; removal required","value":1},{"Symptom_Group_Code":"1206","Symptom_Group_Description":"NHS Pathways in House Clinician","Symptom_Discriminator_Code":"4312","Symptom_Descriminator_Description":"ED extended ophthalmic assessment and prescribing capability (PEARS)","value":3}],"supplyRead":[{"label":"","value":25}]},{"source":0,"target":4,"value":6,"fill":"#8DD3C7","dx":"5.26 (Other Service)","supply":[{"label":"05 Hours","value":1},{"label":"09 Hours","value":1},{"label":"11 Hours","value":2},{"label":"16 Hours","value":1},{"label":"20 Hours","value":1}],"supplyDx":[{"label":"Dx02: 5.24 (A&E)","value":1},{"label":"Dx03: 5.24 (A&E)","value":2},{"label":"Dx110: 5.25a (Contact Primary care)","value":1},{"label":"Dx118: 5.25d (Dental)","value":1},{"label":"Dx336: 5.26 (Other Service)","value":1}],"supplySG":[{"Symptom_Group_Code":"1034","Symptom_Group_Description":"Breathing Problems; Breathlessness or Wheeze (6.4)","Symptom_Discriminator_Code":"4052","Symptom_Descriminator_Description":"ED full ED assessment and management capability","value":1},{"Symptom_Group_Code":"1059","Symptom_Group_Description":"Dizziness or Vertigo (6.4)","Symptom_Discriminator_Code":"4052","Symptom_Descriminator_Description":"ED full ED assessment and management capability","value":1},{"Symptom_Group_Code":"1137","Symptom_Group_Description":"Palpitations (6.4)","Symptom_Discriminator_Code":"4052","Symptom_Descriminator_Description":"ED full ED assessment and management capability","value":1},{"Symptom_Group_Code":"1206","Symptom_Group_Description":"NHS Pathways in House Clinician","Symptom_Discriminator_Code":"4312","Symptom_Descriminator_Description":"ED extended ophthalmic assessment and prescribing capability (PEARS)","value":2},{"Symptom_Group_Code":"NA","Symptom_Group_Description":"NA","Symptom_Discriminator_Code":"NA","Symptom_Descriminator_Description":"NA","value":1}],"supplyRead":[{"label":"","value":25}]},{"source":0,"target":4,"value":1,"fill":"#BEBADA","dx":"5.25a (Contact Primary care)","supply":[{"label":"05 Hours","value":1}],"supplyDx":[{"label":"Dx012: 5.23 (Ambulance)","value":1}],"supplySG":[{"Symptom_Group_Code":"NA","Symptom_Group_Description":"NA","Symptom_Discriminator_Code":"NA","Symptom_Descriminator_Description":"NA","value":1}],"supplyRead":[]},{"source":0,"target":4,"value":2,"fill":"#FB8072","dx":"5.25b (Speak to Primary care)","supply":[{"label":"08 Hours","value":1},{"label":"10 Hours","value":1}],"supplyDx":[{"label":"Dx02: 5.24 (A&E)","value":1},{"label":"Dx03: 5.24 (A&E)","value":1}],"supplySG":[{"Symptom_Group_Code":"1089","Symptom_Group_Description":"Flank or Side Pain (6.4)","Symptom_Discriminator_Code":"4052","Symptom_Descriminator_Description":"ED full ED assessment and management capability","value":1},{"Symptom_Group_Code":"1159","Symptom_Group_Description":"Symptoms without specific Pathway (6.4)","Symptom_Discriminator_Code":"4003","Symptom_Descriminator_Description":"PC full Primary Care assessment and prescribing capability","value":1}],"supplyRead":[]},{"source":0,"target":5,"value":1,"fill":"#80B1D3","dx":"5.27a (Health Information)","supply":[{"label":"08 Hours","value":1}],"supplyDx":[{"label":"Dx03: 5.24 (A&E)","value":1}],"supplySG":[{"Symptom_Group_Code":"1140","Symptom_Group_Description":"Predetermined Management Plan (6.4)","Symptom_Discriminator_Code":"4323","Symptom_Descriminator_Description":"CN Community Nurse","value":1}],"supplyRead":[{"label":"","value":5}]},{"source":0,"target":5,"value":1,"fill":"#8DD3C7","dx":"5.26 (Other Service)","supply":[{"label":"20 Hours","value":1}],"supplyDx":[{"label":"Dx02: 5.24 (A&E)","value":1}],"supplySG":[{"Symptom_Group_Code":"1011","Symptom_Group_Description":"Ankle or Foot Injury; Blunt (6.4)","Symptom_Discriminator_Code":"4052","Symptom_Descriminator_Description":"ED full ED assessment and management capability","value":1}],"supplyRead":[{"label":"","value":25}]},{"source":0,"target":6,"value":20,"fill":"#FFFFB3","dx":"5.24 (A&E)","supply":[{"label":"02 Hours","value":1},{"label":"06 Hours","value":1},{"label":"07 Hours","value":2},{"label":"10 Hours","value":2},{"label":"15 Hours","value":1},{"label":"16 Hours","value":1},{"label":"18 Hours","value":1},{"label":"19 Hours","value":1},{"label":"20 Hours","value":1},{"label":"21 Hours","value":4},{"label":"22 Hours","value":4},{"label":"23 Hours","value":1}],"supplyDx":[{"label":"Dx02: 5.24 (A&E)","value":19},{"label":"Dx03: 5.24 (A&E)","value":1}],"supplySG":[{"Symptom_Group_Code":"1004","Symptom_Group_Description":"Abdominal Pain (6.4)","Symptom_Discriminator_Code":"4052","Symptom_Descriminator_Description":"ED full ED assessment and management capability","value":1},{"Symptom_Group_Code":"1011","Symptom_Group_Description":"Ankle or Foot Injury; Blunt (6.4)","Symptom_Discriminator_Code":"4052","Symptom_Descriminator_Description":"ED full ED assessment and management capability","value":1},{"Symptom_Group_Code":"1014","Symptom_Group_Description":"Arm Injury; Blunt (6.4)","Symptom_Discriminator_Code":"4052","Symptom_Descriminator_Description":"ED full ED assessment and management capability","value":1},{"Symptom_Group_Code":"1038","Symptom_Group_Description":"Burn; Thermal (6.4)","Symptom_Discriminator_Code":"4052","Symptom_Descriminator_Description":"ED full ED assessment and management capability","value":1},{"Symptom_Group_Code":"1039","Symptom_Group_Description":"Chest and Upper Back Pain (6.4)","Symptom_Discriminator_Code":"4052","Symptom_Descriminator_Description":"ED full ED assessment and management capability","value":4},{"Symptom_Group_Code":"1059","Symptom_Group_Description":"Dizziness or Vertigo (6.4)","Symptom_Discriminator_Code":"4052","Symptom_Descriminator_Description":"ED full ED assessment and management capability","value":1},{"Symptom_Group_Code":"1076","Symptom_Group_Description":"Eye; Visual Loss or Disturbance (6.4)","Symptom_Discriminator_Code":"4312","Symptom_Descriminator_Description":"ED extended ophthalmic assessment and prescribing capability (PEARS)","value":2},{"Symptom_Group_Code":"1086","Symptom_Group_Description":"Finger or Thumb Injury; Penetrating (6.4)","Symptom_Discriminator_Code":"4009","Symptom_Descriminator_Description":"ED amputation; digit","value":1},{"Symptom_Group_Code":"1107","Symptom_Group_Description":"Hand or Wrist Injury; Blunt (6.4)","Symptom_Discriminator_Code":"4052","Symptom_Descriminator_Description":"ED full ED assessment and management capability","value":1},{"Symptom_Group_Code":"1137","Symptom_Group_Description":"Palpitations (6.4)","Symptom_Discriminator_Code":"4052","Symptom_Descriminator_Description":"ED full ED assessment and management capability","value":1},{"Symptom_Group_Code":"1140","Symptom_Group_Description":"Predetermined Management Plan (6.4)","Symptom_Discriminator_Code":"4323","Symptom_Descriminator_Description":"CN Community Nurse","value":4},{"Symptom_Group_Code":"1164","Symptom_Group_Description":"Toe Injury; Blunt (6.4)","Symptom_Discriminator_Code":"4014","Symptom_Descriminator_Description":"ED constricting object; removal required","value":1},{"Symptom_Group_Code":"1179","Symptom_Group_Description":"Vomiting (6.4)","Symptom_Discriminator_Code":"4052","Symptom_Descriminator_Description":"ED full ED assessment and management capability","value":1}],"supplyRead":[{"label":"","value":100}]},{"source":1,"target":7,"value":1,"fill":"#BEBADA","dx":"5.25a (Contact Primary care)","supply":[{"label":"20 Hours","value":1}],"supplyDx":[{"label":"Dx05: 5.25a (Contact Primary care)","value":1}],"supplySG":[{"Symptom_Group_Code":"NA","Symptom_Group_Description":"NA","Symptom_Discriminator_Code":"NA","Symptom_Descriminator_Description":"NA","value":1}],"supplyRead":[{"label":"","value":5}]},{"source":1,"target":7,"value":1,"fill":"#FFFFB3","dx":"5.24 (A&E)","supply":[{"label":"22 Hours","value":1}],"supplyDx":[{"label":"Dx02: 5.24 (A&E)","value":1}],"supplySG":[{"Symptom_Group_Code":"1159","Symptom_Group_Description":"Symptoms without specific Pathway (6.4)","Symptom_Discriminator_Code":"4003","Symptom_Descriminator_Description":"PC full Primary Care assessment and prescribing capability","value":1}],"supplyRead":[{"label":"","value":5}]},{"source":2,"target":6,"value":8,"fill":"#FFFFB3","dx":"5.24 (A&E)","supply":[{"label":"00 Hours","value":1},{"label":"07 Hours","value":1},{"label":"16 Hours","value":1},{"label":"18 Hours","value":2},{"label":"19 Hours","value":2},{"label":"22 Hours","value":1}],"supplyDx":[{"label":"1159£Symptoms without specific Pathway (6.4)£4003£PC full Primary Care assessment and prescribing capability","value":1}],"supplySG":[{"Symptom_Group_Code":"1039","Symptom_Group_Description":"Chest and Upper Back Pain (6.4)","Symptom_Discriminator_Code":"4052","Symptom_Descriminator_Description":"ED full ED assessment and management capability","value":3},{"Symptom_Group_Code":"1119","Symptom_Group_Description":"Leg Injury; Blunt (6.4)","Symptom_Discriminator_Code":"4052","Symptom_Descriminator_Description":"ED full ED assessment and management capability","value":1},{"Symptom_Group_Code":"1131","Symptom_Group_Description":"Nosebleeds without injury (6.4)","Symptom_Discriminator_Code":"4022","Symptom_Descriminator_Description":"ED foreign body; removal required","value":1},{"Symptom_Group_Code":"1206","Symptom_Group_Description":"NHS Pathways in House Clinician","Symptom_Discriminator_Code":"4312","Symptom_Descriminator_Description":"ED extended ophthalmic assessment and prescribing capability (PEARS)","value":3}],"supplyRead":[{"label":"","value":40}]},{"source":4,"target":6,"value":1,"fill":"#B3DE69","dx":"5.25d (Dental)","supply":[{"label":"09 Hours","value":1}],"supplyDx":[{"label":"1159£Symptoms without specific Pathway (6.4)£4003£PC full Primary Care assessment and prescribing capability","value":1}],"supplySG":[{"Symptom_Group_Code":"NA","Symptom_Group_Description":"NA","Symptom_Discriminator_Code":"NA","Symptom_Descriminator_Description":"NA","value":1}],"supplyRead":[{"label":"","value":5}]},{"source":4,"target":6,"value":4,"fill":"#FFFFB3","dx":"5.24 (A&E)","supply":[{"label":"10 Hours","value":1},{"label":"11 Hours","value":2},{"label":"20 Hours","value":1}],"supplyDx":[{"label":"1159£Symptoms without specific Pathway (6.4)£4003£PC full Primary Care assessment and prescribing capability","value":1}],"supplySG":[{"Symptom_Group_Code":"1034","Symptom_Group_Description":"Breathing Problems; Breathlessness or Wheeze (6.4)","Symptom_Discriminator_Code":"4052","Symptom_Descriminator_Description":"ED full ED assessment and management capability","value":1},{"Symptom_Group_Code":"1059","Symptom_Group_Description":"Dizziness or Vertigo (6.4)","Symptom_Discriminator_Code":"4052","Symptom_Descriminator_Description":"ED full ED assessment and management capability","value":1},{"Symptom_Group_Code":"1089","Symptom_Group_Description":"Flank or Side Pain (6.4)","Symptom_Discriminator_Code":"4052","Symptom_Descriminator_Description":"ED full ED assessment and management capability","value":1},{"Symptom_Group_Code":"1137","Symptom_Group_Description":"Palpitations (6.4)","Symptom_Discriminator_Code":"4052","Symptom_Descriminator_Description":"ED full ED assessment and management capability","value":1}],"supplyRead":[{"label":"","value":20}]},{"source":4,"target":7,"value":1,"fill":"#8DD3C7","dx":"5.26 (Other Service)","supply":[{"label":"05 Hours","value":1}],"supplyDx":[{"label":"1159£Symptoms without specific Pathway (6.4)£4003£PC full Primary Care assessment and prescribing capability","value":1}],"supplySG":[{"Symptom_Group_Code":"1206","Symptom_Group_Description":"NHS Pathways in House Clinician","Symptom_Discriminator_Code":"4312","Symptom_Descriminator_Description":"ED extended ophthalmic assessment and prescribing capability (PEARS)","value":1}],"supplyRead":[{"label":"","value":5}]},{"source":4,"target":7,"value":1,"fill":"#FDB462","dx":"5.23 (Ambulance)","supply":[{"label":"05 Hours","value":1}],"supplyDx":[{"label":"1159£Symptoms without specific Pathway (6.4)£4003£PC full Primary Care assessment and prescribing capability","value":1}],"supplySG":[{"Symptom_Group_Code":"NA","Symptom_Group_Description":"NA","Symptom_Discriminator_Code":"NA","Symptom_Descriminator_Description":"NA","value":1}],"supplyRead":[{"label":"","value":5}]},{"source":4,"target":7,"value":1,"fill":"#FFFFB3","dx":"5.24 (A&E)","supply":[{"label":"08 Hours","value":1},{"label":"22 Hours","value":1}],"supplyDx":[{"label":"1159£Symptoms without specific Pathway (6.4)£4003£PC full Primary Care assessment and prescribing capability","value":1}],"supplySG":[{"Symptom_Group_Code":"1159","Symptom_Group_Description":"Symptoms without specific Pathway (6.4)","Symptom_Discriminator_Code":"4003","Symptom_Descriminator_Description":"PC full Primary Care assessment and prescribing capability","value":2}],"supplyRead":[{"label":"","value":10}]},{"source":4,"target":8,"value":1,"fill":"#BEBADA","dx":"5.25a (Contact Primary care)","supply":[{"label":"16 Hours","value":1}],"supplyDx":[{"label":"1159£Symptoms without specific Pathway (6.4)£4003£PC full Primary Care assessment and prescribing capability","value":1}],"supplySG":[{"Symptom_Group_Code":"1206","Symptom_Group_Description":"NHS Pathways in House Clinician","Symptom_Discriminator_Code":"4312","Symptom_Descriminator_Description":"ED extended ophthalmic assessment and prescribing capability (PEARS)","value":1}],"supplyRead":[{"label":"","value":5}]},{"source":5,"target":6,"value":2,"fill":"#FFFFB3","dx":"5.24 (A&E)","supply":[{"label":"08 Hours","value":1},{"label":"20 Hours","value":1}],"supplyDx":[{"label":"1159£Symptoms without specific Pathway (6.4)£4003£PC full Primary Care assessment and prescribing capability","value":1}],"supplySG":[{"Symptom_Group_Code":"1011","Symptom_Group_Description":"Ankle or Foot Injury; Blunt (6.4)","Symptom_Discriminator_Code":"4052","Symptom_Descriminator_Description":"ED full ED assessment and management capability","value":1},{"Symptom_Group_Code":"1140","Symptom_Group_Description":"Predetermined Management Plan (6.4)","Symptom_Discriminator_Code":"4323","Symptom_Descriminator_Description":"CN Community Nurse","value":1}],"supplyRead":[{"label":"","value":10}]}]}