{"nodes":[{"layer":1,"name":"Pathways GP","fill":"#9E0142","label":"Initial Skillset"},{"layer":1,"name":"Pathways Non-Clinician","fill":"#9E0142","label":"Initial Skillset"},{"layer":1,"name":"Service Advisor","fill":"#9E0142","label":"Initial Skillset"},{"layer":2,"name":"Pathways GP","fill":"#F46D43","label":"Final Skillset"},{"layer":2,"name":"Pathways Non-Clinician","fill":"#F46D43","label":"Final Skillset"},{"layer":2,"name":"Pathways Clinician","fill":"#F46D43","label":"Final Skillset"},{"layer":3,"name":"Emergency Department (ED)","fill":"#FEE08B","label":"Service Type"},{"layer":3,"name":"","fill":"#FEE08B","label":"Service Type"},{"layer":3,"name":"Urgent Care Centre (UCC)","fill":"#FEE08B","label":"Service Type"},{"layer":3,"name":"Integrated Urgent Care (IUC) Treatment Service","fill":"#FEE08B","label":"Service Type"},{"layer":3,"name":"Emergency Department (ED) Eye Casualty","fill":"#FEE08B","label":"Service Type"}],"links":[{"source":0,"target":6,"value":4,"fill":"#8DD3C7","dx":"A&E","supply":[{"label":"00 Hours","value":1},{"label":"08 Hours","value":1},{"label":"11 Hours","value":1},{"label":"14 Hours","value":1}],"supplyDx":[{"label":"Dx02: 5.24 (A&E)","value":3},{"label":"Dx03: 5.24 (A&E)","value":1}],"supplySG":[{"Symptom_Group_Code":"1004","Symptom_Group_Description":"Abdominal Pain (6.4)","Symptom_Discriminator_Code":"4052","Symptom_Descriminator_Description":"ED full ED assessment and management capability","value":1},{"Symptom_Group_Code":"1159","Symptom_Group_Description":"Symptoms without specific Pathway (6.4)","Symptom_Discriminator_Code":"4003","Symptom_Descriminator_Description":"PC full Primary Care assessment and prescribing capability","value":2},{"Symptom_Group_Code":"1176","Symptom_Group_Description":"Vaginal Discharge (6.4)","Symptom_Discriminator_Code":"4052","Symptom_Descriminator_Description":"ED full ED assessment and management capability","value":1}],"supplyRead":[{"label":"","value":20}]},{"source":0,"target":7,"value":1,"fill":"#80B1D3","dx":"Contact Primary care","supply":[{"label":"10 Hours","value":1}],"supplyDx":[{"label":"Dx05: 5.25a (Contact Primary care)","value":1}],"supplySG":[{"Symptom_Group_Code":"1047","Symptom_Group_Description":"Cough (6.4)","Symptom_Discriminator_Code":"4052","Symptom_Descriminator_Description":"ED full ED assessment and management capability","value":1}],"supplyRead":[{"label":"","value":5}]},{"source":0,"target":7,"value":2,"fill":"#FFFFB3","dx":"Non Clinical","supply":[{"label":"11 Hours","value":1},{"label":"17 Hours","value":1}],"supplyDx":[{"label":"Dx108: 5.27c (Non Clinical)","value":2}],"supplySG":[{"Symptom_Group_Code":"1206","Symptom_Group_Description":"NHS Pathways in House Clinician","Symptom_Discriminator_Code":"4312","Symptom_Descriminator_Description":"ED extended ophthalmic assessment and prescribing capability (PEARS)","value":2}],"supplyRead":[{"label":"","value":10}]},{"source":0,"target":8,"value":1,"fill":"#80B1D3","dx":"Contact Primary care","supply":[{"label":"11 Hours","value":1}],"supplyDx":[{"label":"Dx07: 5.25a (Contact Primary care)","value":1}],"supplySG":[{"Symptom_Group_Code":"1047","Symptom_Group_Description":"Cough (6.4)","Symptom_Discriminator_Code":"4052","Symptom_Descriminator_Description":"ED full ED assessment and management capability","value":1}],"supplyRead":[{"label":"","value":5}]},{"source":0,"target":9,"value":1,"fill":"#80B1D3","dx":"Contact Primary care","supply":[{"label":"15 Hours","value":1}],"supplyDx":[{"label":"Dx06: 5.25a (Contact Primary care)","value":1}],"supplySG":[{"Symptom_Group_Code":"1084","Symptom_Group_Description":"Fever (6.4)","Symptom_Discriminator_Code":"4052","Symptom_Descriminator_Description":"ED full ED assessment and management capability","value":1}],"supplyRead":[{"label":"","value":4},{"label":"R0062","value":1}]},{"source":1,"target":3,"value":2,"fill":"#80B1D3","dx":"Contact Primary care","supply":[{"label":"07 Hours","value":1},{"label":"19 Hours","value":1}],"supplyDx":[{"label":"Dx02: 5.24 (A&E)","value":1},{"label":"Dx108: 5.27c (Non Clinical)","value":1}],"supplySG":[{"Symptom_Group_Code":"1058","Symptom_Group_Description":"Difficulty Swallowing (6.4)","Symptom_Discriminator_Code":"4003","Symptom_Descriminator_Description":"PC full Primary Care assessment and prescribing capability","value":1},{"Symptom_Group_Code":"1206","Symptom_Group_Description":"NHS Pathways in House Clinician","Symptom_Discriminator_Code":"4312","Symptom_Descriminator_Description":"ED extended ophthalmic assessment and prescribing capability (PEARS)","value":1}],"supplyRead":[]},{"source":1,"target":3,"value":1,"fill":"#8DD3C7","dx":"A&E","supply":[{"label":"11 Hours","value":1}],"supplyDx":[{"label":"Dx02: 5.24 (A&E)","value":1}],"supplySG":[{"Symptom_Group_Code":"1203","Symptom_Group_Description":"Mental Health Problem (7.0)","Symptom_Discriminator_Code":"4245","Symptom_Descriminator_Description":"ED suicidal; no means nor plan","value":1}],"supplyRead":[{"label":"","value":30}]},{"source":1,"target":3,"value":13,"fill":"#BEBADA","dx":"Speak to Primary care","supply":[{"label":"06 Hours","value":2},{"label":"07 Hours","value":1},{"label":"08 Hours","value":2},{"label":"09 Hours","value":1},{"label":"10 Hours","value":2},{"label":"13 Hours","value":1},{"label":"17 Hours","value":2},{"label":"19 Hours","value":1},{"label":"23 Hours","value":1}],"supplyDx":[{"label":"Dx02: 5.24 (A&E)","value":10},{"label":"Dx03: 5.24 (A&E)","value":1},{"label":"Dx108: 5.27c (Non Clinical)","value":1},{"label":"Dx92: 5.24 (A&E)","value":1}],"supplySG":[{"Symptom_Group_Code":"1034","Symptom_Group_Description":"Breathing Problems; Breathlessness or Wheeze (6.4)","Symptom_Discriminator_Code":"4052","Symptom_Descriminator_Description":"ED full ED assessment and management capability","value":1},{"Symptom_Group_Code":"1047","Symptom_Group_Description":"Cough (6.4)","Symptom_Discriminator_Code":"4052","Symptom_Descriminator_Description":"ED full ED assessment and management capability","value":1},{"Symptom_Group_Code":"1058","Symptom_Group_Description":"Difficulty Swallowing (6.4)","Symptom_Discriminator_Code":"4003","Symptom_Descriminator_Description":"PC full Primary Care assessment and prescribing capability","value":1},{"Symptom_Group_Code":"1084","Symptom_Group_Description":"Fever (6.4)","Symptom_Discriminator_Code":"4052","Symptom_Descriminator_Description":"ED full ED assessment and management capability","value":4},{"Symptom_Group_Code":"1159","Symptom_Group_Description":"Symptoms without specific Pathway (6.4)","Symptom_Discriminator_Code":"4003","Symptom_Descriminator_Description":"PC full Primary Care assessment and prescribing capability","value":1},{"Symptom_Group_Code":"1172","Symptom_Group_Description":"Unwell; Under 1 Year Old (6.4)","Symptom_Discriminator_Code":"4052","Symptom_Descriminator_Description":"ED full ED assessment and management capability","value":2},{"Symptom_Group_Code":"1174","Symptom_Group_Description":"Vaginal Bleeding (6.4)","Symptom_Discriminator_Code":"4052","Symptom_Descriminator_Description":"ED full ED assessment and management capability","value":1},{"Symptom_Group_Code":"1206","Symptom_Group_Description":"NHS Pathways in House Clinician","Symptom_Discriminator_Code":"4312","Symptom_Descriminator_Description":"ED extended ophthalmic assessment and prescribing capability (PEARS)","value":2}],"supplyRead":[{"label":"","value":30}]},{"source":1,"target":3,"value":17,"fill":"#FB8072","dx":"Other Service","supply":[{"label":"08 Hours","value":3},{"label":"09 Hours","value":1},{"label":"11 Hours","value":2},{"label":"12 Hours","value":2},{"label":"13 Hours","value":1},{"label":"14 Hours","value":3},{"label":"15 Hours","value":1},{"label":"16 Hours","value":1},{"label":"18 Hours","value":1},{"label":"19 Hours","value":1},{"label":"21 Hours","value":1}],"supplyDx":[{"label":"Dx02: 5.24 (A&E)","value":14},{"label":"Dx03: 5.24 (A&E)","value":2},{"label":"Dx108: 5.27c (Non Clinical)","value":1}],"supplySG":[{"Symptom_Group_Code":"1004","Symptom_Group_Description":"Abdominal Pain (6.4)","Symptom_Discriminator_Code":"4052","Symptom_Descriminator_Description":"ED full ED assessment and management capability","value":1},{"Symptom_Group_Code":"1034","Symptom_Group_Description":"Breathing Problems; Breathlessness or Wheeze (6.4)","Symptom_Discriminator_Code":"4052","Symptom_Descriminator_Description":"ED full ED assessment and management capability","value":4},{"Symptom_Group_Code":"1040","Symptom_Group_Description":"Chest or Upper Back Injury; Blunt (6.4)","Symptom_Discriminator_Code":"4052","Symptom_Descriminator_Description":"ED full ED assessment and management capability","value":1},{"Symptom_Group_Code":"1084","Symptom_Group_Description":"Fever (6.4)","Symptom_Discriminator_Code":"4052","Symptom_Descriminator_Description":"ED full ED assessment and management capability","value":1},{"Symptom_Group_Code":"1112","Symptom_Group_Description":"Headache (6.4)","Symptom_Discriminator_Code":"4052","Symptom_Descriminator_Description":"ED full ED assessment and management capability","value":2},{"Symptom_Group_Code":"1156","Symptom_Group_Description":"Sore Throat (6.4)","Symptom_Discriminator_Code":"4389","Symptom_Descriminator_Description":"ED post tonsillectomy bleeding","value":1},{"Symptom_Group_Code":"1159","Symptom_Group_Description":"Symptoms without specific Pathway (6.4)","Symptom_Discriminator_Code":"4003","Symptom_Descriminator_Description":"PC full Primary Care assessment and prescribing capability","value":2},{"Symptom_Group_Code":"1170","Symptom_Group_Description":"Toxic Ingestion/Inhalation/Overdose (6.4)","Symptom_Discriminator_Code":"4052","Symptom_Descriminator_Description":"ED full ED assessment and management capability","value":2},{"Symptom_Group_Code":"1174","Symptom_Group_Description":"Vaginal Bleeding (6.4)","Symptom_Discriminator_Code":"4052","Symptom_Descriminator_Description":"ED full ED assessment and management capability","value":1},{"Symptom_Group_Code":"1181","Symptom_Group_Description":"Wound Problems (6.4)","Symptom_Discriminator_Code":"4052","Symptom_Descriminator_Description":"ED full ED assessment and management capability","value":1},{"Symptom_Group_Code":"1206","Symptom_Group_Description":"NHS Pathways in House Clinician","Symptom_Discriminator_Code":"4312","Symptom_Descriminator_Description":"ED extended ophthalmic assessment and prescribing capability (PEARS)","value":1}],"supplyRead":[{"label":"","value":30}]},{"source":1,"target":3,"value":3,"fill":"#FFFFB3","dx":"Non Clinical","supply":[{"label":"00 Hours","value":1},{"label":"11 Hours","value":1},{"label":"20 Hours","value":1}],"supplyDx":[{"label":"Dx02: 5.24 (A&E)","value":3}],"supplySG":[{"Symptom_Group_Code":"1159","Symptom_Group_Description":"Symptoms without specific Pathway (6.4)","Symptom_Discriminator_Code":"4003","Symptom_Descriminator_Description":"PC full Primary Care assessment and prescribing capability","value":3}],"supplyRead":[{"label":"","value":4},{"label":"419..","value":1}]},{"source":1,"target":5,"value":1,"fill":"#BEBADA","dx":"Speak to Primary care","supply":[{"label":"04 Hours","value":1}],"supplyDx":[{"label":"Dx02: 5.24 (A&E)","value":1}],"supplySG":[{"Symptom_Group_Code":"1175","Symptom_Group_Description":"Vaginal Bleeding; Pregnant (6.4)","Symptom_Discriminator_Code":"4052","Symptom_Descriminator_Description":"ED full ED assessment and management capability","value":1}],"supplyRead":[{"label":"","value":30}]},{"source":1,"target":5,"value":5,"fill":"#FB8072","dx":"Other Service","supply":[{"label":"05 Hours","value":1},{"label":"08 Hours","value":1},{"label":"11 Hours","value":1},{"label":"15 Hours","value":1},{"label":"16 Hours","value":1}],"supplyDx":[{"label":"Dx02: 5.24 (A&E)","value":4},{"label":"Dx03: 5.24 (A&E)","value":1}],"supplySG":[{"Symptom_Group_Code":"1039","Symptom_Group_Description":"Chest and Upper Back Pain (6.4)","Symptom_Discriminator_Code":"4052","Symptom_Descriminator_Description":"ED full ED assessment and management capability","value":2},{"Symptom_Group_Code":"1040","Symptom_Group_Description":"Chest or Upper Back Injury; Blunt (6.4)","Symptom_Discriminator_Code":"4052","Symptom_Descriminator_Description":"ED full ED assessment and management capability","value":1},{"Symptom_Group_Code":"1170","Symptom_Group_Description":"Toxic Ingestion/Inhalation/Overdose (6.4)","Symptom_Discriminator_Code":"4052","Symptom_Descriminator_Description":"ED full ED assessment and management capability","value":1},{"Symptom_Group_Code":"1206","Symptom_Group_Description":"NHS Pathways in House Clinician","Symptom_Discriminator_Code":"4312","Symptom_Descriminator_Description":"ED extended ophthalmic assessment and prescribing capability (PEARS)","value":1}],"supplyRead":[{"label":"","value":30}]},{"source":1,"target":6,"value":43,"fill":"#8DD3C7","dx":"A&E","supply":[{"label":"00 Hours","value":1},{"label":"07 Hours","value":1},{"label":"08 Hours","value":5},{"label":"09 Hours","value":4},{"label":"10 Hours","value":1},{"label":"11 Hours","value":2},{"label":"12 Hours","value":2},{"label":"13 Hours","value":2},{"label":"14 Hours","value":3},{"label":"15 Hours","value":4},{"label":"16 Hours","value":4},{"label":"17 Hours","value":3},{"label":"18 Hours","value":2},{"label":"19 Hours","value":1},{"label":"20 Hours","value":1},{"label":"22 Hours","value":4},{"label":"23 Hours","value":3}],"supplyDx":[{"label":"Dx02: 5.24 (A&E)","value":40},{"label":"Dx03: 5.24 (A&E)","value":3}],"supplySG":[{"Symptom_Group_Code":"1010","Symptom_Group_Description":"Allergic Reaction (6.4)","Symptom_Discriminator_Code":"4052","Symptom_Descriminator_Description":"ED full ED assessment and management capability","value":1},{"Symptom_Group_Code":"1021","Symptom_Group_Description":"Bites; Animal (6.4)","Symptom_Discriminator_Code":"4052","Symptom_Descriminator_Description":"ED full ED assessment and management capability","value":1},{"Symptom_Group_Code":"1038","Symptom_Group_Description":"Burn; Thermal (6.4)","Symptom_Discriminator_Code":"4052","Symptom_Descriminator_Description":"ED full ED assessment and management capability","value":1},{"Symptom_Group_Code":"1039","Symptom_Group_Description":"Chest and Upper Back Pain (6.4)","Symptom_Discriminator_Code":"4052","Symptom_Descriminator_Description":"ED full ED assessment and management capability","value":10},{"Symptom_Group_Code":"1040","Symptom_Group_Description":"Chest or Upper Back Injury; Blunt (6.4)","Symptom_Discriminator_Code":"4052","Symptom_Descriminator_Description":"ED full ED assessment and management capability","value":1},{"Symptom_Group_Code":"1047","Symptom_Group_Description":"Cough (6.4)","Symptom_Discriminator_Code":"4052","Symptom_Descriminator_Description":"ED full ED assessment and management capability","value":1},{"Symptom_Group_Code":"1059","Symptom_Group_Description":"Dizziness or Vertigo (6.4)","Symptom_Discriminator_Code":"4052","Symptom_Descriminator_Description":"ED full ED assessment and management capability","value":1},{"Symptom_Group_Code":"1101","Symptom_Group_Description":"Genital Problems (6.4)","Symptom_Discriminator_Code":"4052","Symptom_Descriminator_Description":"ED full ED assessment and management capability","value":2},{"Symptom_Group_Code":"1108","Symptom_Group_Description":"Hand or Wrist Injury; Penetrating (6.4)","Symptom_Discriminator_Code":"4014","Symptom_Descriminator_Description":"ED constricting object; removal required","value":3},{"Symptom_Group_Code":"1110","Symptom_Group_Description":"Head; Facial or Neck Injury; Blunt (6.4)","Symptom_Discriminator_Code":"4052","Symptom_Descriminator_Description":"ED full ED assessment and management capability","value":6},{"Symptom_Group_Code":"1137","Symptom_Group_Description":"Palpitations (6.4)","Symptom_Discriminator_Code":"4052","Symptom_Descriminator_Description":"ED full ED assessment and management capability","value":4},{"Symptom_Group_Code":"1140","Symptom_Group_Description":"Predetermined Management Plan (6.4)","Symptom_Discriminator_Code":"4323","Symptom_Descriminator_Description":"CN Community Nurse","value":5},{"Symptom_Group_Code":"1143","Symptom_Group_Description":"Rectal Bleeding (6.4)","Symptom_Discriminator_Code":"4052","Symptom_Descriminator_Description":"ED full ED assessment and management capability","value":2},{"Symptom_Group_Code":"1152","Symptom_Group_Description":"Skin; Rash (6.4)","Symptom_Discriminator_Code":"4052","Symptom_Descriminator_Description":"ED full ED assessment and management capability","value":1},{"Symptom_Group_Code":"1164","Symptom_Group_Description":"Toe Injury; Blunt (6.4)","Symptom_Discriminator_Code":"4014","Symptom_Descriminator_Description":"ED constricting object; removal required","value":1},{"Symptom_Group_Code":"1172","Symptom_Group_Description":"Unwell; Under 1 Year Old (6.4)","Symptom_Discriminator_Code":"4052","Symptom_Descriminator_Description":"ED full ED assessment and management capability","value":2},{"Symptom_Group_Code":"1179","Symptom_Group_Description":"Vomiting (6.4)","Symptom_Discriminator_Code":"4052","Symptom_Descriminator_Description":"ED full ED assessment and management capability","value":1}],"supplyRead":[{"label":"","value":215}]},{"source":1,"target":6,"value":1,"fill":"#FB8072","dx":"Other Service","supply":[{"label":"05 Hours","value":1},{"label":"08 Hours","value":5},{"label":"09 Hours","value":1},{"label":"11 Hours","value":3},{"label":"12 Hours","value":2},{"label":"14 Hours","value":2},{"label":"15 Hours","value":2},{"label":"16 Hours","value":2},{"label":"18 Hours","value":1},{"label":"19 Hours","value":1},{"label":"21 Hours","value":1}],"supplyDx":[{"label":"Dx02: 5.24 (A&E)","value":18},{"label":"Dx03: 5.24 (A&E)","value":2},{"label":"Dx38: 5.26 (Other Service)","value":1}],"supplySG":[{"Symptom_Group_Code":"1004","Symptom_Group_Description":"Abdominal Pain (6.4)","Symptom_Discriminator_Code":"4052","Symptom_Descriminator_Description":"ED full ED assessment and management capability","value":1},{"Symptom_Group_Code":"1034","Symptom_Group_Description":"Breathing Problems; Breathlessness or Wheeze (6.4)","Symptom_Discriminator_Code":"4052","Symptom_Descriminator_Description":"ED full ED assessment and management capability","value":4},{"Symptom_Group_Code":"1039","Symptom_Group_Description":"Chest and Upper Back Pain (6.4)","Symptom_Discriminator_Code":"4052","Symptom_Descriminator_Description":"ED full ED assessment and management capability","value":2},{"Symptom_Group_Code":"1040","Symptom_Group_Description":"Chest or Upper Back Injury; Blunt (6.4)","Symptom_Discriminator_Code":"4052","Symptom_Descriminator_Description":"ED full ED assessment and management capability","value":2},{"Symptom_Group_Code":"1074","Symptom_Group_Description":"Eye; Sticky or Watery (6.4)","Symptom_Discriminator_Code":"4311","Symptom_Descriminator_Description":"PC extended ophthalmic assessment and management capability; minor condition (PEARS) ","value":1},{"Symptom_Group_Code":"1084","Symptom_Group_Description":"Fever (6.4)","Symptom_Discriminator_Code":"4052","Symptom_Descriminator_Description":"ED full ED assessment and management capability","value":1},{"Symptom_Group_Code":"1112","Symptom_Group_Description":"Headache (6.4)","Symptom_Discriminator_Code":"4052","Symptom_Descriminator_Description":"ED full ED assessment and management capability","value":2},{"Symptom_Group_Code":"1156","Symptom_Group_Description":"Sore Throat (6.4)","Symptom_Discriminator_Code":"4389","Symptom_Descriminator_Description":"ED post tonsillectomy bleeding","value":1},{"Symptom_Group_Code":"1159","Symptom_Group_Description":"Symptoms without specific Pathway (6.4)","Symptom_Discriminator_Code":"4003","Symptom_Descriminator_Description":"PC full Primary Care assessment and prescribing capability","value":1},{"Symptom_Group_Code":"1170","Symptom_Group_Description":"Toxic Ingestion/Inhalation/Overdose (6.4)","Symptom_Discriminator_Code":"4052","Symptom_Descriminator_Description":"ED full ED assessment and management capability","value":3},{"Symptom_Group_Code":"1174","Symptom_Group_Description":"Vaginal Bleeding (6.4)","Symptom_Discriminator_Code":"4052","Symptom_Descriminator_Description":"ED full ED assessment and management capability","value":1},{"Symptom_Group_Code":"1181","Symptom_Group_Description":"Wound Problems (6.4)","Symptom_Discriminator_Code":"4052","Symptom_Descriminator_Description":"ED full ED assessment and management capability","value":1},{"Symptom_Group_Code":"1206","Symptom_Group_Description":"NHS Pathways in House Clinician","Symptom_Discriminator_Code":"4312","Symptom_Descriminator_Description":"ED extended ophthalmic assessment and prescribing capability (PEARS)","value":1}],"supplyRead":[{"label":"","value":102},{"label":"1B1G.","value":1},{"label":"F583.","value":1},{"label":"T8...","value":1}]},{"source":1,"target":10,"value":1,"fill":"#8DD3C7","dx":"A&E","supply":[{"label":"22 Hours","value":1}],"supplyDx":[{"label":"Dx02: 5.24 (A&E)","value":1}],"supplySG":[{"Symptom_Group_Code":"1076","Symptom_Group_Description":"Eye; Visual Loss or Disturbance (6.4)","Symptom_Discriminator_Code":"4312","Symptom_Descriminator_Description":"ED extended ophthalmic assessment and prescribing capability (PEARS)","value":1}],"supplyRead":[{"label":"","value":5}]},{"source":2,"target":3,"value":2,"fill":"#8DD3C7","dx":"A&E","supply":[{"label":"14 Hours","value":1},{"label":"17 Hours","value":1}],"supplyDx":[{"label":"Dx02: 5.24 (A&E)","value":2}],"supplySG":[{"Symptom_Group_Code":"1004","Symptom_Group_Description":"Abdominal Pain (6.4)","Symptom_Discriminator_Code":"4052","Symptom_Descriminator_Description":"ED full ED assessment and management capability","value":1},{"Symptom_Group_Code":"1172","Symptom_Group_Description":"Unwell; Under 1 Year Old (6.4)","Symptom_Discriminator_Code":"4052","Symptom_Descriminator_Description":"ED full ED assessment and management capability","value":1}],"supplyRead":[{"label":"","value":5}]},{"source":2,"target":3,"value":1,"fill":"#FFFFB3","dx":"Non Clinical","supply":[{"label":"13 Hours","value":1}],"supplyDx":[{"label":"Dx108: 5.27c (Non Clinical)","value":1}],"supplySG":[{"Symptom_Group_Code":"1206","Symptom_Group_Description":"NHS Pathways in House Clinician","Symptom_Discriminator_Code":"4312","Symptom_Descriminator_Description":"ED extended ophthalmic assessment and prescribing capability (PEARS)","value":1}],"supplyRead":[]},{"source":2,"target":4,"value":2,"fill":"#8DD3C7","dx":"A&E","supply":[{"label":"08 Hours","value":1},{"label":"13 Hours","value":1}],"supplyDx":[{"label":"Dx02: 5.24 (A&E)","value":2}],"supplySG":[{"Symptom_Group_Code":"1039","Symptom_Group_Description":"Chest and Upper Back Pain (6.4)","Symptom_Discriminator_Code":"4052","Symptom_Descriminator_Description":"ED full ED assessment and management capability","value":1},{"Symptom_Group_Code":"1101","Symptom_Group_Description":"Genital Problems (6.4)","Symptom_Discriminator_Code":"4052","Symptom_Descriminator_Description":"ED full ED assessment and management capability","value":1}],"supplyRead":[{"label":"","value":5}]},{"source":3,"target":6,"value":29,"fill":"#8DD3C7","dx":"A&E","supply":[{"label":"00 Hours","value":2},{"label":"06 Hours","value":2},{"label":"07 Hours","value":1},{"label":"08 Hours","value":5},{"label":"09 Hours","value":2},{"label":"10 Hours","value":1},{"label":"11 Hours","value":4},{"label":"12 Hours","value":2},{"label":"13 Hours","value":1},{"label":"14 Hours","value":4},{"label":"15 Hours","value":1},{"label":"16 Hours","value":1},{"label":"17 Hours","value":3},{"label":"18 Hours","value":1},{"label":"19 Hours","value":2},{"label":"21 Hours","value":1}],"supplyDx":[{"label":"1159£Symptoms without specific Pathway (6.4)£4003£PC full Primary Care assessment and prescribing capability","value":1}],"supplySG":[{"Symptom_Group_Code":"1004","Symptom_Group_Description":"Abdominal Pain (6.4)","Symptom_Discriminator_Code":"4052","Symptom_Descriminator_Description":"ED full ED assessment and management capability","value":3},{"Symptom_Group_Code":"1034","Symptom_Group_Description":"Breathing Problems; Breathlessness or Wheeze (6.4)","Symptom_Discriminator_Code":"4052","Symptom_Descriminator_Description":"ED full ED assessment and management capability","value":5},{"Symptom_Group_Code":"1040","Symptom_Group_Description":"Chest or Upper Back Injury; Blunt (6.4)","Symptom_Discriminator_Code":"4052","Symptom_Descriminator_Description":"ED full ED assessment and management capability","value":1},{"Symptom_Group_Code":"1047","Symptom_Group_Description":"Cough (6.4)","Symptom_Discriminator_Code":"4052","Symptom_Descriminator_Description":"ED full ED assessment and management capability","value":1},{"Symptom_Group_Code":"1084","Symptom_Group_Description":"Fever (6.4)","Symptom_Discriminator_Code":"4052","Symptom_Descriminator_Description":"ED full ED assessment and management capability","value":4},{"Symptom_Group_Code":"1112","Symptom_Group_Description":"Headache (6.4)","Symptom_Discriminator_Code":"4052","Symptom_Descriminator_Description":"ED full ED assessment and management capability","value":2},{"Symptom_Group_Code":"1156","Symptom_Group_Description":"Sore Throat (6.4)","Symptom_Discriminator_Code":"4389","Symptom_Descriminator_Description":"ED post tonsillectomy bleeding","value":1},{"Symptom_Group_Code":"1159","Symptom_Group_Description":"Symptoms without specific Pathway (6.4)","Symptom_Discriminator_Code":"4003","Symptom_Descriminator_Description":"PC full Primary Care assessment and prescribing capability","value":6},{"Symptom_Group_Code":"1170","Symptom_Group_Description":"Toxic Ingestion/Inhalation/Overdose (6.4)","Symptom_Discriminator_Code":"4052","Symptom_Descriminator_Description":"ED full ED assessment and management capability","value":2},{"Symptom_Group_Code":"1172","Symptom_Group_Description":"Unwell; Under 1 Year Old (6.4)","Symptom_Discriminator_Code":"4052","Symptom_Descriminator_Description":"ED full ED assessment and management capability","value":3},{"Symptom_Group_Code":"1174","Symptom_Group_Description":"Vaginal Bleeding (6.4)","Symptom_Discriminator_Code":"4052","Symptom_Descriminator_Description":"ED full ED assessment and management capability","value":2},{"Symptom_Group_Code":"1176","Symptom_Group_Description":"Vaginal Discharge (6.4)","Symptom_Discriminator_Code":"4052","Symptom_Descriminator_Description":"ED full ED assessment and management capability","value":1},{"Symptom_Group_Code":"1181","Symptom_Group_Description":"Wound Problems (6.4)","Symptom_Discriminator_Code":"4052","Symptom_Descriminator_Description":"ED full ED assessment and management capability","value":1},{"Symptom_Group_Code":"1206","Symptom_Group_Description":"NHS Pathways in House Clinician","Symptom_Discriminator_Code":"4312","Symptom_Descriminator_Description":"ED extended ophthalmic assessment and prescribing capability (PEARS)","value":1}],"supplyRead":[{"label":"","value":161},{"label":"1B1G.","value":1},{"label":"419..","value":1},{"label":"F583.","value":1},{"label":"T8...","value":1}]},{"source":3,"target":7,"value":5,"fill":"#8DD3C7","dx":"A&E","supply":[{"label":"07 Hours","value":1},{"label":"08 Hours","value":1},{"label":"11 Hours","value":1},{"label":"13 Hours","value":1},{"label":"20 Hours","value":1}],"supplyDx":[{"label":"1159£Symptoms without specific Pathway (6.4)£4003£PC full Primary Care assessment and prescribing capability","value":1}],"supplySG":[{"Symptom_Group_Code":"1058","Symptom_Group_Description":"Difficulty Swallowing (6.4)","Symptom_Discriminator_Code":"4003","Symptom_Descriminator_Description":"PC full Primary Care assessment and prescribing capability","value":2},{"Symptom_Group_Code":"1159","Symptom_Group_Description":"Symptoms without specific Pathway (6.4)","Symptom_Discriminator_Code":"4003","Symptom_Descriminator_Description":"PC full Primary Care assessment and prescribing capability","value":2},{"Symptom_Group_Code":"1203","Symptom_Group_Description":"Mental Health Problem (7.0)","Symptom_Discriminator_Code":"4245","Symptom_Descriminator_Description":"ED suicidal; no means nor plan","value":1}],"supplyRead":[{"label":"","value":25}]},{"source":3,"target":7,"value":4,"fill":"#FFFFB3","dx":"Non Clinical","supply":[{"label":"10 Hours","value":1},{"label":"11 Hours","value":1},{"label":"13 Hours","value":1},{"label":"14 Hours","value":1},{"label":"17 Hours","value":1},{"label":"19 Hours","value":1}],"supplyDx":[{"label":"1159£Symptoms without specific Pathway (6.4)£4003£PC full Primary Care assessment and prescribing capability","value":1}],"supplySG":[{"Symptom_Group_Code":"1206","Symptom_Group_Description":"NHS Pathways in House Clinician","Symptom_Discriminator_Code":"4312","Symptom_Descriminator_Description":"ED extended ophthalmic assessment and prescribing capability (PEARS)","value":6}],"supplyRead":[{"label":"","value":30}]},{"source":3,"target":8,"value":1,"fill":"#8DD3C7","dx":"A&E","supply":[{"label":"23 Hours","value":1}],"supplyDx":[{"label":"1159£Symptoms without specific Pathway (6.4)£4003£PC full Primary Care assessment and prescribing capability","value":1}],"supplySG":[{"Symptom_Group_Code":"1084","Symptom_Group_Description":"Fever (6.4)","Symptom_Discriminator_Code":"4052","Symptom_Descriminator_Description":"ED full ED assessment and management capability","value":1}],"supplyRead":[{"label":"","value":5}]},{"source":4,"target":6,"value":2,"fill":"#8DD3C7","dx":"A&E","supply":[{"label":"00 Hours","value":1},{"label":"07 Hours","value":1},{"label":"08 Hours","value":6},{"label":"09 Hours","value":4},{"label":"10 Hours","value":1},{"label":"11 Hours","value":2},{"label":"12 Hours","value":2},{"label":"13 Hours","value":3},{"label":"14 Hours","value":3},{"label":"15 Hours","value":4},{"label":"16 Hours","value":4},{"label":"17 Hours","value":3},{"label":"18 Hours","value":2},{"label":"19 Hours","value":1},{"label":"20 Hours","value":1},{"label":"22 Hours","value":4},{"label":"23 Hours","value":3}],"supplyDx":[{"label":"1159£Symptoms without specific Pathway (6.4)£4003£PC full Primary Care assessment and prescribing capability","value":1}],"supplySG":[{"Symptom_Group_Code":"1010","Symptom_Group_Description":"Allergic Reaction (6.4)","Symptom_Discriminator_Code":"4052","Symptom_Descriminator_Description":"ED full ED assessment and management capability","value":1},{"Symptom_Group_Code":"1021","Symptom_Group_Description":"Bites; Animal (6.4)","Symptom_Discriminator_Code":"4052","Symptom_Descriminator_Description":"ED full ED assessment and management capability","value":1},{"Symptom_Group_Code":"1038","Symptom_Group_Description":"Burn; Thermal (6.4)","Symptom_Discriminator_Code":"4052","Symptom_Descriminator_Description":"ED full ED assessment and management capability","value":1},{"Symptom_Group_Code":"1039","Symptom_Group_Description":"Chest and Upper Back Pain (6.4)","Symptom_Discriminator_Code":"4052","Symptom_Descriminator_Description":"ED full ED assessment and management capability","value":11},{"Symptom_Group_Code":"1040","Symptom_Group_Description":"Chest or Upper Back Injury; Blunt (6.4)","Symptom_Discriminator_Code":"4052","Symptom_Descriminator_Description":"ED full ED assessment and management capability","value":1},{"Symptom_Group_Code":"1047","Symptom_Group_Description":"Cough (6.4)","Symptom_Discriminator_Code":"4052","Symptom_Descriminator_Description":"ED full ED assessment and management capability","value":1},{"Symptom_Group_Code":"1059","Symptom_Group_Description":"Dizziness or Vertigo (6.4)","Symptom_Discriminator_Code":"4052","Symptom_Descriminator_Description":"ED full ED assessment and management capability","value":1},{"Symptom_Group_Code":"1101","Symptom_Group_Description":"Genital Problems (6.4)","Symptom_Discriminator_Code":"4052","Symptom_Descriminator_Description":"ED full ED assessment and management capability","value":3},{"Symptom_Group_Code":"1108","Symptom_Group_Description":"Hand or Wrist Injury; Penetrating (6.4)","Symptom_Discriminator_Code":"4014","Symptom_Descriminator_Description":"ED constricting object; removal required","value":3},{"Symptom_Group_Code":"1110","Symptom_Group_Description":"Head; Facial or Neck Injury; Blunt (6.4)","Symptom_Discriminator_Code":"4052","Symptom_Descriminator_Description":"ED full ED assessment and management capability","value":6},{"Symptom_Group_Code":"1137","Symptom_Group_Description":"Palpitations (6.4)","Symptom_Discriminator_Code":"4052","Symptom_Descriminator_Description":"ED full ED assessment and management capability","value":4},{"Symptom_Group_Code":"1140","Symptom_Group_Description":"Predetermined Management Plan (6.4)","Symptom_Discriminator_Code":"4323","Symptom_Descriminator_Description":"CN Community Nurse","value":5},{"Symptom_Group_Code":"1143","Symptom_Group_Description":"Rectal Bleeding (6.4)","Symptom_Discriminator_Code":"4052","Symptom_Descriminator_Description":"ED full ED assessment and management capability","value":2},{"Symptom_Group_Code":"1152","Symptom_Group_Description":"Skin; Rash (6.4)","Symptom_Discriminator_Code":"4052","Symptom_Descriminator_Description":"ED full ED assessment and management capability","value":1},{"Symptom_Group_Code":"1164","Symptom_Group_Description":"Toe Injury; Blunt (6.4)","Symptom_Discriminator_Code":"4014","Symptom_Descriminator_Description":"ED constricting object; removal required","value":1},{"Symptom_Group_Code":"1172","Symptom_Group_Description":"Unwell; Under 1 Year Old (6.4)","Symptom_Discriminator_Code":"4052","Symptom_Descriminator_Description":"ED full ED assessment and management capability","value":2},{"Symptom_Group_Code":"1179","Symptom_Group_Description":"Vomiting (6.4)","Symptom_Discriminator_Code":"4052","Symptom_Descriminator_Description":"ED full ED assessment and management capability","value":1}],"supplyRead":[{"label":"","value":225}]},{"source":5,"target":6,"value":6,"fill":"#8DD3C7","dx":"A&E","supply":[{"label":"04 Hours","value":1},{"label":"05 Hours","value":1},{"label":"08 Hours","value":1},{"label":"11 Hours","value":1},{"label":"15 Hours","value":1},{"label":"16 Hours","value":1}],"supplyDx":[{"label":"1159£Symptoms without specific Pathway (6.4)£4003£PC full Primary Care assessment and prescribing capability","value":1}],"supplySG":[{"Symptom_Group_Code":"1039","Symptom_Group_Description":"Chest and Upper Back Pain (6.4)","Symptom_Discriminator_Code":"4052","Symptom_Descriminator_Description":"ED full ED assessment and management capability","value":2},{"Symptom_Group_Code":"1040","Symptom_Group_Description":"Chest or Upper Back Injury; Blunt (6.4)","Symptom_Discriminator_Code":"4052","Symptom_Descriminator_Description":"ED full ED assessment and management capability","value":1},{"Symptom_Group_Code":"1170","Symptom_Group_Description":"Toxic Ingestion/Inhalation/Overdose (6.4)","Symptom_Discriminator_Code":"4052","Symptom_Descriminator_Description":"ED full ED assessment and management capability","value":1},{"Symptom_Group_Code":"1175","Symptom_Group_Description":"Vaginal Bleeding; Pregnant (6.4)","Symptom_Discriminator_Code":"4052","Symptom_Descriminator_Description":"ED full ED assessment and management capability","value":1},{"Symptom_Group_Code":"1206","Symptom_Group_Description":"NHS Pathways in House Clinician","Symptom_Discriminator_Code":"4312","Symptom_Descriminator_Description":"ED extended ophthalmic assessment and prescribing capability (PEARS)","value":1}],"supplyRead":[{"label":"","value":30}]}]}