{"nodes":[{"layer":1,"name":"Pathways Non-Clinician","fill":"#9E0142","label":"Initial Skillset"},{"layer":1,"name":"Pathways Clinician","fill":"#9E0142","label":"Initial Skillset"},{"layer":1,"name":"Pathways GP","fill":"#9E0142","label":"Initial Skillset"},{"layer":2,"name":"Pathways Clinician","fill":"#F46D43","label":"Final Skillset"},{"layer":2,"name":"Pathways Non-Clinician","fill":"#F46D43","label":"Final Skillset"},{"layer":2,"name":"Pathways GP","fill":"#F46D43","label":"Final Skillset"},{"layer":3,"name":"Emergency Department (ED)","fill":"#FEE08B","label":"Service Type"},{"layer":3,"name":"","fill":"#FEE08B","label":"Service Type"}],"links":[{"source":0,"target":3,"value":11,"fill":"#8DD3C7","dx":"5.26 (Other Service)","supply":[{"label":"00 Hours","value":1},{"label":"01 Hours","value":1},{"label":"07 Hours","value":1},{"label":"11 Hours","value":1},{"label":"17 Hours","value":1},{"label":"18 Hours","value":1},{"label":"19 Hours","value":2},{"label":"21 Hours","value":3}],"supplyDx":[{"label":"Dx02: 5.24 (A&E)","value":11}],"supplySG":[{"Symptom_Group_Code":"1039","Symptom_Group_Description":"Chest and Upper Back Pain (6.4)","Symptom_Discriminator_Code":"4052","Symptom_Descriminator_Description":"ED full ED assessment and management capability","value":1},{"Symptom_Group_Code":"1064","Symptom_Group_Description":"Earache (6.4)","Symptom_Discriminator_Code":"4022","Symptom_Descriminator_Description":"ED foreign body; removal required","value":1},{"Symptom_Group_Code":"1084","Symptom_Group_Description":"Fever (6.4)","Symptom_Discriminator_Code":"4052","Symptom_Descriminator_Description":"ED full ED assessment and management capability","value":2},{"Symptom_Group_Code":"1137","Symptom_Group_Description":"Palpitations (6.4)","Symptom_Discriminator_Code":"4052","Symptom_Descriminator_Description":"ED full ED assessment and management capability","value":1},{"Symptom_Group_Code":"1147","Symptom_Group_Description":"Shoulder Pain (6.4)","Symptom_Discriminator_Code":"4052","Symptom_Descriminator_Description":"ED full ED assessment and management capability","value":1},{"Symptom_Group_Code":"1164","Symptom_Group_Description":"Toe Injury; Blunt (6.4)","Symptom_Discriminator_Code":"4014","Symptom_Descriminator_Description":"ED constricting object; removal required","value":1},{"Symptom_Group_Code":"1172","Symptom_Group_Description":"Unwell; Under 1 Year Old (6.4)","Symptom_Discriminator_Code":"4052","Symptom_Descriminator_Description":"ED full ED assessment and management capability","value":1},{"Symptom_Group_Code":"1206","Symptom_Group_Description":"NHS Pathways in House Clinician","Symptom_Discriminator_Code":"4312","Symptom_Descriminator_Description":"ED extended ophthalmic assessment and prescribing capability (PEARS)","value":3}],"supplyRead":[{"label":"","value":35}]},{"source":0,"target":3,"value":1,"fill":"#FB8072","dx":"5.25a (Contact Primary care)","supply":[{"label":"20 Hours","value":1}],"supplyDx":[{"label":"Dx108: 5.27c (Non Clinical)","value":1}],"supplySG":[{"Symptom_Group_Code":"1047","Symptom_Group_Description":"Cough (6.4)","Symptom_Discriminator_Code":"4052","Symptom_Descriminator_Description":"ED full ED assessment and management capability","value":1}],"supplyRead":[]},{"source":0,"target":5,"value":11,"fill":"#8DD3C7","dx":"5.26 (Other Service)","supply":[{"label":"07 Hours","value":1},{"label":"11 Hours","value":1},{"label":"13 Hours","value":1},{"label":"15 Hours","value":2},{"label":"17 Hours","value":1},{"label":"18 Hours","value":2},{"label":"19 Hours","value":3}],"supplyDx":[{"label":"Dx02: 5.24 (A&E)","value":9},{"label":"Dx108: 5.27c (Non Clinical)","value":1},{"label":"Dx25: 5.27b (Home Care)","value":1}],"supplySG":[{"Symptom_Group_Code":"1034","Symptom_Group_Description":"Breathing Problems; Breathlessness or Wheeze (6.4)","Symptom_Discriminator_Code":"4052","Symptom_Descriminator_Description":"ED full ED assessment and management capability","value":1},{"Symptom_Group_Code":"1047","Symptom_Group_Description":"Cough (6.4)","Symptom_Discriminator_Code":"4052","Symptom_Descriminator_Description":"ED full ED assessment and management capability","value":4},{"Symptom_Group_Code":"1084","Symptom_Group_Description":"Fever (6.4)","Symptom_Discriminator_Code":"4052","Symptom_Descriminator_Description":"ED full ED assessment and management capability","value":1},{"Symptom_Group_Code":"1101","Symptom_Group_Description":"Genital Problems (6.4)","Symptom_Discriminator_Code":"4052","Symptom_Descriminator_Description":"ED full ED assessment and management capability","value":1},{"Symptom_Group_Code":"1137","Symptom_Group_Description":"Palpitations (6.4)","Symptom_Discriminator_Code":"4052","Symptom_Descriminator_Description":"ED full ED assessment and management capability","value":1},{"Symptom_Group_Code":"1159","Symptom_Group_Description":"Symptoms without specific Pathway (6.4)","Symptom_Discriminator_Code":"4003","Symptom_Descriminator_Description":"PC full Primary Care assessment and prescribing capability","value":1},{"Symptom_Group_Code":"1206","Symptom_Group_Description":"NHS Pathways in House Clinician","Symptom_Discriminator_Code":"4312","Symptom_Descriminator_Description":"ED extended ophthalmic assessment and prescribing capability (PEARS)","value":2}],"supplyRead":[{"label":"","value":35}]},{"source":0,"target":6,"value":16,"fill":"#FFFFB3","dx":"5.24 (A&E)","supply":[{"label":"01 Hours","value":2},{"label":"03 Hours","value":2},{"label":"04 Hours","value":3},{"label":"06 Hours","value":1},{"label":"16 Hours","value":1},{"label":"18 Hours","value":1},{"label":"19 Hours","value":2},{"label":"20 Hours","value":1},{"label":"22 Hours","value":2},{"label":"23 Hours","value":1}],"supplyDx":[{"label":"Dx02: 5.24 (A&E)","value":14},{"label":"Dx03: 5.24 (A&E)","value":2}],"supplySG":[{"Symptom_Group_Code":"1039","Symptom_Group_Description":"Chest and Upper Back Pain (6.4)","Symptom_Discriminator_Code":"4052","Symptom_Descriminator_Description":"ED full ED assessment and management capability","value":5},{"Symptom_Group_Code":"1040","Symptom_Group_Description":"Chest or Upper Back Injury; Blunt (6.4)","Symptom_Discriminator_Code":"4052","Symptom_Descriminator_Description":"ED full ED assessment and management capability","value":1},{"Symptom_Group_Code":"1072","Symptom_Group_Description":"Eye; Painful (6.4)","Symptom_Discriminator_Code":"4312","Symptom_Descriminator_Description":"ED extended ophthalmic assessment and prescribing capability (PEARS)","value":1},{"Symptom_Group_Code":"1092","Symptom_Group_Description":"Foreign Body; Ingested or Inhaled (6.4)","Symptom_Discriminator_Code":"4052","Symptom_Descriminator_Description":"ED full ED assessment and management capability","value":1},{"Symptom_Group_Code":"1110","Symptom_Group_Description":"Head; Facial or Neck Injury; Blunt (6.4)","Symptom_Discriminator_Code":"4052","Symptom_Descriminator_Description":"ED full ED assessment and management capability","value":2},{"Symptom_Group_Code":"1131","Symptom_Group_Description":"Nosebleeds without injury (6.4)","Symptom_Discriminator_Code":"4022","Symptom_Descriminator_Description":"ED foreign body; removal required","value":3},{"Symptom_Group_Code":"1140","Symptom_Group_Description":"Predetermined Management Plan (6.4)","Symptom_Discriminator_Code":"4323","Symptom_Descriminator_Description":"CN Community Nurse","value":1},{"Symptom_Group_Code":"1145","Symptom_Group_Description":"Scratches and Grazes (6.4)","Symptom_Discriminator_Code":"4052","Symptom_Descriminator_Description":"ED full ED assessment and management capability","value":1},{"Symptom_Group_Code":"1172","Symptom_Group_Description":"Unwell; Under 1 Year Old (6.4)","Symptom_Discriminator_Code":"4052","Symptom_Descriminator_Description":"ED full ED assessment and management capability","value":1}],"supplyRead":[{"label":"","value":80}]},{"source":1,"target":6,"value":1,"fill":"#BEBADA","dx":"None","supply":[{"label":"07 Hours","value":1}],"supplyDx":[{"label":"Dx03: 5.24 (A&E)","value":1}],"supplySG":[{"Symptom_Group_Code":"1047","Symptom_Group_Description":"Cough (6.4)","Symptom_Discriminator_Code":"4052","Symptom_Descriminator_Description":"ED full ED assessment and management capability","value":1}],"supplyRead":[{"label":"","value":5}]},{"source":2,"target":7,"value":2,"fill":"#FB8072","dx":"5.25a (Contact Primary care)","supply":[{"label":"14 Hours","value":1},{"label":"23 Hours","value":1}],"supplyDx":[{"label":"Dx05: 5.25a (Contact Primary care)","value":2}],"supplySG":[{"Symptom_Group_Code":"1047","Symptom_Group_Description":"Cough (6.4)","Symptom_Discriminator_Code":"4052","Symptom_Descriminator_Description":"ED full ED assessment and management capability","value":1},{"Symptom_Group_Code":"1159","Symptom_Group_Description":"Symptoms without specific Pathway (6.4)","Symptom_Discriminator_Code":"4003","Symptom_Descriminator_Description":"PC full Primary Care assessment and prescribing capability","value":1}],"supplyRead":[{"label":"","value":10}]},{"source":2,"target":7,"value":1,"fill":"#FFFFB3","dx":"5.24 (A&E)","supply":[{"label":"10 Hours","value":1}],"supplyDx":[{"label":"Dx02: 5.24 (A&E)","value":1}],"supplySG":[{"Symptom_Group_Code":"1047","Symptom_Group_Description":"Cough (6.4)","Symptom_Discriminator_Code":"4052","Symptom_Descriminator_Description":"ED full ED assessment and management capability","value":1}],"supplyRead":[{"label":"","value":5}]},{"source":3,"target":6,"value":1,"fill":"#80B1D3","dx":"5.27c (Non Clinical)","supply":[{"label":"20 Hours","value":1}],"supplyDx":[{"label":"1159£Symptoms without specific Pathway (6.4)£4003£PC full Primary Care assessment and prescribing capability","value":1}],"supplySG":[{"Symptom_Group_Code":"1047","Symptom_Group_Description":"Cough (6.4)","Symptom_Discriminator_Code":"4052","Symptom_Descriminator_Description":"ED full ED assessment and management capability","value":1}],"supplyRead":[{"label":"","value":5}]},{"source":3,"target":6,"value":11,"fill":"#FFFFB3","dx":"5.24 (A&E)","supply":[{"label":"00 Hours","value":1},{"label":"01 Hours","value":1},{"label":"07 Hours","value":2},{"label":"11 Hours","value":1},{"label":"17 Hours","value":1},{"label":"18 Hours","value":1},{"label":"19 Hours","value":2},{"label":"21 Hours","value":3}],"supplyDx":[{"label":"1159£Symptoms without specific Pathway (6.4)£4003£PC full Primary Care assessment and prescribing capability","value":1}],"supplySG":[{"Symptom_Group_Code":"1039","Symptom_Group_Description":"Chest and Upper Back Pain (6.4)","Symptom_Discriminator_Code":"4052","Symptom_Descriminator_Description":"ED full ED assessment and management capability","value":1},{"Symptom_Group_Code":"1047","Symptom_Group_Description":"Cough (6.4)","Symptom_Discriminator_Code":"4052","Symptom_Descriminator_Description":"ED full ED assessment and management capability","value":1},{"Symptom_Group_Code":"1064","Symptom_Group_Description":"Earache (6.4)","Symptom_Discriminator_Code":"4022","Symptom_Descriminator_Description":"ED foreign body; removal required","value":1},{"Symptom_Group_Code":"1084","Symptom_Group_Description":"Fever (6.4)","Symptom_Discriminator_Code":"4052","Symptom_Descriminator_Description":"ED full ED assessment and management capability","value":2},{"Symptom_Group_Code":"1137","Symptom_Group_Description":"Palpitations (6.4)","Symptom_Discriminator_Code":"4052","Symptom_Descriminator_Description":"ED full ED assessment and management capability","value":1},{"Symptom_Group_Code":"1147","Symptom_Group_Description":"Shoulder Pain (6.4)","Symptom_Discriminator_Code":"4052","Symptom_Descriminator_Description":"ED full ED assessment and management capability","value":1},{"Symptom_Group_Code":"1164","Symptom_Group_Description":"Toe Injury; Blunt (6.4)","Symptom_Discriminator_Code":"4014","Symptom_Descriminator_Description":"ED constricting object; removal required","value":1},{"Symptom_Group_Code":"1172","Symptom_Group_Description":"Unwell; Under 1 Year Old (6.4)","Symptom_Discriminator_Code":"4052","Symptom_Descriminator_Description":"ED full ED assessment and management capability","value":1},{"Symptom_Group_Code":"1206","Symptom_Group_Description":"NHS Pathways in House Clinician","Symptom_Discriminator_Code":"4312","Symptom_Descriminator_Description":"ED extended ophthalmic assessment and prescribing capability (PEARS)","value":3}],"supplyRead":[{"label":"","value":60}]},{"source":5,"target":6,"value":8,"fill":"#FFFFB3","dx":"5.24 (A&E)","supply":[{"label":"07 Hours","value":1},{"label":"13 Hours","value":1},{"label":"15 Hours","value":1},{"label":"17 Hours","value":1},{"label":"18 Hours","value":2},{"label":"19 Hours","value":2}],"supplyDx":[{"label":"1159£Symptoms without specific Pathway (6.4)£4003£PC full Primary Care assessment and prescribing capability","value":1}],"supplySG":[{"Symptom_Group_Code":"1034","Symptom_Group_Description":"Breathing Problems; Breathlessness or Wheeze (6.4)","Symptom_Discriminator_Code":"4052","Symptom_Descriminator_Description":"ED full ED assessment and management capability","value":1},{"Symptom_Group_Code":"1047","Symptom_Group_Description":"Cough (6.4)","Symptom_Discriminator_Code":"4052","Symptom_Descriminator_Description":"ED full ED assessment and management capability","value":4},{"Symptom_Group_Code":"1101","Symptom_Group_Description":"Genital Problems (6.4)","Symptom_Discriminator_Code":"4052","Symptom_Descriminator_Description":"ED full ED assessment and management capability","value":1},{"Symptom_Group_Code":"1137","Symptom_Group_Description":"Palpitations (6.4)","Symptom_Discriminator_Code":"4052","Symptom_Descriminator_Description":"ED full ED assessment and management capability","value":1},{"Symptom_Group_Code":"1159","Symptom_Group_Description":"Symptoms without specific Pathway (6.4)","Symptom_Discriminator_Code":"4003","Symptom_Descriminator_Description":"PC full Primary Care assessment and prescribing capability","value":1}],"supplyRead":[{"label":"","value":38},{"label":"H06z1","value":1},{"label":"Hz...","value":1}]},{"source":5,"target":7,"value":1,"fill":"#80B1D3","dx":"5.27c (Non Clinical)","supply":[{"label":"11 Hours","value":1}],"supplyDx":[{"label":"1159£Symptoms without specific Pathway (6.4)£4003£PC full Primary Care assessment and prescribing capability","value":1}],"supplySG":[{"Symptom_Group_Code":"1206","Symptom_Group_Description":"NHS Pathways in House Clinician","Symptom_Discriminator_Code":"4312","Symptom_Descriminator_Description":"ED extended ophthalmic assessment and prescribing capability (PEARS)","value":1}],"supplyRead":[{"label":"","value":5}]},{"source":5,"target":7,"value":1,"fill":"#FDB462","dx":"5.27b (Home Care)","supply":[{"label":"19 Hours","value":1}],"supplyDx":[{"label":"1159£Symptoms without specific Pathway (6.4)£4003£PC full Primary Care assessment and prescribing capability","value":1}],"supplySG":[{"Symptom_Group_Code":"1206","Symptom_Group_Description":"NHS Pathways in House Clinician","Symptom_Discriminator_Code":"4312","Symptom_Descriminator_Description":"ED extended ophthalmic assessment and prescribing capability (PEARS)","value":1}],"supplyRead":[{"label":"","value":4},{"label":"H05z.","value":1}]},{"source":5,"target":7,"value":1,"fill":"#FFFFB3","dx":"5.24 (A&E)","supply":[{"label":"10 Hours","value":1},{"label":"15 Hours","value":1}],"supplyDx":[{"label":"1159£Symptoms without specific Pathway (6.4)£4003£PC full Primary Care assessment and prescribing capability","value":1}],"supplySG":[{"Symptom_Group_Code":"1047","Symptom_Group_Description":"Cough (6.4)","Symptom_Discriminator_Code":"4052","Symptom_Descriminator_Description":"ED full ED assessment and management capability","value":1},{"Symptom_Group_Code":"1084","Symptom_Group_Description":"Fever (6.4)","Symptom_Discriminator_Code":"4052","Symptom_Descriminator_Description":"ED full ED assessment and management capability","value":1}],"supplyRead":[{"label":"","value":10}]}]}