{"nodes":[{"layer":1,"name":"Pathways Non-Clinician","fill":"#9E0142","label":"Initial Skillset"},{"layer":1,"name":"Pathways GP","fill":"#9E0142","label":"Initial Skillset"},{"layer":2,"name":"Pathways Non-Clinician","fill":"#F46D43","label":"Final Skillset"},{"layer":2,"name":"Pathways GP","fill":"#F46D43","label":"Final Skillset"},{"layer":2,"name":"Pathways Clinician","fill":"#F46D43","label":"Final Skillset"},{"layer":2,"name":"OLC Clinician (Advice)","fill":"#F46D43","label":"Final Skillset"},{"layer":3,"name":"Emergency Department (ED)","fill":"#FEE08B","label":"Service Type"},{"layer":3,"name":"","fill":"#FEE08B","label":"Service Type"},{"layer":3,"name":"UCC","fill":"#FEE08B","label":"Service Type"},{"layer":3,"name":"Eye Casualty","fill":"#FEE08B","label":"Service Type"},{"layer":3,"name":"Urgent Treatment Centre (UTC)","fill":"#FEE08B","label":"Service Type"},{"layer":3,"name":"Integrated Urgent Care (IUC) Clinical Assessment Service (CAS)","fill":"#FEE08B","label":"Service Type"}],"links":[{"source":0,"target":3,"value":8,"fill":"#BEBADA","dx":"Contact Primary care","supply":[{"label":"08 Hours","value":1},{"label":"11 Hours","value":1},{"label":"13 Hours","value":1},{"label":"16 Hours","value":2},{"label":"17 Hours","value":1},{"label":"20 Hours","value":2}],"supplyDx":[{"label":"Dx02: 5.24 (A&E)","value":4},{"label":"Dx03: 5.24 (A&E)","value":1},{"label":"Dx06: 5.25a (Contact Primary care)","value":2},{"label":"Dx12: 5.25b (Speak to Primary care)","value":1}],"supplySG":[{"Symptom_Group_Code":"1034","Symptom_Group_Description":"Breathing Problems; Breathlessness or Wheeze (6.4)","Symptom_Discriminator_Code":"4052","Symptom_Descriminator_Description":"ED full ED assessment and management capability","value":1},{"Symptom_Group_Code":"1080","Symptom_Group_Description":"Face; Neck Pain or Swelling (6.4)","Symptom_Discriminator_Code":"4134","Symptom_Descriminator_Description":"ED full ophthalmic ED assessment and management capability","value":1},{"Symptom_Group_Code":"1084","Symptom_Group_Description":"Fever (6.4)","Symptom_Discriminator_Code":"4052","Symptom_Descriminator_Description":"ED full ED assessment and management capability","value":2},{"Symptom_Group_Code":"1119","Symptom_Group_Description":"Leg Injury; Blunt (6.4)","Symptom_Discriminator_Code":"4052","Symptom_Descriminator_Description":"ED full ED assessment and management capability","value":1},{"Symptom_Group_Code":"NA","Symptom_Group_Description":"NA","Symptom_Discriminator_Code":"NA","Symptom_Descriminator_Description":"NA","value":3}],"supplyRead":[{"label":"","value":10}]},{"source":0,"target":3,"value":14,"fill":"#FB8072","dx":"Other Service","supply":[{"label":"14 Hours","value":1},{"label":"15 Hours","value":1},{"label":"16 Hours","value":3},{"label":"17 Hours","value":2},{"label":"18 Hours","value":5},{"label":"23 Hours","value":2}],"supplyDx":[{"label":"Dx02: 5.24 (A&E)","value":10},{"label":"Dx03: 5.24 (A&E)","value":1},{"label":"Dx05: 5.25a (Contact Primary care)","value":1},{"label":"Dx06: 5.25a (Contact Primary care)","value":1},{"label":"Dx118: 5.25d (Dental)","value":1}],"supplySG":[{"Symptom_Group_Code":"1004","Symptom_Group_Description":"Abdominal Pain (6.4)","Symptom_Discriminator_Code":"4052","Symptom_Descriminator_Description":"ED full ED assessment and management capability","value":1},{"Symptom_Group_Code":"1034","Symptom_Group_Description":"Breathing Problems; Breathlessness or Wheeze (6.4)","Symptom_Discriminator_Code":"4052","Symptom_Descriminator_Description":"ED full ED assessment and management capability","value":1},{"Symptom_Group_Code":"1036","Symptom_Group_Description":"Bringing Up Blood (6.4)","Symptom_Discriminator_Code":"4052","Symptom_Descriminator_Description":"ED full ED assessment and management capability","value":2},{"Symptom_Group_Code":"1059","Symptom_Group_Description":"Dizziness or Vertigo (6.4)","Symptom_Discriminator_Code":"4052","Symptom_Descriminator_Description":"ED full ED assessment and management capability","value":1},{"Symptom_Group_Code":"1068","Symptom_Group_Description":"Eye Injury; Blunt (6.4)","Symptom_Discriminator_Code":"4052","Symptom_Descriminator_Description":"ED full ED assessment and management capability","value":1},{"Symptom_Group_Code":"1101","Symptom_Group_Description":"Genital Problems (6.4)","Symptom_Discriminator_Code":"4052","Symptom_Descriminator_Description":"ED full ED assessment and management capability","value":1},{"Symptom_Group_Code":"1110","Symptom_Group_Description":"Head; Facial or Neck Injury; Blunt (6.4)","Symptom_Discriminator_Code":"4052","Symptom_Descriminator_Description":"ED full ED assessment and management capability","value":1},{"Symptom_Group_Code":"1128","Symptom_Group_Description":"Lower Limb Pain or Swelling (6.4)","Symptom_Discriminator_Code":"4052","Symptom_Descriminator_Description":"ED full ED assessment and management capability","value":2},{"Symptom_Group_Code":"1174","Symptom_Group_Description":"Vaginal Bleeding (6.4)","Symptom_Discriminator_Code":"4052","Symptom_Descriminator_Description":"ED full ED assessment and management capability","value":3},{"Symptom_Group_Code":"NA","Symptom_Group_Description":"NA","Symptom_Discriminator_Code":"NA","Symptom_Descriminator_Description":"NA","value":1}],"supplyRead":[{"label":"","value":55}]},{"source":0,"target":3,"value":2,"fill":"#FDB462","dx":"Speak to Primary care","supply":[{"label":"12 Hours","value":1},{"label":"15 Hours","value":1}],"supplyDx":[{"label":"Dx02: 5.24 (A&E)","value":1},{"label":"Dx03: 5.24 (A&E)","value":1}],"supplySG":[{"Symptom_Group_Code":"1084","Symptom_Group_Description":"Fever (6.4)","Symptom_Discriminator_Code":"4052","Symptom_Descriminator_Description":"ED full ED assessment and management capability","value":1},{"Symptom_Group_Code":"NA","Symptom_Group_Description":"NA","Symptom_Discriminator_Code":"NA","Symptom_Descriminator_Description":"NA","value":1}],"supplyRead":[{"label":"","value":5}]},{"source":0,"target":3,"value":1,"fill":"#FFFFB3","dx":"Non Clinical","supply":[{"label":"03 Hours","value":1}],"supplyDx":[{"label":"Dx02: 5.24 (A&E)","value":1}],"supplySG":[{"Symptom_Group_Code":"1159","Symptom_Group_Description":"Symptoms without specific Pathway (6.4)","Symptom_Discriminator_Code":"4003","Symptom_Descriminator_Description":"PC full Primary Care assessment and prescribing capability","value":1}],"supplyRead":[]},{"source":0,"target":4,"value":1,"fill":"#80B1D3","dx":"Health Information","supply":[{"label":"11 Hours","value":1}],"supplyDx":[{"label":"Dx92: 5.24 (A&E)","value":1}],"supplySG":[{"Symptom_Group_Code":"1186","Symptom_Group_Description":"Worsening known Mental health problem (6.5)","Symptom_Discriminator_Code":"4208","Symptom_Descriminator_Description":"ED mania/hypomania","value":1}],"supplyRead":[{"label":"","value":5}]},{"source":0,"target":4,"value":2,"fill":"#BEBADA","dx":"Contact Primary care","supply":[{"label":"05 Hours","value":1},{"label":"08 Hours","value":1}],"supplyDx":[{"label":"Dx02: 5.24 (A&E)","value":2}],"supplySG":[{"Symptom_Group_Code":"1018","Symptom_Group_Description":"Behaviour Change (6.4)","Symptom_Discriminator_Code":"4245","Symptom_Descriminator_Description":"ED suicidal; no means nor plan","value":1},{"Symptom_Group_Code":"1206","Symptom_Group_Description":"NHS Pathways in House Clinician","Symptom_Discriminator_Code":"4312","Symptom_Descriminator_Description":"ED extended ophthalmic assessment and prescribing capability (PEARS)","value":1}],"supplyRead":[{"label":"","value":10}]},{"source":0,"target":4,"value":13,"fill":"#FB8072","dx":"Other Service","supply":[{"label":"06 Hours","value":1},{"label":"07 Hours","value":1},{"label":"10 Hours","value":1},{"label":"13 Hours","value":1},{"label":"16 Hours","value":2},{"label":"17 Hours","value":1},{"label":"18 Hours","value":1},{"label":"19 Hours","value":1},{"label":"22 Hours","value":3},{"label":"23 Hours","value":1}],"supplyDx":[{"label":"Dx02: 5.24 (A&E)","value":12},{"label":"Dx03: 5.24 (A&E)","value":1}],"supplySG":[{"Symptom_Group_Code":"1039","Symptom_Group_Description":"Chest and Upper Back Pain (6.4)","Symptom_Discriminator_Code":"4052","Symptom_Descriminator_Description":"ED full ED assessment and management capability","value":3},{"Symptom_Group_Code":"1040","Symptom_Group_Description":"Chest or Upper Back Injury; Blunt (6.4)","Symptom_Discriminator_Code":"4052","Symptom_Descriminator_Description":"ED full ED assessment and management capability","value":1},{"Symptom_Group_Code":"1076","Symptom_Group_Description":"Eye; Visual Loss or Disturbance (6.4)","Symptom_Discriminator_Code":"4312","Symptom_Descriminator_Description":"ED extended ophthalmic assessment and prescribing capability (PEARS)","value":1},{"Symptom_Group_Code":"1084","Symptom_Group_Description":"Fever (6.4)","Symptom_Discriminator_Code":"4052","Symptom_Descriminator_Description":"ED full ED assessment and management capability","value":1},{"Symptom_Group_Code":"1088","Symptom_Group_Description":"Fits Within the Last 12 Hours (6.4)","Symptom_Discriminator_Code":"4052","Symptom_Descriminator_Description":"ED full ED assessment and management capability","value":1},{"Symptom_Group_Code":"1170","Symptom_Group_Description":"Toxic Ingestion/Inhalation/Overdose (6.4)","Symptom_Discriminator_Code":"4052","Symptom_Descriminator_Description":"ED full ED assessment and management capability","value":2},{"Symptom_Group_Code":"1172","Symptom_Group_Description":"Unwell; Under 1 Year Old (6.4)","Symptom_Discriminator_Code":"4052","Symptom_Descriminator_Description":"ED full ED assessment and management capability","value":1},{"Symptom_Group_Code":"1206","Symptom_Group_Description":"NHS Pathways in House Clinician","Symptom_Discriminator_Code":"4312","Symptom_Descriminator_Description":"ED extended ophthalmic assessment and prescribing capability (PEARS)","value":3}],"supplyRead":[{"label":"","value":55}]},{"source":0,"target":5,"value":2,"fill":"#FB8072","dx":"Other Service","supply":[{"label":"07 Hours","value":1},{"label":"14 Hours","value":1}],"supplyDx":[{"label":"Dx02: 5.24 (A&E)","value":2}],"supplySG":[{"Symptom_Group_Code":"1039","Symptom_Group_Description":"Chest and Upper Back Pain (6.4)","Symptom_Discriminator_Code":"4052","Symptom_Descriminator_Description":"ED full ED assessment and management capability","value":1},{"Symptom_Group_Code":"1206","Symptom_Group_Description":"NHS Pathways in House Clinician","Symptom_Discriminator_Code":"4312","Symptom_Descriminator_Description":"ED extended ophthalmic assessment and prescribing capability (PEARS)","value":1}],"supplyRead":[{"label":"","value":55}]},{"source":0,"target":6,"value":24,"fill":"#8DD3C7","dx":"A&E","supply":[{"label":"02 Hours","value":1},{"label":"05 Hours","value":1},{"label":"06 Hours","value":2},{"label":"07 Hours","value":2},{"label":"08 Hours","value":1},{"label":"09 Hours","value":1},{"label":"11 Hours","value":3},{"label":"12 Hours","value":1},{"label":"13 Hours","value":1},{"label":"15 Hours","value":2},{"label":"16 Hours","value":1},{"label":"17 Hours","value":1},{"label":"18 Hours","value":1},{"label":"19 Hours","value":2},{"label":"20 Hours","value":1},{"label":"21 Hours","value":1},{"label":"22 Hours","value":2}],"supplyDx":[{"label":"Dx02: 5.24 (A&E)","value":18},{"label":"Dx03: 5.24 (A&E)","value":5},{"label":"Dx92: 5.24 (A&E)","value":1}],"supplySG":[{"Symptom_Group_Code":"1000","Symptom_Group_Description":"Abdominal or Flank Injury; Blunt (6.4)","Symptom_Discriminator_Code":"4052","Symptom_Descriminator_Description":"ED full ED assessment and management capability","value":1},{"Symptom_Group_Code":"1004","Symptom_Group_Description":"Abdominal Pain (6.4)","Symptom_Discriminator_Code":"4052","Symptom_Descriminator_Description":"ED full ED assessment and management capability","value":1},{"Symptom_Group_Code":"1018","Symptom_Group_Description":"Behaviour Change (6.4)","Symptom_Discriminator_Code":"4245","Symptom_Descriminator_Description":"ED suicidal; no means nor plan","value":2},{"Symptom_Group_Code":"1038","Symptom_Group_Description":"Burn; Thermal (6.4)","Symptom_Discriminator_Code":"4052","Symptom_Descriminator_Description":"ED full ED assessment and management capability","value":3},{"Symptom_Group_Code":"1039","Symptom_Group_Description":"Chest and Upper Back Pain (6.4)","Symptom_Discriminator_Code":"4052","Symptom_Descriminator_Description":"ED full ED assessment and management capability","value":3},{"Symptom_Group_Code":"1057","Symptom_Group_Description":"Difficulty Passing Urine (6.4)","Symptom_Discriminator_Code":"4003","Symptom_Descriminator_Description":"PC full Primary Care assessment and prescribing capability","value":1},{"Symptom_Group_Code":"1071","Symptom_Group_Description":"Eye Splash Injury or Minor Foreign Body (6.4)","Symptom_Discriminator_Code":"4312","Symptom_Descriminator_Description":"ED extended ophthalmic assessment and prescribing capability (PEARS)","value":1},{"Symptom_Group_Code":"1085","Symptom_Group_Description":"Finger or Thumb Injury; Blunt (6.4)","Symptom_Discriminator_Code":"4014","Symptom_Descriminator_Description":"ED constricting object; removal required","value":1},{"Symptom_Group_Code":"1110","Symptom_Group_Description":"Head; Facial or Neck Injury; Blunt (6.4)","Symptom_Discriminator_Code":"4052","Symptom_Descriminator_Description":"ED full ED assessment and management capability","value":1},{"Symptom_Group_Code":"1119","Symptom_Group_Description":"Leg Injury; Blunt (6.4)","Symptom_Discriminator_Code":"4052","Symptom_Descriminator_Description":"ED full ED assessment and management capability","value":1},{"Symptom_Group_Code":"1120","Symptom_Group_Description":"Leg Injury; Penetrating (6.4)","Symptom_Discriminator_Code":"4052","Symptom_Descriminator_Description":"ED full ED assessment and management capability","value":1},{"Symptom_Group_Code":"1137","Symptom_Group_Description":"Palpitations (6.4)","Symptom_Discriminator_Code":"4052","Symptom_Descriminator_Description":"ED full ED assessment and management capability","value":2},{"Symptom_Group_Code":"1140","Symptom_Group_Description":"Predetermined Management Plan (6.4)","Symptom_Discriminator_Code":"4323","Symptom_Descriminator_Description":"CN Community Nurse","value":2},{"Symptom_Group_Code":"1172","Symptom_Group_Description":"Unwell; Under 1 Year Old (6.4)","Symptom_Discriminator_Code":"4052","Symptom_Descriminator_Description":"ED full ED assessment and management capability","value":2},{"Symptom_Group_Code":"1179","Symptom_Group_Description":"Vomiting (6.4)","Symptom_Discriminator_Code":"4052","Symptom_Descriminator_Description":"ED full ED assessment and management capability","value":1},{"Symptom_Group_Code":"1186","Symptom_Group_Description":"Worsening known Mental health problem (6.5)","Symptom_Discriminator_Code":"4208","Symptom_Descriminator_Description":"ED mania/hypomania","value":1}],"supplyRead":[{"label":"","value":120}]},{"source":0,"target":9,"value":1,"fill":"#8DD3C7","dx":"A&E","supply":[{"label":"12 Hours","value":1}],"supplyDx":[{"label":"Dx02: 5.24 (A&E)","value":1}],"supplySG":[{"Symptom_Group_Code":"1076","Symptom_Group_Description":"Eye; Visual Loss or Disturbance (6.4)","Symptom_Discriminator_Code":"4312","Symptom_Descriminator_Description":"ED extended ophthalmic assessment and prescribing capability (PEARS)","value":1}],"supplyRead":[{"label":"","value":5}]},{"source":1,"target":11,"value":1,"fill":"#BEBADA","dx":"Contact Primary care","supply":[{"label":"23 Hours","value":1}],"supplyDx":[{"label":"Dx05: 5.25a (Contact Primary care)","value":1}],"supplySG":[{"Symptom_Group_Code":"1162","Symptom_Group_Description":"Tiredness (Fatigue) (6.4)","Symptom_Discriminator_Code":"4179","Symptom_Descriminator_Description":"PC anxiety/panic","value":1}],"supplyRead":[{"label":"","value":5}]},{"source":3,"target":6,"value":16,"fill":"#8DD3C7","dx":"A&E","supply":[{"label":"08 Hours","value":1},{"label":"14 Hours","value":1},{"label":"15 Hours","value":1},{"label":"16 Hours","value":4},{"label":"17 Hours","value":2},{"label":"18 Hours","value":3},{"label":"20 Hours","value":2},{"label":"23 Hours","value":2}],"supplyDx":[{"label":"1159£Symptoms without specific Pathway (6.4)£4003£PC full Primary Care assessment and prescribing capability","value":1}],"supplySG":[{"Symptom_Group_Code":"1004","Symptom_Group_Description":"Abdominal Pain (6.4)","Symptom_Discriminator_Code":"4052","Symptom_Descriminator_Description":"ED full ED assessment and management capability","value":1},{"Symptom_Group_Code":"1034","Symptom_Group_Description":"Breathing Problems; Breathlessness or Wheeze (6.4)","Symptom_Discriminator_Code":"4052","Symptom_Descriminator_Description":"ED full ED assessment and management capability","value":1},{"Symptom_Group_Code":"1036","Symptom_Group_Description":"Bringing Up Blood (6.4)","Symptom_Discriminator_Code":"4052","Symptom_Descriminator_Description":"ED full ED assessment and management capability","value":1},{"Symptom_Group_Code":"1068","Symptom_Group_Description":"Eye Injury; Blunt (6.4)","Symptom_Discriminator_Code":"4052","Symptom_Descriminator_Description":"ED full ED assessment and management capability","value":1},{"Symptom_Group_Code":"1080","Symptom_Group_Description":"Face; Neck Pain or Swelling (6.4)","Symptom_Discriminator_Code":"4134","Symptom_Descriminator_Description":"ED full ophthalmic ED assessment and management capability","value":1},{"Symptom_Group_Code":"1084","Symptom_Group_Description":"Fever (6.4)","Symptom_Discriminator_Code":"4052","Symptom_Descriminator_Description":"ED full ED assessment and management capability","value":1},{"Symptom_Group_Code":"1101","Symptom_Group_Description":"Genital Problems (6.4)","Symptom_Discriminator_Code":"4052","Symptom_Descriminator_Description":"ED full ED assessment and management capability","value":1},{"Symptom_Group_Code":"1110","Symptom_Group_Description":"Head; Facial or Neck Injury; Blunt (6.4)","Symptom_Discriminator_Code":"4052","Symptom_Descriminator_Description":"ED full ED assessment and management capability","value":1},{"Symptom_Group_Code":"1119","Symptom_Group_Description":"Leg Injury; Blunt (6.4)","Symptom_Discriminator_Code":"4052","Symptom_Descriminator_Description":"ED full ED assessment and management capability","value":1},{"Symptom_Group_Code":"1128","Symptom_Group_Description":"Lower Limb Pain or Swelling (6.4)","Symptom_Discriminator_Code":"4052","Symptom_Descriminator_Description":"ED full ED assessment and management capability","value":1},{"Symptom_Group_Code":"1174","Symptom_Group_Description":"Vaginal Bleeding (6.4)","Symptom_Discriminator_Code":"4052","Symptom_Descriminator_Description":"ED full ED assessment and management capability","value":3},{"Symptom_Group_Code":"NA","Symptom_Group_Description":"NA","Symptom_Discriminator_Code":"NA","Symptom_Descriminator_Description":"NA","value":3}],"supplyRead":[{"label":"","value":77},{"label":"1M10.","value":1},{"label":"N094.","value":1},{"label":"N095.","value":1}]},{"source":3,"target":6,"value":1,"fill":"#B3DE69","dx":"Dental","supply":[{"label":"17 Hours","value":1}],"supplyDx":[{"label":"1159£Symptoms without specific Pathway (6.4)£4003£PC full Primary Care assessment and prescribing capability","value":1}],"supplySG":[{"Symptom_Group_Code":"NA","Symptom_Group_Description":"NA","Symptom_Discriminator_Code":"NA","Symptom_Descriminator_Description":"NA","value":1}],"supplyRead":[{"label":"","value":5}]},{"source":3,"target":7,"value":2,"fill":"#8DD3C7","dx":"A&E","supply":[{"label":"03 Hours","value":1},{"label":"18 Hours","value":1}],"supplyDx":[{"label":"1159£Symptoms without specific Pathway (6.4)£4003£PC full Primary Care assessment and prescribing capability","value":1}],"supplySG":[{"Symptom_Group_Code":"1128","Symptom_Group_Description":"Lower Limb Pain or Swelling (6.4)","Symptom_Discriminator_Code":"4052","Symptom_Descriminator_Description":"ED full ED assessment and management capability","value":1},{"Symptom_Group_Code":"1159","Symptom_Group_Description":"Symptoms without specific Pathway (6.4)","Symptom_Discriminator_Code":"4003","Symptom_Descriminator_Description":"PC full Primary Care assessment and prescribing capability","value":1}],"supplyRead":[{"label":"","value":10}]},{"source":3,"target":7,"value":1,"fill":"#FDB462","dx":"Speak to Primary care","supply":[{"label":"16 Hours","value":1}],"supplyDx":[{"label":"1159£Symptoms without specific Pathway (6.4)£4003£PC full Primary Care assessment and prescribing capability","value":1}],"supplySG":[{"Symptom_Group_Code":"1084","Symptom_Group_Description":"Fever (6.4)","Symptom_Discriminator_Code":"4052","Symptom_Descriminator_Description":"ED full ED assessment and management capability","value":1}],"supplyRead":[{"label":"","value":5}]},{"source":3,"target":8,"value":1,"fill":"#8DD3C7","dx":"A&E","supply":[{"label":"12 Hours","value":1}],"supplyDx":[{"label":"1159£Symptoms without specific Pathway (6.4)£4003£PC full Primary Care assessment and prescribing capability","value":1}],"supplySG":[{"Symptom_Group_Code":"1084","Symptom_Group_Description":"Fever (6.4)","Symptom_Discriminator_Code":"4052","Symptom_Descriminator_Description":"ED full ED assessment and management capability","value":1}],"supplyRead":[{"label":"","value":5}]},{"source":3,"target":8,"value":3,"fill":"#BEBADA","dx":"Contact Primary care","supply":[{"label":"11 Hours","value":1},{"label":"13 Hours","value":1},{"label":"15 Hours","value":1}],"supplyDx":[{"label":"1159£Symptoms without specific Pathway (6.4)£4003£PC full Primary Care assessment and prescribing capability","value":1}],"supplySG":[{"Symptom_Group_Code":"1034","Symptom_Group_Description":"Breathing Problems; Breathlessness or Wheeze (6.4)","Symptom_Discriminator_Code":"4052","Symptom_Descriminator_Description":"ED full ED assessment and management capability","value":1},{"Symptom_Group_Code":"1059","Symptom_Group_Description":"Dizziness or Vertigo (6.4)","Symptom_Discriminator_Code":"4052","Symptom_Descriminator_Description":"ED full ED assessment and management capability","value":1},{"Symptom_Group_Code":"NA","Symptom_Group_Description":"NA","Symptom_Discriminator_Code":"NA","Symptom_Descriminator_Description":"NA","value":1}],"supplyRead":[{"label":"","value":13},{"label":"M0...","value":1},{"label":"R065.","value":1}]},{"source":3,"target":10,"value":1,"fill":"#BEBADA","dx":"Contact Primary care","supply":[{"label":"18 Hours","value":1}],"supplyDx":[{"label":"1159£Symptoms without specific Pathway (6.4)£4003£PC full Primary Care assessment and prescribing capability","value":1}],"supplySG":[{"Symptom_Group_Code":"1036","Symptom_Group_Description":"Bringing Up Blood (6.4)","Symptom_Discriminator_Code":"4052","Symptom_Descriminator_Description":"ED full ED assessment and management capability","value":1}],"supplyRead":[{"label":"","value":5}]},{"source":4,"target":6,"value":16,"fill":"#8DD3C7","dx":"A&E","supply":[{"label":"05 Hours","value":1},{"label":"06 Hours","value":1},{"label":"07 Hours","value":1},{"label":"08 Hours","value":1},{"label":"10 Hours","value":1},{"label":"11 Hours","value":1},{"label":"13 Hours","value":1},{"label":"16 Hours","value":2},{"label":"17 Hours","value":1},{"label":"18 Hours","value":1},{"label":"19 Hours","value":1},{"label":"22 Hours","value":3},{"label":"23 Hours","value":1}],"supplyDx":[{"label":"1159£Symptoms without specific Pathway (6.4)£4003£PC full Primary Care assessment and prescribing capability","value":1}],"supplySG":[{"Symptom_Group_Code":"1018","Symptom_Group_Description":"Behaviour Change (6.4)","Symptom_Discriminator_Code":"4245","Symptom_Descriminator_Description":"ED suicidal; no means nor plan","value":1},{"Symptom_Group_Code":"1039","Symptom_Group_Description":"Chest and Upper Back Pain (6.4)","Symptom_Discriminator_Code":"4052","Symptom_Descriminator_Description":"ED full ED assessment and management capability","value":3},{"Symptom_Group_Code":"1040","Symptom_Group_Description":"Chest or Upper Back Injury; Blunt (6.4)","Symptom_Discriminator_Code":"4052","Symptom_Descriminator_Description":"ED full ED assessment and management capability","value":1},{"Symptom_Group_Code":"1076","Symptom_Group_Description":"Eye; Visual Loss or Disturbance (6.4)","Symptom_Discriminator_Code":"4312","Symptom_Descriminator_Description":"ED extended ophthalmic assessment and prescribing capability (PEARS)","value":1},{"Symptom_Group_Code":"1084","Symptom_Group_Description":"Fever (6.4)","Symptom_Discriminator_Code":"4052","Symptom_Descriminator_Description":"ED full ED assessment and management capability","value":1},{"Symptom_Group_Code":"1088","Symptom_Group_Description":"Fits Within the Last 12 Hours (6.4)","Symptom_Discriminator_Code":"4052","Symptom_Descriminator_Description":"ED full ED assessment and management capability","value":1},{"Symptom_Group_Code":"1170","Symptom_Group_Description":"Toxic Ingestion/Inhalation/Overdose (6.4)","Symptom_Discriminator_Code":"4052","Symptom_Descriminator_Description":"ED full ED assessment and management capability","value":2},{"Symptom_Group_Code":"1172","Symptom_Group_Description":"Unwell; Under 1 Year Old (6.4)","Symptom_Discriminator_Code":"4052","Symptom_Descriminator_Description":"ED full ED assessment and management capability","value":1},{"Symptom_Group_Code":"1186","Symptom_Group_Description":"Worsening known Mental health problem (6.5)","Symptom_Discriminator_Code":"4208","Symptom_Descriminator_Description":"ED mania/hypomania","value":1},{"Symptom_Group_Code":"1206","Symptom_Group_Description":"NHS Pathways in House Clinician","Symptom_Discriminator_Code":"4312","Symptom_Descriminator_Description":"ED extended ophthalmic assessment and prescribing capability (PEARS)","value":4}],"supplyRead":[{"label":"","value":80}]},{"source":5,"target":6,"value":2,"fill":"#8DD3C7","dx":"A&E","supply":[{"label":"07 Hours","value":1},{"label":"14 Hours","value":1}],"supplyDx":[{"label":"1159£Symptoms without specific Pathway (6.4)£4003£PC full Primary Care assessment and prescribing capability","value":1}],"supplySG":[{"Symptom_Group_Code":"1039","Symptom_Group_Description":"Chest and Upper Back Pain (6.4)","Symptom_Discriminator_Code":"4052","Symptom_Descriminator_Description":"ED full ED assessment and management capability","value":1},{"Symptom_Group_Code":"1206","Symptom_Group_Description":"NHS Pathways in House Clinician","Symptom_Discriminator_Code":"4312","Symptom_Descriminator_Description":"ED extended ophthalmic assessment and prescribing capability (PEARS)","value":1}],"supplyRead":[{"label":"","value":10}]}]}